{"47834039":{"collectionid":12228,"pageid":174606,"taxonConceptId":47834039,"taxonName":"Belenois gidica (Godart, [1819])","textDesc":"","flathierarchy":[{"sourceIdentifier":"6106877","taxonID":47834039,"parentNameUsageID":47834028,"taxonConceptID":174606,"scientificName":"Belenois gidica (Godart, [1819])","taxonRank":"Species","type":"leaf"}],"preferredCommonNames":false,"commonNames":[],"image":""},"47772970":{"collectionid":12228,"pageid":2756602,"taxonConceptId":47772970,"taxonName":"Euglossa viridissima","textDesc":{"objectId":"f692f78571aa2c17baca9c743522fcf9","identifier":"f692f78571aa2c17baca9c743522fcf9","title":"IDnature guides","licence":"http:\/\/creativecommons.org\/licenses\/by-nc-sa\/3.0\/","rights":null,"credits":"&copy; Discover Life and original sources","description":"<a target='Bee_genera' href='http:\/\/www.discoverlife.org\/mp\/20q?guide=Bee_genera'>Identification <br\/>key for bee genera of eastern North America<\/a> <br><br> "},"flathierarchy":[{"sourceIdentifier":"6971654","taxonID":47772970,"parentNameUsageID":47772858,"taxonConceptID":2756602,"scientificName":"Euglossa viridissima Friese, 1899","taxonRank":"Species","type":"leaf"}],"preferredCommonNames":false,"commonNames":[],"image":""},"48139274":{"collectionid":12228,"pageid":791149,"taxonConceptId":48139274,"taxonName":"Phelsuma laticauda","textDesc":{"objectId":"2d5cebdb3fae46828e3202b11afe7c71","identifier":"2d5cebdb3fae46828e3202b11afe7c71","title":"Range Description","licence":"http:\/\/creativecommons.org\/licenses\/by-nc-sa\/3.0\/","rights":"\u00a9 International Union for Conservation of Nature and Natural Resources","credits":"&copy; International Union for Conservation of Nature and Natural Resources","description":"This species is native to northern Madagascar. The nominate subspecies is also found in Anjouan and the French <br\/>Department of Mayotte, both within the Comoros archipelago, where it is presumed to represent a recent introduction <br\/>(Rocha <em>et al.<\/em> 2007). It has been recorded from the coral islands of Farquhar and Providence in the southern <br\/>Seychelles; as these are the closest of the Seychelles islands to Madagascar it is unclear whether this represents <br\/>a natural colonization or a human introduction (Gerlach 2008). It has also been introduced to R\u00e9union (N. Cole <br\/>pers. comm. July 2011), Hawaii (Rocha <em>et al.<\/em> 2007) and French Polynesia (Ota and Ineich 2006), and recently <br\/>also to Mauritius (N. Cole pers. comm. July 2011). On Madagascar the nominate subspecies has been recorded from <br\/>a range of sites including Ambanja (Rocha <span style=\u0022font-style: italic;\u0022>et al<\/span>. 2009), Ambilobe <br\/>(Glaw and Vences 2007), Antalaha (Rocha <span style=\u0022font-style: italic;\u0022>et al<\/span>. 2009), Antsohiy <br\/>(Glaw and Vences 2007), Cap Est (Glaw and Vences 2007), Lokobe (Andreone <span style=\u0022font-style: italic;\u0022>et <br\/>al<\/span>. 2003), Manongarivo (Raxworthy 1988), Marojejy (Raselimanana et al. 2000), Nosy Faly (Glaw and Vences <br\/>2007), Nosy Komba (Glaw and Vences 2007), Nosy Mitsio (Andreone et al. 2003) and Sambava (Glaw and Vences 2007). <br\/> The subspecies <em>P. l. angularis<\/em> occurs along the northwestern coastal plain of Madagascar.<span style=\u0022background-color: <br\/>yellow;\u0022><br\/><\/span> "},"flathierarchy":[{"sourceIdentifier":"4464315","taxonID":48139274,"parentNameUsageID":48139245,"taxonConceptID":791149,"scientificName":"Phelsuma laticauda Boettger, 1880","taxonRank":"Species","type":"leaf"}],"preferredCommonNames":{"vernacularName":"Golddust Day Gecko","language":"en","eol_preferred":true},"commonNames":[{"vernacularName":"Goldstaub Taggecko","language":"de","eol_preferred":true},{"vernacularName":"Golddust Day Gecko","language":"en","eol_preferred":true},{"vernacularName":"Broad-tailed Day Gecko","language":"en"},{"vernacularName":"Gold-dust day gecko","language":"en"},{"vernacularName":"gold dust day gecko","language":"en"}],"image":{"objectId":"d9fd97b88414ec5fba122a9ced36b0f5","identifier":"d9fd97b88414ec5fba122a9ced36b0f5","title":"Gold Dust Day Gecko","licence":"http:\/\/creativecommons.org\/licenses\/by-nc-sa\/2.0\/","rights":null,"credits":"<a href='http:\/\/www.flickr.com\/photos\/7892571@N03'>Natalie Metzger<\/a>&copy; ","description":null,"mimeType":"jpg","fileName":"d9fd97b88414ec5fba122a9ced36b0f5.jpg","URL":"http:\/\/media.eol.org\/content\/2012\/03\/14\/01\/72562_orig.jpg"}},"47300157":{"collectionid":12228,"pageid":978331,"taxonConceptId":47300157,"taxonName":"Trigonopeltastes delta (Forster, 1771)","textDesc":{"objectId":"a361385edcc15757869efbabc6db7241","identifier":"a361385edcc15757869efbabc6db7241","title":"Statistics of barcoding coverage: Trigonopeltastes delta","licence":"http:\/\/creativecommons.org\/licenses\/by\/3.0\/","rights":null,"credits":"&copy; Barcode of Life Data Systems","description":"Barcode of Life Data Systems (BOLDS) Stats <br> Public Records: 0<br>Specimens with Barcodes: 2<br>Species <br\/>With Barcodes: 1<br><br> "},"flathierarchy":[{"sourceIdentifier":"10975365","taxonID":47300157,"parentNameUsageID":47300141,"taxonConceptID":978331,"scientificName":"Trigonopeltastes delta (Forster, 1771)","taxonRank":"Species","type":"leaf"}],"preferredCommonNames":{"vernacularName":"Delta Flower Scarab","language":"en","eol_preferred":true},"commonNames":[{"vernacularName":"Delta Flower Scarab","language":"en","eol_preferred":true}],"image":{"objectId":"c3b04ca0c342348fea1657971bf8a9da","identifier":"c3b04ca0c342348fea1657971bf8a9da","title":"Delta Flower Scarab","licence":"http:\/\/creativecommons.org\/licenses\/by-nc-sa\/2.0\/","rights":null,"credits":"<a href='http:\/\/www.flickr.com\/photos\/42264328@N00'>Patrick Coin<\/a>&copy; ","description":null,"mimeType":"jpg","fileName":"c3b04ca0c342348fea1657971bf8a9da.jpg","URL":"http:\/\/media.eol.org\/content\/2011\/11\/02\/08\/19328_orig.jpg"}},"48322913":{"collectionid":12228,"pageid":1155995,"taxonConceptId":48322913,"taxonName":"Jatropha subaequiloba Radcl.-Sm.","textDesc":{"objectId":"e1144fa475c44d33ed9b2acb55f259f6","identifier":"e1144fa475c44d33ed9b2acb55f259f6","title":"Description","licence":"http:\/\/creativecommons.org\/licenses\/by-nc\/3.0\/","rights":null,"credits":"&copy; Mark Hyde, Bart Wursten and Petra Ballings","description":"Completely hairless shrub up to 4 m tall. Leaves up to 12 \u00d7 13.5 cm, palmately 5-lobed when mature, leathery, deeply <br\/>cordate at the base; lateral veins 12-14 pairs per lobe, looping back on to each other before the entire margin; <br\/>petiole 4 - 6.5 cm long. Inflorescences in terminal flattened heads, up to 10 cm long. Flowers unisexual, greenish <br\/>tinged pink. Fruit a 3-lobed capsule, c. 1.7 \u00d7 1.5 cm,finely wrinkled and covered with small wart-like protuberances. <br\/>"},"flathierarchy":[{"sourceIdentifier":"9701079","taxonID":48322913,"parentNameUsageID":48322723,"taxonConceptID":1155995,"scientificName":"Jatropha subaequiloba Radcl.-Sm.","taxonRank":"Species","type":"leaf"}],"preferredCommonNames":false,"commonNames":[],"image":{"objectId":"3a847bfa42f45970fa97ea00a2b7a035","identifier":"3a847bfa42f45970fa97ea00a2b7a035","title":"3a847bfa42f45970fa97ea00a2b7a035","licence":"http:\/\/creativecommons.org\/licenses\/by-nc\/3.0\/","rights":null,"credits":"Ton Rulkens&copy; Mark Hyde, Bart Wursten and Petra Ballings","description":null,"mimeType":"jpg","fileName":"3a847bfa42f45970fa97ea00a2b7a035.jpg","URL":"http:\/\/media.eol.org\/content\/2012\/06\/06\/18\/40680_orig.jpg"}},"48149278":{"collectionid":12228,"pageid":1596,"taxonConceptId":48149278,"taxonName":"Passeriformes","textDesc":{"objectId":"cbfe9b0efc6a6623c4e13b216f2c2b15","identifier":"cbfe9b0efc6a6623c4e13b216f2c2b15","title":"Statistics of barcoding coverage","licence":"http:\/\/creativecommons.org\/licenses\/by\/3.0\/","rights":null,"credits":"&copy; Barcode of Life Data Systems","description":"Barcode of Life Data Systems (BOLD) Stats <br> &nbsp;\t\t\t\t\t\t\t\t\t\t\t\t\t\t&nbsp;\t\t\t\t\t\t\t\t\t\t\t\t\t\t\t<table>&nbsp;\t\t\t\t\t\t\t\t\t\t\t\t\t\t\t\t<tr>&nbsp;\t\t\t\t\t\t\t\t\t\t\t\t\t\t\t\t\t<td <br\/>width=\u002241%\u0022>Specimen Records:<\/td>&nbsp;\t\t\t\t\t\t\t\t\t\t\t\t\t\t\t\t\t<td width=\u002217%\u0022>25,557<\/td>&nbsp;\t\t\t\t\t\t\t\t\t\t\t\t\t\t\t\t\t<td <br\/>width=\u002229%\u0022>Public Records:<\/td>&nbsp;\t\t\t\t\t\t\t\t\t\t\t\t\t\t\t\t\t<td width=\u002213%\u0022>11,961<\/td>&nbsp;\t\t\t\t\t\t\t\t\t\t\t\t\t\t\t\t<\/tr>&nbsp;\t\t\t\t\t\t\t\t\t\t\t\t\t\t\t\t<tr>&nbsp;\t\t\t\t\t\t\t\t\t\t\t\t\t\t\t\t\t<td>Specimens <br\/>with Sequences:<\/td>&nbsp;\t\t\t\t\t\t\t\t\t\t\t\t\t\t\t\t\t<td>17,961<\/td>&nbsp;\t\t\t\t\t\t\t\t\t\t\t\t\t\t\t\t\t<td>Public Species:<\/td>&nbsp;\t\t\t\t\t\t\t\t\t\t\t\t\t\t\t\t\t<td>1,891<\/td>&nbsp;\t\t\t\t\t\t\t\t\t\t\t\t\t\t\t\t<\/tr>&nbsp;\t\t\t\t\t\t\t\t\t\t\t\t\t\t\t\t<tr>&nbsp;\t\t\t\t\t\t\t\t\t\t\t\t\t\t\t\t\t<td>Specimens <br\/>with Barcodes:<\/td>&nbsp;\t\t\t\t\t\t\t\t\t\t\t\t\t\t\t\t\t<td>17,530<\/td>&nbsp;\t\t\t\t\t\t\t\t\t\t\t\t\t\t\t\t\t<td>Public BINs:<\/td>&nbsp;\t\t\t\t\t\t\t\t\t\t\t\t\t\t\t\t\t<td>2,210<\/td>&nbsp;\t\t\t\t\t\t\t\t\t\t\t\t\t\t\t\t<\/tr>&nbsp;\t\t\t\t\t\t\t\t\t\t\t\t\t\t\t\t<tr>&nbsp;\t\t\t\t\t\t\t\t\t\t\t\t\t\t\t\t\t<td>Species:<\/td>&nbsp;\t\t\t\t\t\t\t\t\t\t\t\t\t\t\t\t\t<td>2,950<\/td>&nbsp;\t\t\t\t\t\t\t\t\t\t\t\t\t\t\t\t\t<td>&nbsp;&nbsp;&nbsp;&nbsp;&nbsp;&nbsp;&nbsp;&nbsp;\t\t\t\t\t\t\t\t\t\t\t\t\t\t\t\t\t\t\t\t\t\t\t\t\t\t\t\t\t\t\t\t\t\t\t<\/td>&nbsp;\t\t\t\t\t\t\t\t\t\t\t\t\t\t\t\t\t<td>&nbsp;<\/td>&nbsp;\t\t\t\t\t\t\t\t\t\t\t\t\t\t\t\t<\/tr>&nbsp;\t\t\t\t\t\t\t\t\t\t\t\t\t\t\t\t<tr>&nbsp;\t\t\t\t\t\t\t\t\t\t\t\t\t\t\t\t\t<td>Species <br\/>With Barcodes:<\/td>&nbsp;\t\t\t\t\t\t\t\t\t\t\t\t\t\t\t\t\t<td>2,427<\/td>&nbsp;\t\t\t\t\t\t\t\t\t\t\t\t\t\t\t\t\t<td>&nbsp;&nbsp;&nbsp;&nbsp;&nbsp;&nbsp;&nbsp;&nbsp;\t\t\t\t\t\t\t\t\t\t\t\t\t\t\t\t\t\t\t\t\t\t\t\t\t\t\t\t\t\t\t\t\t\t\t<\/td>&nbsp;\t\t\t\t\t\t\t\t\t\t\t\t\t\t\t\t\t<td>&nbsp;<\/td>&nbsp;\t\t\t\t\t\t\t\t\t\t\t\t\t\t\t\t<\/tr>&nbsp;\t\t\t\t\t\t\t\t\t\t\t\t\t\t\t\t<tr>&nbsp;\t\t\t\t\t\t\t\t\t\t\t\t\t\t\t\t\t<td>&nbsp;<\/td>&nbsp;\t\t\t\t\t\t\t\t\t\t\t\t\t\t\t\t\t<td><\/td>&nbsp;\t\t\t\t\t\t\t\t\t\t\t\t\t\t\t\t\t<td>&nbsp;&nbsp;&nbsp;&nbsp;&nbsp;&nbsp;&nbsp;&nbsp;\t\t\t\t\t\t\t\t\t\t\t\t\t\t\t\t\t\t\t\t\t\t\t\t\t\t\t\t\t\t\t\t\t\t\t<\/td>&nbsp;\t\t\t\t\t\t\t\t\t\t\t\t\t\t\t\t\t<td>&nbsp;<\/td>&nbsp;\t\t\t\t\t\t\t\t\t\t\t\t\t\t\t\t<\/tr>&nbsp;\t\t\t\t\t\t\t\t\t\t\t\t\t\t\t\t<tr>&nbsp;\t\t\t\t\t\t\t\t\t\t\t\t\t\t\t\t\t<td><\/td><\/tr><\/table> <br\/>"},"flathierarchy":[{"sourceIdentifier":"11018061","taxonID":48149278,"parentNameUsageID":48149277,"taxonConceptID":1596,"scientificName":"Passeriformes","taxonRank":"Order","type":"leaf"}],"preferredCommonNames":{"vernacularName":"perching birds","language":"en","eol_preferred":true},"commonNames":[{"vernacularName":"\u0412\u0440\u0430\u0431\u0447\u043e\u043f\u043e\u0434\u043e\u0431\u043d\u0438","language":"bg","eol_preferred":true},{"vernacularName":"P\u011aVCI","language":"cs","eol_preferred":true},{"vernacularName":"P\u011bvci","language":"cs"},{"vernacularName":"Spurvefugle","language":"da","eol_preferred":true},{"vernacularName":"Sperlingsv\u00f6gel","language":"de","eol_preferred":true},{"vernacularName":"Schreiv\u00f6gel","language":"de"},{"vernacularName":"Tyrannenschreiv\u00f6gel","language":"de"},{"vernacularName":"perching birds","language":"en","eol_preferred":true},{"vernacularName":"Songbirds","language":"en"},{"vernacularName":"Paseroformaj birdoj","language":"eo","eol_preferred":true},{"vernacularName":"Passeriformes","language":"es","eol_preferred":true},{"vernacularName":"Paseriformes]","language":"es"},{"vernacularName":"V\u00e4rvulised","language":"et","eol_preferred":true},{"vernacularName":"Varpuslinnut","language":"fi","eol_preferred":true},{"vernacularName":"Tyranni","language":"fr","eol_preferred":true},{"vernacularName":"passereaux","language":"fr"},{"vernacularName":"\u05e6\u05d9\u05e4\u05d5\u05e8\u05d9 \u05e9\u05d9\u05e8","language":"he","eol_preferred":true},{"vernacularName":"Vrap\u010darke","language":"hr","eol_preferred":true},{"vernacularName":"Ver\u00e9balak\u00faak","language":"hu","eol_preferred":true},{"vernacularName":"Sp\u00f6rfuglar","language":"is","eol_preferred":true},{"vernacularName":"\u30bf\u30a4\u30e9\u30f3\u30c1\u30e7\u30a6\u4e9c\u76ee (Sibley)","language":"ja","eol_preferred":true},{"vernacularName":"\u30b9\u30ba\u30e1\u76ee","language":"ja"},{"vernacularName":"\uc5f0\uc791\ub958","language":"ko","eol_preferred":true},{"vernacularName":"Zaankveugel","language":"li","eol_preferred":true},{"vernacularName":"\u017dvirbliniai pauk\u0161\u010diai","language":"lt","eol_preferred":true},{"vernacularName":"Zangvogels","language":"nl","eol_preferred":true},{"vernacularName":"Spurvefugler","language":"no","eol_preferred":true},{"vernacularName":"Spurvefuglar","language":"no"},{"vernacularName":"Wr\u00f3blowe","language":"pl","eol_preferred":true},{"vernacularName":"Passeriformes","language":"pt","eol_preferred":true},{"vernacularName":"P\u00e1ssaros","language":"pt"},{"vernacularName":"\u0412\u043e\u0440\u043e\u0431\u044c\u0438\u043d\u043e\u043e\u0431\u0440\u0430\u0437\u043d\u044b\u0435","language":"ru","eol_preferred":true},{"vernacularName":"Pevci","language":"sl","eol_preferred":true},{"vernacularName":"T\u00e4ttingar","language":"sv","eol_preferred":true},{"vernacularName":"\u00d6t\u00fcc\u00fc ku\u015flar","language":"tr","eol_preferred":true},{"vernacularName":"\u96c0\u5f62\u76ee","language":"zh","eol_preferred":true}],"image":{"objectId":"a518be1b0fdf1a5c083d692395ba9064","identifier":"a518be1b0fdf1a5c083d692395ba9064","title":"File:Turdus falcklandii Santiago.jpg","licence":"http:\/\/creativecommons.org\/licenses\/by-sa\/3.0\/","rights":null,"credits":"Mauricio Pe\u00f1aloza&copy; ","description":null,"mimeType":"jpg","fileName":"a518be1b0fdf1a5c083d692395ba9064.jpg","URL":"http:\/\/media.eol.org\/content\/2012\/09\/11\/04\/78276_orig.jpg"}},"48321136":{"collectionid":12228,"pageid":1144654,"taxonConceptId":48321136,"taxonName":"Euphorbia ingens","textDesc":{"objectId":"50d9251707d310566f4694888cc6140a","identifier":"50d9251707d310566f4694888cc6140a","title":"Description","licence":"http:\/\/creativecommons.org\/licenses\/by-nc\/3.0\/","rights":null,"credits":"&copy; Mark Hyde, Bart Wursten and Petra Ballings","description":"Massive tree-size succulent, up to 10 m. The ridges of the branches are set with short spines, the inflorescences <br\/>are situated at the top of the vertical branches, the flowers small and yellow. "},"flathierarchy":[{"sourceIdentifier":"9811153","taxonID":48321136,"parentNameUsageID":48319937,"taxonConceptID":1144654,"scientificName":"Euphorbia ingens E. Mey. ex Boiss.","taxonRank":"Species","type":"leaf"}],"preferredCommonNames":{"vernacularName":"candelabra Tree","language":"en","eol_preferred":true},"commonNames":[{"vernacularName":"candelabra Tree","language":"en","eol_preferred":true},{"vernacularName":"Naboom","language":"en"},{"vernacularName":"Cacto-candelabro","language":"pt","eol_preferred":true},{"vernacularName":"Mukonde","language":"sn","eol_preferred":true},{"vernacularName":"Mugonde","language":"sn"},{"vernacularName":"Muhonde","language":"sn"}],"image":{"objectId":"830efa3ee6ef92bb829f7d668052d038","identifier":"830efa3ee6ef92bb829f7d668052d038","title":"830efa3ee6ef92bb829f7d668052d038","licence":"http:\/\/creativecommons.org\/licenses\/by-nc\/3.0\/","rights":null,"credits":"Bart Wursten&copy; Mark Hyde, Bart Wursten and Petra Ballings","description":null,"mimeType":"jpg","fileName":"830efa3ee6ef92bb829f7d668052d038.jpg","URL":"http:\/\/media.eol.org\/content\/2012\/06\/06\/14\/58010_orig.jpg"}},"48163934":{"collectionid":12228,"pageid":916378,"taxonConceptId":48163934,"taxonName":"Calypte anna","textDesc":{"objectId":"71ee1ba06b0f012fc2fa7d565677b735","identifier":"71ee1ba06b0f012fc2fa7d565677b735","title":"71ee1ba06b0f012fc2fa7d565677b735","licence":"http:\/\/creativecommons.org\/licenses\/by\/3.0\/","rights":null,"credits":"&copy; ","description":"Anna's Hummingbird (<i>Calypte anna<\/i>) is a year-round resident along the Pacific coast of North America, <br\/>breeding north to British Columbia and east to Arizona. These hummingbirds are abundant in open woodlands, chapparal, <br\/>scrubby areas, and partly open situations, as well as in deserts, especially in winter. They often forage in gardens <br\/>and parks. They ascend to montane regions in the summer postbreeding season to forage in high mountain meadows. <br\/><br\/>  <br\/>Nesting may begin in December. In the male's courtship display, he hovers in mid-air giving a buzzy <br\/>song, then flies much higher before diving steeply and rapidly toward the female, making a loud explosive popping <br\/>sound at the bottom of his dive. He may also buzz back and forth in front of the perched female in short flights. Detailed <br\/>analyses of male displays revealed that after powering the initial stage of the dive by flapping, males folded <br\/>their wings by their sides, at which point they reached an average maximum velocity of 385 body lengths. This is <br\/>the highest length-specific velocity known for any vertebrate. They then spread their wings to pull up and experienced <br\/>centripetal accelerations nearly nine times greater than gravitational acceleration. This acceleration <br\/>is the highest reported for any vertebrate undergoing a voluntary aerial maneuver, with the exception of jet <br\/>fighter pilots. Displaying Anna's Hummingbird males produce both a vocal song and a dive-sound (made with the <br\/>wings and outermost tail feathers) that sounds similar to a portion of the song, an intriguing observation discussed <br\/>by Clark and Feo (2010). <br\/> <br\/>The nest of an Anna's Hummingbird, which is relatively large for a hummingbird <br\/>nest, is usually constructed on a branch of a tree or shrub, but may also be in vines, on wires, or under eaves. It <br\/>is typically 1 to 8 m above the ground. Built by the female alone,it  is a cup of plant fibers and spider webs. It is <br\/>lined with fine plant down (and sometimes feathers) and the outside is camouflaged with lichens. The female may <br\/>continue building after eggs are laid. The female incubates the 2 (rarely 1 or 3) white eggs by herself for 14 to <br\/>19 days. The young are fed by the female and take their first flight at around 18 to 23 days. <br\/> <br\/>Anna's Hummingbird <br\/>is very common over much of its range and has adapted well to suburban areas. <br\/> <br\/>(Kaufman 1996; AOU 1998; <br\/>Clark 2009; Clark and Feo 2010) "},"flathierarchy":[{"sourceIdentifier":"6849474","taxonID":48163934,"parentNameUsageID":48163932,"taxonConceptID":916378,"scientificName":"Calypte anna (Lesson, 1829)","taxonRank":"Species","type":"leaf"}],"preferredCommonNames":{"vernacularName":"anna's hummingbird","language":"en","eol_preferred":true},"commonNames":[{"vernacularName":"kolib\u0159\u00edk r\u016f\u017eovohlav\u00e1","language":"cs","eol_preferred":true},{"vernacularName":"Kalypta str\u00edbrn\u00e1","language":"cs"},{"vernacularName":"Annas Kolibri","language":"da","eol_preferred":true},{"vernacularName":"Annakolibri","language":"de","eol_preferred":true},{"vernacularName":"Anna Kolibri","language":"de"},{"vernacularName":"anna's hummingbird","language":"en","eol_preferred":true},{"vernacularName":"Anna's hummingbrid","language":"en"},{"vernacularName":"Colibr\u00ed cabeza roja","language":"es","eol_preferred":true},{"vernacularName":"Colibri de Anna","language":"es"},{"vernacularName":"Colibr\u00cc cabeza roja","language":"es"},{"vernacularName":"Colibr\u00ed de Ana","language":"es"},{"vernacularName":"Rubiinipartakolibri","language":"fi","eol_preferred":true},{"vernacularName":"Colibri d'Anna","language":"fr","eol_preferred":true},{"vernacularName":"Anna","language":"fr"},{"vernacularName":"Colibri anna","language":"fr"},{"vernacularName":"Colibr\u00ec di Anna","language":"it","eol_preferred":true},{"vernacularName":"\u30a2\u30f3\u30ca\u30cf\u30c1\u30c9\u30ea","language":"ja","eol_preferred":true},{"vernacularName":"annahachidori","language":"ja"},{"vernacularName":"Anna's Kolibrie","language":"nl","eol_preferred":true},{"vernacularName":"Anna-kolibrie","language":"nl"},{"vernacularName":"R\u00f8dmaskekolibri","language":"no","eol_preferred":true},{"vernacularName":"Koliberek \u017carog\u0142owy","language":"pl","eol_preferred":true},{"vernacularName":"koliberek zaroglowy","language":"pl"},{"vernacularName":"\u041a\u043e\u043b\u0438\u0431\u0440\u0438 \u0410\u043d\u043d\u044b","language":"ru","eol_preferred":true},{"vernacularName":"\u041a\u0430\u043b\u0438\u043f\u0442\u0430\u0410\u043d\u043d\u044b","language":"ru"},{"vernacularName":"Kolibr\u00edk Annin","language":"sk","eol_preferred":true},{"vernacularName":"cmelovec Annin","language":"sk"},{"vernacularName":"\u010dme\u013eovec Annin","language":"sk"},{"vernacularName":"Annas Kolibri","language":"sv","eol_preferred":true}],"image":{"objectId":"c8ca8300122255f1c0193527df9fbfac","identifier":"c8ca8300122255f1c0193527df9fbfac","title":"Calypte anna male","licence":"http:\/\/creativecommons.org\/licenses\/by-sa\/2.0\/","rights":null,"credits":"<a href='http:\/\/www.flickr.com\/photos\/22718808@N00'>Eugene Zelenko<\/a>&copy; ","description":null,"mimeType":"jpg","fileName":"c8ca8300122255f1c0193527df9fbfac.jpg","URL":"http:\/\/media.eol.org\/content\/2011\/11\/02\/10\/54631_orig.jpg"}},"47763317":{"collectionid":12228,"pageid":2753987,"taxonConceptId":47763317,"taxonName":"Ochreriades fasciatus","textDesc":{"objectId":"50642028d7b2e804b5afccea77e27060","identifier":"50642028d7b2e804b5afccea77e27060","title":"Statistics of barcoding coverage: Ochreriades fasciatus","licence":"http:\/\/creativecommons.org\/licenses\/by\/3.0\/","rights":null,"credits":"&copy; Barcode of Life Data Systems","description":"Barcode of Life Data Systems (BOLDS) Stats <br> Public Records: 1<br>Specimens with Barcodes: 2<br>Species <br\/>With Barcodes: 1<br><br> "},"flathierarchy":[{"sourceIdentifier":"6932499","taxonID":47763317,"parentNameUsageID":47763316,"taxonConceptID":2753987,"scientificName":"Ochreriades fasciatus (Friese, 1899)","taxonRank":"Species","type":"leaf"}],"preferredCommonNames":false,"commonNames":[],"image":""},"48156001":{"collectionid":12228,"pageid":919427,"taxonConceptId":48156001,"taxonName":"Prosthemadera novaeseelandiae","textDesc":{"objectId":"0dd510c0f394012e8d7a0361a65320de","identifier":"0dd510c0f394012e8d7a0361a65320de","title":"0dd510c0f394012e8d7a0361a65320de","licence":"","rights":null,"credits":"&copy; National Biological Information Infrastructure (NBII) at http:\/\/www.nbii.gov","description":"The tui bird is a passerine, or perching, bird, and one of the largest members of the honeyeater family. The male <br\/>tui bird's plumage is a shining metallic green with bluish-purple reflections on the shoulders, rump, and upper <br\/>tail-coverts. The throat has two tufts of white and the middle of the back is bronzy brown. The male measures about <br\/>12 3\/4 inches long, while the female is slightly smaller. Female tui birds have the same general coloration but <br\/>the metallic tints are not so bright and there is more brown in the plumage. Tui birds are very intelligent birds <br\/>and can imitate human speech. Nectar is the tui bird's primary diet but tui birds also eat fruit, insects, pollen, <br\/>and seeds. Tui birds are known for their marvelous, unusual song - they can whistle, click, chuckle, gurgle, and <br\/>trill.  <br\/> <br\/>Tui birds live in dense forests, but will tolerate remnant patches, regrowth, exotic plantations, <br\/>and well-vegetated suburbs.  They are endemic to New Zealand, where they are common but declining due to widespread <br\/>habitat destruction and predation by mammalian invasive species. "},"flathierarchy":[{"sourceIdentifier":"6869970","taxonID":48156001,"parentNameUsageID":48156000,"taxonConceptID":919427,"scientificName":"Prosthemadera novaeseelandiae (Gmelin, 1788)","taxonRank":"Species","type":"leaf"}],"preferredCommonNames":{"vernacularName":"Tui","language":"en","eol_preferred":true},"commonNames":[{"vernacularName":"Tui zpevn\u00fd","language":"cs","eol_preferred":true},{"vernacularName":"tui zp\u011bn\u00fd","language":"cs"},{"vernacularName":"Pr\u00e6stefugl","language":"da","eol_preferred":true},{"vernacularName":"Tui","language":"de","eol_preferred":true},{"vernacularName":"Tui","language":"en","eol_preferred":true},{"vernacularName":"Parson Bird","language":"en"},{"vernacularName":"Parsonbird","language":"en"},{"vernacularName":"P\u00e1jaro Sacerdote","language":"es","eol_preferred":true},{"vernacularName":"Mielero Tui","language":"es"},{"vernacularName":"tui (tui-meelind)","language":"et","eol_preferred":true},{"vernacularName":"Tui","language":"fi","eol_preferred":true},{"vernacularName":"Tui cravate-fris\u00e9e","language":"fr","eol_preferred":true},{"vernacularName":"M\u00e9liphage tui","language":"fr"},{"vernacularName":"Tui","language":"fr"},{"vernacularName":"Uccello parroco","language":"it","eol_preferred":true},{"vernacularName":"Tui","language":"it"},{"vernacularName":"\u30a8\u30ea\u30de\u30ad\u30df\u30c4\u30b9\u30a4","language":"ja","eol_preferred":true},{"vernacularName":"erimakimitsusui","language":"ja"},{"vernacularName":"Tui","language":"mi","eol_preferred":true},{"vernacularName":"Toei","language":"nl","eol_preferred":true},{"vernacularName":"Tuihonningeter","language":"no","eol_preferred":true},{"vernacularName":"k\u0119dziornik","language":"pl","eol_preferred":true},{"vernacularName":"K\u0119dziorek poi","language":"pl"},{"vernacularName":"kedziornik","language":"pl"},{"vernacularName":"\u041d\u043e\u0432\u043e\u0437\u0435\u043b\u0430\u043d\u0434\u0441\u043a\u0438\u0439 \u0442\u0443\u0438","language":"ru","eol_preferred":true},{"vernacularName":"Med\u00e1rik tui","language":"sk","eol_preferred":true},{"vernacularName":"med\u00e1rik kazatel","language":"sk"},{"vernacularName":"med\u00e1rik kazate\u013e","language":"sk"},{"vernacularName":"Tui","language":"sv","eol_preferred":true}],"image":{"objectId":"f40118b03d740ddedde4dd1f09afe16c","identifier":"f40118b03d740ddedde4dd1f09afe16c","title":"File:Tui on flax.jpg","licence":"http:\/\/creativecommons.org\/licenses\/by\/3.0\/","rights":null,"credits":"Matt Binns&copy; ","description":null,"mimeType":"jpg","fileName":"f40118b03d740ddedde4dd1f09afe16c.jpg","URL":"http:\/\/media.eol.org\/content\/2012\/06\/13\/20\/37360_orig.jpg"}},"47834033":{"collectionid":12228,"pageid":4102067,"taxonConceptId":47834033,"taxonName":"Belenois aurota","textDesc":{"objectId":"9645d11404f37e78aae19fe75375b556","identifier":"9645d11404f37e78aae19fe75375b556","title":"Description","licence":"http:\/\/creativecommons.org\/licenses\/by-nc-sa\/3.0\/","rights":null,"credits":"&copy; Bibliotheca Alexandrina","description":"<p>Size: 41-44 mm. The underside of the hindwing has clearly defined black veins which is a diagnostic feature <br\/>for this species.<\/p> "},"flathierarchy":[{"sourceIdentifier":"6106871","taxonID":47834033,"parentNameUsageID":47834028,"taxonConceptID":4102067,"scientificName":"Belenois aurota (Fabricius, 1793)","taxonRank":"Species","type":"leaf"}],"preferredCommonNames":{"vernacularName":"Brown-veined Caper White","language":"en","eol_preferred":true},"commonNames":[{"vernacularName":"\u0627\u0644\u0641\u0631\u0627\u0634\u0629 \u0627\u0644\u0628\u064a\u0636\u0627\u0621 \u0630\u0627\u062a \u0627\u0644\u0639\u0631\u0648\u0642 \u0627\u0644\u0628\u0646\u064a\u0629","language":"ar","eol_preferred":true},{"vernacularName":"Brown-veined Caper White","language":"en","eol_preferred":true},{"vernacularName":"African Caper White","language":"en"},{"vernacularName":"Brown-veined White","language":"en"},{"vernacularName":"The Pioneer White","language":"en"}],"image":""},"48327858":{"collectionid":12228,"pageid":60885,"taxonConceptId":48327858,"taxonName":"Nepenthes","textDesc":{"objectId":"d0aef7cc088c6f08d0f033bcaf9aab02","identifier":"d0aef7cc088c6f08d0f033bcaf9aab02","title":"Localities documented in Tropicos sources","licence":"http:\/\/creativecommons.org\/licenses\/by-nc-sa\/3.0\/","rights":"Tropicos.org Copyright (c) Missouri Botanical Garden","credits":"&copy; Missouri Botanical Garden, 4344 Shaw Boulevard, St. Louis, MO 63110 USA","description":"<i>Nepenthes L.<\/i>: <br>Madagascar (Africa & Madagascar)<br><br>Note: This information is based on publications <br\/>available through <a href='http:\/\/tropicos.org'>Tropicos<\/a> and may not represent the entire distribution. <br\/>Tropicos does not categorize distributions as native or non-native. "},"flathierarchy":[{"sourceIdentifier":"11184222","taxonID":48327858,"parentNameUsageID":48327857,"taxonConceptID":60885,"scientificName":"Nepenthes","taxonRank":"Genus","type":"leaf"}],"preferredCommonNames":{"vernacularName":"Tropical Pitcher Plant","language":"en","eol_preferred":true},"commonNames":[{"vernacularName":"Pitcher Plant","language":"","eol_preferred":true},{"vernacularName":"Kannenpflanze","language":"de","eol_preferred":true},{"vernacularName":"Tropical Pitcher Plant","language":"en","eol_preferred":true}],"image":{"objectId":"930aba39db890fd0c8d38d4d11e12c0c","identifier":"930aba39db890fd0c8d38d4d11e12c0c","title":"930aba39db890fd0c8d38d4d11e12c0c","licence":"http:\/\/creativecommons.org\/licenses\/by-nc\/3.0\/","rights":null,"credits":"&copy; ","description":null,"mimeType":"jpg","fileName":"930aba39db890fd0c8d38d4d11e12c0c.jpg","URL":"http:\/\/media.eol.org\/content\/2012\/05\/23\/19\/70696_orig.jpg"}}}