{"48131011":{"collectionid":29654,"pageid":976911,"taxonConceptId":48131011,"taxonName":"Sylvilagus nuttallii","textDesc":"","flathierarchy":[{"sourceIdentifier":"6850118","taxonID":48131011,"parentNameUsageID":48130969,"taxonConceptID":976911,"scientificName":"Sylvilagus nuttallii (Bachman, 1837)","taxonRank":"Especie","type":"leaf"},{"sourceIdentifier":"11043311","taxonID":48130969,"parentNameUsageID":48130826,"taxonConceptID":10818,"scientificName":"Sylvilagus","taxonRank":"g\u00e9nero","type":"node"},{"sourceIdentifier":"11017948","taxonID":48130826,"parentNameUsageID":48130738,"taxonConceptID":1689,"scientificName":"Leporidae","taxonRank":"familia","type":"node"},{"sourceIdentifier":"11017945","taxonID":48130738,"parentNameUsageID":48126727,"taxonConceptID":1686,"scientificName":"Lagomorpha","taxonRank":"orden","type":"node"},{"sourceIdentifier":"11017704","taxonID":48126727,"parentNameUsageID":48126726,"taxonConceptID":1642,"scientificName":"Mammalia","taxonRank":"Clase","type":"node"},{"sourceIdentifier":"11017703","taxonID":48126726,"parentNameUsageID":47111832,"taxonConceptID":694,"scientificName":"Chordata","taxonRank":"filo","type":"node"},{"sourceIdentifier":"11017352","taxonID":47111832,"parentNameUsageID":0,"taxonConceptID":1,"scientificName":"Animalia","taxonRank":"reino","type":"node"}],"preferredCommonNames":{"vernacularName":"Nuttall's cottontail","language":"en","eol_preferred":true},"commonNames":[{"vernacularName":"Nuttall's cottontail","language":"en","eol_preferred":true},{"vernacularName":"mountain cottontail","language":"en"}],"image":{"objectId":"336d98047720093c9a891debec2767b5","identifier":"336d98047720093c9a891debec2767b5","title":"Sylvilagus nuttallii","licence":"http:\/\/creativecommons.org\/licenses\/by-nc-sa\/3.0\/","rights":"Copyright Phil Myers","credits":"Phil Myers, Museum of Zoology, University of Michigan&copy; Phil Myers","description":null,"mimeType":"jpg","fileName":"336d98047720093c9a891debec2767b5.jpg","URL":"http:\/\/media.eol.org\/content\/2012\/05\/08\/09\/03817_orig.jpg"},"iucnStatus":""},"48130582":{"collectionid":29654,"pageid":328648,"taxonConceptId":48130582,"taxonName":"Equus caballus","textDesc":"","flathierarchy":[{"sourceIdentifier":"6850456","taxonID":48130582,"parentNameUsageID":48130580,"taxonConceptID":328648,"scientificName":"Equus caballus Linnaeus, 1758","taxonRank":"Species","type":"leaf"},{"sourceIdentifier":"11072397","taxonID":48130580,"parentNameUsageID":48130579,"taxonConceptID":15580,"scientificName":"Equus","taxonRank":"genus","type":"node"},{"sourceIdentifier":"11017851","taxonID":48130579,"parentNameUsageID":48130562,"taxonConceptID":1670,"scientificName":"Equidae","taxonRank":"family","type":"node"},{"sourceIdentifier":"11017848","taxonID":48130562,"parentNameUsageID":48126727,"taxonConceptID":1667,"scientificName":"Perissodactyla","taxonRank":"order","type":"node"},{"sourceIdentifier":"11017704","taxonID":48126727,"parentNameUsageID":48126726,"taxonConceptID":1642,"scientificName":"Mammalia","taxonRank":"class","type":"node"},{"sourceIdentifier":"11017703","taxonID":48126726,"parentNameUsageID":47111832,"taxonConceptID":694,"scientificName":"Chordata","taxonRank":"phylum","type":"node"},{"sourceIdentifier":"11017352","taxonID":47111832,"parentNameUsageID":0,"taxonConceptID":1,"scientificName":"Animalia","taxonRank":"kingdom","type":"node"}],"preferredCommonNames":{"vernacularName":"horse","language":"en","eol_preferred":true},"commonNames":[{"vernacularName":"equine","language":"","eol_preferred":true},{"vernacularName":"brumby","language":""},{"vernacularName":"Shetlandpony","language":"de"},{"vernacularName":"horse","language":"en","eol_preferred":true},{"vernacularName":"Domestic Horse","language":"en"},{"vernacularName":"Przewalski's horse","language":"en"},{"vernacularName":"horse (feral)","language":"en"},{"vernacularName":"Caballo","language":"es","eol_preferred":true},{"vernacularName":"\u0918\u094b\u0921\u093e","language":"hi","eol_preferred":true},{"vernacularName":"\u0918\u094b\u0921\u093e","language":"mr","eol_preferred":true},{"vernacularName":"k'orra","language":"pa","eol_preferred":true},{"vernacularName":"ghorra","language":"ur","eol_preferred":true},{"vernacularName":"isp","language":"ur"},{"vernacularName":"\u91ce\u9a6c","language":"zh-Hans","eol_preferred":true},{"vernacularName":"\u5854\u5e0c","language":"zh-Hans"},{"vernacularName":"\u592a\u5c14\u6f58","language":"zh-Hans"},{"vernacularName":"\u5947\u5404\u53f0","language":"zh-Hans"},{"vernacularName":"\u666e\u6c0f\u91ce\u9a6c","language":"zh-Hans"},{"vernacularName":"\u8499\u53e4\u91ce\u9a6c","language":"zh-Hans"},{"vernacularName":"\u8e0f\u563f","language":"zh-Hans"}],"image":{"objectId":"dd08d59879004f41c0c10bcb4b779717","identifier":"dd08d59879004f41c0c10bcb4b779717","title":"File:Chevaux estive Pyrenees.jpg","licence":"http:\/\/creativecommons.org\/licenses\/by-sa\/3.0\/","rights":null,"credits":"<a href='http:\/\/commons.wikimedia.org\/wiki\/User:Myrabella'>Photo: Myrabella<\/a>&copy; ","description":null,"mimeType":"jpg","fileName":"dd08d59879004f41c0c10bcb4b779717.jpg","URL":"http:\/\/media.eol.org\/content\/2012\/06\/12\/10\/88921_orig.jpg"},"iucnStatus":""},"48133399":{"collectionid":29654,"pageid":328070,"taxonConceptId":48133399,"taxonName":"Ailuropoda melanoleuca","textDesc":"","flathierarchy":[{"sourceIdentifier":"6902487","taxonID":48133399,"parentNameUsageID":48133398,"taxonConceptID":328070,"scientificName":"Ailuropoda melanoleuca (David, 1869)","taxonRank":"Species","type":"leaf"},{"sourceIdentifier":"11053415","taxonID":48133398,"parentNameUsageID":48133343,"taxonConceptID":42283,"scientificName":"Ailuropoda","taxonRank":"genus","type":"node"},{"sourceIdentifier":"11018021","taxonID":48133343,"parentNameUsageID":48133172,"taxonConceptID":7664,"scientificName":"Ursidae","taxonRank":"family","type":"node"},{"sourceIdentifier":"11018019","taxonID":48133172,"parentNameUsageID":48126727,"taxonConceptID":7662,"scientificName":"Carnivora","taxonRank":"order","type":"node"},{"sourceIdentifier":"11017704","taxonID":48126727,"parentNameUsageID":48126726,"taxonConceptID":1642,"scientificName":"Mammalia","taxonRank":"class","type":"node"},{"sourceIdentifier":"11017703","taxonID":48126726,"parentNameUsageID":47111832,"taxonConceptID":694,"scientificName":"Chordata","taxonRank":"phylum","type":"node"},{"sourceIdentifier":"11017352","taxonID":47111832,"parentNameUsageID":0,"taxonConceptID":1,"scientificName":"Animalia","taxonRank":"kingdom","type":"node"}],"preferredCommonNames":{"vernacularName":"Giant Panda","language":"en","eol_preferred":true},"commonNames":[{"vernacularName":"Gro\u00dfer Panda","language":"de","eol_preferred":true},{"vernacularName":"Giant Panda","language":"en","eol_preferred":true},{"vernacularName":"Bamboo bear","language":"en"},{"vernacularName":"Great Panda","language":"en"},{"vernacularName":"Panda gigante","language":"es","eol_preferred":true},{"vernacularName":"Panda g\u00e9ant","language":"fr","eol_preferred":true},{"vernacularName":"Panda","language":"fr"},{"vernacularName":"Reuzenpanda","language":"nl","eol_preferred":true},{"vernacularName":"\u0411\u043e\u043b\u044c\u0448\u0430\u044f \u043f\u0430\u043d\u0434\u0430","language":"ru","eol_preferred":true},{"vernacularName":"\u041f\u0430\u043d\u0434\u0430 \u0431\u043e\u043b\u044c\u0448\u0430\u044f","language":"ru"},{"vernacularName":"Beishung","language":"zh","eol_preferred":true},{"vernacularName":"Da-xiong-mao","language":"zh"},{"vernacularName":"Hong-chun-bao","language":"zh"},{"vernacularName":"\u5927\u718a\u732b","language":"zh-Hans","eol_preferred":true},{"vernacularName":"\u201c\u5ce8\u66f2\u201d\uff08\u5f5d\uff09","language":"zh-Hans"},{"vernacularName":"\u201c\u675c\u6d1e\u201d\uff08\u85cf\uff09","language":"zh-Hans"},{"vernacularName":"\u5927\u732b\u718a","language":"zh-Hans"},{"vernacularName":"\u767d\u718a","language":"zh-Hans"},{"vernacularName":"\u7af9\u718a","language":"zh-Hans"},{"vernacularName":"\u82b1\u718a","language":"zh-Hans"},{"vernacularName":"\u8c98(\u201c\u672c\u8349\u7eb2\u76ee\u201d)","language":"zh-Hans"}],"image":{"objectId":"f6bd1dae5ebc2a671978f3ded8c26ab2","identifier":"f6bd1dae5ebc2a671978f3ded8c26ab2","title":"Giant Panda","licence":"http:\/\/creativecommons.org\/licenses\/by-nc-sa\/2.0\/","rights":null,"credits":"<a href='http:\/\/www.flickr.com\/photos\/51045845@N08'>Smithsonian Wild<\/a>&copy; ","description":null,"mimeType":"jpg","fileName":"f6bd1dae5ebc2a671978f3ded8c26ab2.jpg","URL":"http:\/\/media.eol.org\/content\/2012\/02\/27\/00\/74008_orig.jpg"},"iucnStatus":""},"48130580":{"collectionid":29654,"pageid":15580,"taxonConceptId":48130580,"taxonName":"Equus subg. Hippotigris","textDesc":"","flathierarchy":[{"sourceIdentifier":"11072397","taxonID":48130580,"parentNameUsageID":48130579,"taxonConceptID":15580,"scientificName":"Equus","taxonRank":"Genus","type":"leaf"},{"sourceIdentifier":"11017851","taxonID":48130579,"parentNameUsageID":48130562,"taxonConceptID":1670,"scientificName":"Equidae","taxonRank":"family","type":"node"},{"sourceIdentifier":"11017848","taxonID":48130562,"parentNameUsageID":48126727,"taxonConceptID":1667,"scientificName":"Perissodactyla","taxonRank":"order","type":"node"},{"sourceIdentifier":"11017704","taxonID":48126727,"parentNameUsageID":48126726,"taxonConceptID":1642,"scientificName":"Mammalia","taxonRank":"class","type":"node"},{"sourceIdentifier":"11017703","taxonID":48126726,"parentNameUsageID":47111832,"taxonConceptID":694,"scientificName":"Chordata","taxonRank":"phylum","type":"node"},{"sourceIdentifier":"11017352","taxonID":47111832,"parentNameUsageID":0,"taxonConceptID":1,"scientificName":"Animalia","taxonRank":"kingdom","type":"node"}],"preferredCommonNames":{"vernacularName":"horses","language":"en","eol_preferred":true},"commonNames":[{"vernacularName":"Tokara pony","language":"","eol_preferred":true},{"vernacularName":"Mule","language":""},{"vernacularName":"horse","language":""},{"vernacularName":"horses","language":"en","eol_preferred":true}],"image":{"objectId":"9ee0bb9310ab3511b0de510e5722e59e","identifier":"9ee0bb9310ab3511b0de510e5722e59e","title":"File:Equus burchelli 4.jpg","licence":"http:\/\/creativecommons.org\/licenses\/by-sa\/3.0\/","rights":null,"credits":"<a href='http:\/\/commons.wikimedia.org\/wiki\/User:Biopics'>Hans Hillewaert<\/a>&copy; ","description":null,"mimeType":"jpg","fileName":"9ee0bb9310ab3511b0de510e5722e59e.jpg","URL":"http:\/\/media.eol.org\/content\/2012\/06\/13\/04\/87346_orig.jpg"},"iucnStatus":""},"48130534":{"collectionid":29654,"pageid":15593,"taxonConceptId":48130534,"taxonName":"Bradypus","textDesc":"","flathierarchy":[{"sourceIdentifier":"11123811","taxonID":48130534,"parentNameUsageID":48130533,"taxonConceptID":15593,"scientificName":"Bradypus","taxonRank":"Genus","type":"leaf"},{"sourceIdentifier":"11017842","taxonID":48130533,"parentNameUsageID":48130496,"taxonConceptID":1664,"scientificName":"Bradypodidae","taxonRank":"family","type":"node"},{"sourceIdentifier":"11017838","taxonID":48130496,"parentNameUsageID":48126727,"taxonConceptID":1660,"scientificName":"Pilosa","taxonRank":"order","type":"node"},{"sourceIdentifier":"11017704","taxonID":48126727,"parentNameUsageID":48126726,"taxonConceptID":1642,"scientificName":"Mammalia","taxonRank":"class","type":"node"},{"sourceIdentifier":"11017703","taxonID":48126726,"parentNameUsageID":47111832,"taxonConceptID":694,"scientificName":"Chordata","taxonRank":"phylum","type":"node"},{"sourceIdentifier":"11017352","taxonID":47111832,"parentNameUsageID":0,"taxonConceptID":1,"scientificName":"Animalia","taxonRank":"kingdom","type":"node"}],"preferredCommonNames":{"vernacularName":"Three-toed sloths","language":"en","eol_preferred":true},"commonNames":[{"vernacularName":"Three-toed sloths","language":"en","eol_preferred":true}],"image":{"objectId":"f45680b2595e22edd63a3b4e5a9fc7f8","identifier":"f45680b2595e22edd63a3b4e5a9fc7f8","title":"File:MC Drei-Finger-Faultier.jpg","licence":"http:\/\/creativecommons.org\/licenses\/by\/3.0\/","rights":null,"credits":"<a href='http:\/\/en.wikipedia.org\/wiki\/User:Chmehl'>Christian Mehlf\u00fchrer, &lt;i&gt;Chmehl&lt;\/i&gt;<\/a>&copy; ","description":null,"mimeType":"jpg","fileName":"f45680b2595e22edd63a3b4e5a9fc7f8.jpg","URL":"http:\/\/media.eol.org\/content\/2012\/06\/12\/20\/03406_orig.jpg"},"iucnStatus":""},"47683996":{"collectionid":29654,"pageid":856920,"taxonConceptId":47683996,"taxonName":"Valanga irregularis (Walker, F., 1870)","textDesc":"","flathierarchy":[{"sourceIdentifier":"7664025","taxonID":47683996,"parentNameUsageID":47683949,"taxonConceptID":856920,"scientificName":"Valanga irregularis (Walker, F., 1870)","taxonRank":"Species","type":"leaf"},{"sourceIdentifier":"11099353","taxonID":47683949,"parentNameUsageID":47681735,"taxonConceptID":19731,"scientificName":"Valanga","taxonRank":"genus","type":"node"},{"sourceIdentifier":"11017899","taxonID":47681735,"parentNameUsageID":47680681,"taxonConceptID":6580,"scientificName":"Acrididae","taxonRank":"family","type":"node"},{"sourceIdentifier":"11017748","taxonID":47680681,"parentNameUsageID":47680680,"taxonConceptID":6568,"scientificName":"Acridoidea","taxonRank":"superfamily","type":"node"},{"sourceIdentifier":"11017747","taxonID":47680680,"parentNameUsageID":47224653,"taxonConceptID":683,"scientificName":"Orthoptera","taxonRank":"order","type":"node"},{"sourceIdentifier":"11017565","taxonID":47224653,"parentNameUsageID":47137528,"taxonConceptID":344,"scientificName":"Insecta","taxonRank":"class","type":"node"},{"sourceIdentifier":"11017413","taxonID":47137528,"parentNameUsageID":47111832,"taxonConceptID":164,"scientificName":"Arthropoda","taxonRank":"phylum","type":"node"},{"sourceIdentifier":"11017352","taxonID":47111832,"parentNameUsageID":0,"taxonConceptID":1,"scientificName":"Animalia","taxonRank":"kingdom","type":"node"}],"preferredCommonNames":false,"commonNames":[{"vernacularName":"Giant Locust","language":"","eol_preferred":true},{"vernacularName":"Hedge Grasshopper","language":""}],"image":{"objectId":"ae9a2c853ea31359a48916c77e154865","identifier":"ae9a2c853ea31359a48916c77e154865","title":"File:Giant Grasshopper.JPG","licence":"http:\/\/creativecommons.org\/licenses\/by-sa\/3.0\/","rights":null,"credits":"<a href='http:\/\/commons.wikimedia.org\/wiki\/User:Quartl'>Quartl<\/a>&copy; ","description":null,"mimeType":"jpg","fileName":"ae9a2c853ea31359a48916c77e154865.jpg","URL":"http:\/\/media.eol.org\/content\/2012\/06\/15\/16\/88342_orig.jpg"},"iucnStatus":""},"48131322":{"collectionid":29654,"pageid":128425,"taxonConceptId":48131322,"taxonName":"Phascolarctos cinereus","textDesc":"","flathierarchy":[{"sourceIdentifier":"6863039","taxonID":48131322,"parentNameUsageID":48131321,"taxonConceptID":128425,"scientificName":"Phascolarctos cinereus (Goldfuss, 1817)","taxonRank":"Species","type":"leaf"},{"sourceIdentifier":"11087039","taxonID":48131321,"parentNameUsageID":48131320,"taxonConceptID":15077,"scientificName":"Phascolarctos","taxonRank":"genus","type":"node"},{"sourceIdentifier":"11017970","taxonID":48131320,"parentNameUsageID":48131216,"taxonConceptID":1700,"scientificName":"Phascolarctidae","taxonRank":"family","type":"node"},{"sourceIdentifier":"11017962","taxonID":48131216,"parentNameUsageID":48126727,"taxonConceptID":1694,"scientificName":"Diprotodontia","taxonRank":"order","type":"node"},{"sourceIdentifier":"11017704","taxonID":48126727,"parentNameUsageID":48126726,"taxonConceptID":1642,"scientificName":"Mammalia","taxonRank":"class","type":"node"},{"sourceIdentifier":"11017703","taxonID":48126726,"parentNameUsageID":47111832,"taxonConceptID":694,"scientificName":"Chordata","taxonRank":"phylum","type":"node"},{"sourceIdentifier":"11017352","taxonID":47111832,"parentNameUsageID":0,"taxonConceptID":1,"scientificName":"Animalia","taxonRank":"kingdom","type":"node"}],"preferredCommonNames":{"vernacularName":"Koala","language":"en","eol_preferred":true},"commonNames":[{"vernacularName":"Koala","language":"de","eol_preferred":true},{"vernacularName":"Koala","language":"en","eol_preferred":true},{"vernacularName":"Koala Bear","language":"en"},{"vernacularName":"Koala","language":"fr","eol_preferred":true},{"vernacularName":"\u041a\u043e\u0430\u043b\u0430","language":"ru","eol_preferred":true}],"image":{"objectId":"5c261e6fbaa56c717ca00c8312e4a93c","identifier":"5c261e6fbaa56c717ca00c8312e4a93c","title":"File:Koala climbing tree.jpg","licence":"http:\/\/creativecommons.org\/licenses\/by-sa\/3.0\/","rights":null,"credits":"&copy; ","description":null,"mimeType":"jpg","fileName":"5c261e6fbaa56c717ca00c8312e4a93c.jpg","URL":"http:\/\/media.eol.org\/content\/2012\/06\/12\/21\/31542_orig.jpg"},"iucnStatus":""},"48131511":{"collectionid":29654,"pageid":310755,"taxonConceptId":48131511,"taxonName":"Wallabia bicolor","textDesc":"","flathierarchy":[{"sourceIdentifier":"6863123","taxonID":48131511,"parentNameUsageID":48131510,"taxonConceptID":310755,"scientificName":"Wallabia bicolor (Desmarest, 1804)","taxonRank":"Species","type":"leaf"},{"sourceIdentifier":"11086412","taxonID":48131510,"parentNameUsageID":48131395,"taxonConceptID":39204,"scientificName":"Wallabia","taxonRank":"genus","type":"node"},{"sourceIdentifier":"11017974","taxonID":48131395,"parentNameUsageID":48131216,"taxonConceptID":7617,"scientificName":"Macropodidae","taxonRank":"family","type":"node"},{"sourceIdentifier":"11017962","taxonID":48131216,"parentNameUsageID":48126727,"taxonConceptID":1694,"scientificName":"Diprotodontia","taxonRank":"order","type":"node"},{"sourceIdentifier":"11017704","taxonID":48126727,"parentNameUsageID":48126726,"taxonConceptID":1642,"scientificName":"Mammalia","taxonRank":"class","type":"node"},{"sourceIdentifier":"11017703","taxonID":48126726,"parentNameUsageID":47111832,"taxonConceptID":694,"scientificName":"Chordata","taxonRank":"phylum","type":"node"},{"sourceIdentifier":"11017352","taxonID":47111832,"parentNameUsageID":0,"taxonConceptID":1,"scientificName":"Animalia","taxonRank":"kingdom","type":"node"}],"preferredCommonNames":{"vernacularName":"Black Wallaby","language":"en","eol_preferred":true},"commonNames":[{"vernacularName":"Black Wallaby","language":"en","eol_preferred":true},{"vernacularName":"Black-tailed Wallaby","language":"en"},{"vernacularName":"swamp wallaby","language":"en"},{"vernacularName":"\u0412\u0430\u043b\u043b\u0430\u0431\u0438 \u0431\u043e\u043b\u043e\u0442\u043d\u044b\u0439","language":"ru","eol_preferred":true}],"image":{"objectId":"6eb88f3682da79c2b358c9760fff974e","identifier":"6eb88f3682da79c2b358c9760fff974e","title":"6eb88f3682da79c2b358c9760fff974e","licence":"http:\/\/creativecommons.org\/licenses\/by-sa\/3.0\/","rights":null,"credits":"<a href='http:\/\/www.biolib.cz\/en\/person\/id1832\/'>Petr Baum<\/a>&copy; ","description":null,"mimeType":"jpg","fileName":"6eb88f3682da79c2b358c9760fff974e.jpg","URL":"http:\/\/media.eol.org\/content\/2009\/07\/24\/11\/05628_orig.jpg"},"iucnStatus":""},"48135083":{"collectionid":29654,"pageid":328699,"taxonConceptId":48135083,"taxonName":"Bos taurus","textDesc":"","flathierarchy":[{"sourceIdentifier":"6850613","taxonID":48135083,"parentNameUsageID":48135082,"taxonConceptID":328699,"scientificName":"Bos taurus Linnaeus, 1758","taxonRank":"Species","type":"leaf"},{"sourceIdentifier":"11086413","taxonID":48135082,"parentNameUsageID":48135005,"taxonConceptID":34548,"scientificName":"Bos","taxonRank":"genus","type":"node"},{"sourceIdentifier":"11018052","taxonID":48135005,"parentNameUsageID":48134866,"taxonConceptID":7687,"scientificName":"Bovidae","taxonRank":"family","type":"node"},{"sourceIdentifier":"11018043","taxonID":48134866,"parentNameUsageID":48126727,"taxonConceptID":7678,"scientificName":"Artiodactyla","taxonRank":"order","type":"node"},{"sourceIdentifier":"11017704","taxonID":48126727,"parentNameUsageID":48126726,"taxonConceptID":1642,"scientificName":"Mammalia","taxonRank":"class","type":"node"},{"sourceIdentifier":"11017703","taxonID":48126726,"parentNameUsageID":47111832,"taxonConceptID":694,"scientificName":"Chordata","taxonRank":"phylum","type":"node"},{"sourceIdentifier":"11017352","taxonID":47111832,"parentNameUsageID":0,"taxonConceptID":1,"scientificName":"Animalia","taxonRank":"kingdom","type":"node"}],"preferredCommonNames":{"vernacularName":"domestic cattle","language":"en","eol_preferred":true},"commonNames":[{"vernacularName":"Free Range Cattle","language":"","eol_preferred":true},{"vernacularName":"Bovine","language":""},{"vernacularName":"bull","language":""},{"vernacularName":"cow","language":""},{"vernacularName":"domestic cow","language":""},{"vernacularName":"ox","language":""},{"vernacularName":"watusi cattle","language":""},{"vernacularName":"Auerochse","language":"de","eol_preferred":true},{"vernacularName":"Hausrind","language":"de"},{"vernacularName":"domestic cattle","language":"en","eol_preferred":true},{"vernacularName":"Aurochs","language":"en"},{"vernacularName":"Brahma cattle","language":"en"},{"vernacularName":"Urus","language":"en"},{"vernacularName":"cattle","language":"en"},{"vernacularName":"domestic cattle (feral)","language":"en"},{"vernacularName":"domestic cattle (ferral)","language":"en"},{"vernacularName":"domesticated cattle","language":"en"},{"vernacularName":"wild auroch","language":"en"},{"vernacularName":"wild ox","language":"en"},{"vernacularName":"zebu cattle","language":"en"},{"vernacularName":"Oeros uitgestorven","language":"nl","eol_preferred":true},{"vernacularName":"Rund","language":"nl"},{"vernacularName":"Gaa-ay","language":"ur","eol_preferred":true},{"vernacularName":"Gaan'","language":"ur"},{"vernacularName":"neeli bar Gaa-ay","language":"ur"},{"vernacularName":"sandal bar Gaa-ay","language":"ur"}],"image":{"objectId":"bf61049755f38ee67198af10ed02e55a","identifier":"bf61049755f38ee67198af10ed02e55a","title":"bf61049755f38ee67198af10ed02e55a","licence":"http:\/\/creativecommons.org\/licenses\/by-nc\/3.0\/","rights":null,"credits":"&copy; ","description":null,"mimeType":"png","fileName":"bf61049755f38ee67198af10ed02e55a.png","URL":"http:\/\/media.eol.org\/content\/2009\/07\/29\/20\/85621_orig.jpg"},"iucnStatus":""},"48130969":{"collectionid":29654,"pageid":10818,"taxonConceptId":48130969,"taxonName":"Sylvilagus","textDesc":"","flathierarchy":[{"sourceIdentifier":"11043311","taxonID":48130969,"parentNameUsageID":48130826,"taxonConceptID":10818,"scientificName":"Sylvilagus","taxonRank":"Genus","type":"leaf"},{"sourceIdentifier":"11017948","taxonID":48130826,"parentNameUsageID":48130738,"taxonConceptID":1689,"scientificName":"Leporidae","taxonRank":"family","type":"node"},{"sourceIdentifier":"11017945","taxonID":48130738,"parentNameUsageID":48126727,"taxonConceptID":1686,"scientificName":"Lagomorpha","taxonRank":"order","type":"node"},{"sourceIdentifier":"11017704","taxonID":48126727,"parentNameUsageID":48126726,"taxonConceptID":1642,"scientificName":"Mammalia","taxonRank":"class","type":"node"},{"sourceIdentifier":"11017703","taxonID":48126726,"parentNameUsageID":47111832,"taxonConceptID":694,"scientificName":"Chordata","taxonRank":"phylum","type":"node"},{"sourceIdentifier":"11017352","taxonID":47111832,"parentNameUsageID":0,"taxonConceptID":1,"scientificName":"Animalia","taxonRank":"kingdom","type":"node"}],"preferredCommonNames":{"vernacularName":"Cottontail rabbits","language":"en","eol_preferred":true},"commonNames":[{"vernacularName":"Cottontail rabbits","language":"en","eol_preferred":true},{"vernacularName":"cottontails","language":"en"}],"image":{"objectId":"c2d3710ec32eae8818ef5ab460749cfd","identifier":"c2d3710ec32eae8818ef5ab460749cfd","title":"Eastern Cottontail (Sylvilagus floridanus)","licence":"http:\/\/creativecommons.org\/licenses\/by-nc-sa\/2.0\/","rights":null,"credits":"<a href='http:\/\/www.flickr.com\/photos\/30451654@N07'>Jeff Whitlock<\/a>&copy; ","description":null,"mimeType":"jpg","fileName":"c2d3710ec32eae8818ef5ab460749cfd.jpg","URL":"http:\/\/media.eol.org\/content\/2011\/11\/02\/17\/44026_orig.jpg"},"iucnStatus":""},"48130826":{"collectionid":29654,"pageid":1689,"taxonConceptId":48130826,"taxonName":"Leporidae","textDesc":"","flathierarchy":[{"sourceIdentifier":"11017948","taxonID":48130826,"parentNameUsageID":48130738,"taxonConceptID":1689,"scientificName":"Leporidae","taxonRank":"Family","type":"leaf"},{"sourceIdentifier":"11017945","taxonID":48130738,"parentNameUsageID":48126727,"taxonConceptID":1686,"scientificName":"Lagomorpha","taxonRank":"order","type":"node"},{"sourceIdentifier":"11017704","taxonID":48126727,"parentNameUsageID":48126726,"taxonConceptID":1642,"scientificName":"Mammalia","taxonRank":"class","type":"node"},{"sourceIdentifier":"11017703","taxonID":48126726,"parentNameUsageID":47111832,"taxonConceptID":694,"scientificName":"Chordata","taxonRank":"phylum","type":"node"},{"sourceIdentifier":"11017352","taxonID":47111832,"parentNameUsageID":0,"taxonConceptID":1,"scientificName":"Animalia","taxonRank":"kingdom","type":"node"}],"preferredCommonNames":{"vernacularName":"Rabbits And Hares","language":"en","eol_preferred":true},"commonNames":[{"vernacularName":"Hasen","language":"de","eol_preferred":true},{"vernacularName":"Rabbits And Hares","language":"en","eol_preferred":true},{"vernacularName":"Hares and rabbits","language":"en"},{"vernacularName":"hares","language":"en"},{"vernacularName":"rabbits","language":"en"},{"vernacularName":"rabbits and hares","language":"en"},{"vernacularName":"Conejos y Liebres","language":"es","eol_preferred":true},{"vernacularName":"Konijn (dier)","language":"nl","eol_preferred":true},{"vernacularName":"Hazen","language":"nl"},{"vernacularName":"Snikekatter","language":"no","eol_preferred":true},{"vernacularName":"Zaj\u0105cowate","language":"pl","eol_preferred":true},{"vernacularName":"\u0417\u0430\u0439\u0446\u044b","language":"ru","eol_preferred":true},{"vernacularName":"Harar","language":"sv","eol_preferred":true},{"vernacularName":"Tav\u015fangiller","language":"tr","eol_preferred":true}],"image":{"objectId":"8524fc90dbe869b4a30d91022b88591f","identifier":"8524fc90dbe869b4a30d91022b88591f","title":"File:Feldhase Schiermonnikoog.JPG","licence":"http:\/\/creativecommons.org\/licenses\/publicdomain\/","rights":null,"credits":"<a href='http:\/\/en.wikipedia.org\/wiki\/:de:User:MOdmate'>MOdmate<\/a>&copy; ","description":null,"mimeType":"jpg","fileName":"8524fc90dbe869b4a30d91022b88591f.jpg","URL":"http:\/\/media.eol.org\/content\/2012\/06\/13\/19\/14502_orig.jpg"},"iucnStatus":""},"48130738":{"collectionid":29654,"pageid":1686,"taxonConceptId":48130738,"taxonName":"Lagomorpha","textDesc":"","flathierarchy":[{"sourceIdentifier":"11017945","taxonID":48130738,"parentNameUsageID":48126727,"taxonConceptID":1686,"scientificName":"Lagomorpha","taxonRank":"Order","type":"leaf"},{"sourceIdentifier":"11017704","taxonID":48126727,"parentNameUsageID":48126726,"taxonConceptID":1642,"scientificName":"Mammalia","taxonRank":"class","type":"node"},{"sourceIdentifier":"11017703","taxonID":48126726,"parentNameUsageID":47111832,"taxonConceptID":694,"scientificName":"Chordata","taxonRank":"phylum","type":"node"},{"sourceIdentifier":"11017352","taxonID":47111832,"parentNameUsageID":0,"taxonConceptID":1,"scientificName":"Animalia","taxonRank":"kingdom","type":"node"}],"preferredCommonNames":{"vernacularName":"hares, pikas, and rabbits","language":"en","eol_preferred":true},"commonNames":[{"vernacularName":"Hasenartige","language":"de","eol_preferred":true},{"vernacularName":"hares, pikas, and rabbits","language":"en","eol_preferred":true},{"vernacularName":"hares","language":"en"},{"vernacularName":"lagomorphs","language":"en"},{"vernacularName":"pikas","language":"en"},{"vernacularName":"rabbits","language":"en"},{"vernacularName":"Lagomorpha","language":"es","eol_preferred":true},{"vernacularName":"Lagomorfos","language":"es"},{"vernacularName":"Tapeti","language":"es"},{"vernacularName":"Lagomorfos","language":"pt","eol_preferred":true},{"vernacularName":"Tapeti","language":"pt"},{"vernacularName":"coelho","language":"pt"},{"vernacularName":"\u0417\u0430\u0439\u0446\u0435\u043e\u0431\u0440\u0430\u0437\u043d\u044b\u0435","language":"ru","eol_preferred":true},{"vernacularName":"KharGosh","language":"ur","eol_preferred":true},{"vernacularName":"Sayh","language":"ur"}],"image":{"objectId":"8524fc90dbe869b4a30d91022b88591f","identifier":"8524fc90dbe869b4a30d91022b88591f","title":"File:Feldhase Schiermonnikoog.JPG","licence":"http:\/\/creativecommons.org\/licenses\/publicdomain\/","rights":null,"credits":"<a href='http:\/\/en.wikipedia.org\/wiki\/:de:User:MOdmate'>MOdmate<\/a>&copy; ","description":null,"mimeType":"jpg","fileName":"8524fc90dbe869b4a30d91022b88591f.jpg","URL":"http:\/\/media.eol.org\/content\/2012\/06\/13\/19\/14502_orig.jpg"},"iucnStatus":""},"48126727":{"collectionid":29654,"pageid":1642,"taxonConceptId":48126727,"taxonName":"Mammalia","textDesc":"","flathierarchy":[{"sourceIdentifier":"11017704","taxonID":48126727,"parentNameUsageID":48126726,"taxonConceptID":1642,"scientificName":"Mammalia","taxonRank":"Class","type":"leaf"},{"sourceIdentifier":"11017703","taxonID":48126726,"parentNameUsageID":47111832,"taxonConceptID":694,"scientificName":"Chordata","taxonRank":"phylum","type":"node"},{"sourceIdentifier":"11017352","taxonID":47111832,"parentNameUsageID":0,"taxonConceptID":1,"scientificName":"Animalia","taxonRank":"kingdom","type":"node"}],"preferredCommonNames":{"vernacularName":"mammals","language":"en","eol_preferred":true},"commonNames":[{"vernacularName":"Marmoset","language":"","eol_preferred":true},{"vernacularName":"S\u00fbchdieren","language":"","eol_preferred":true},{"vernacularName":"Koala","language":""},{"vernacularName":"Soogdiere","language":"af","eol_preferred":true},{"vernacularName":"\u062b\u062f\u064a\u064a\u0627\u062a","language":"ar","eol_preferred":true},{"vernacularName":"\u0411\u043e\u0437\u0430\u0439\u043d\u0438\u0446\u0438\u0442\u0435","language":"bg","eol_preferred":true},{"vernacularName":"Bronneged","language":"br","eol_preferred":true},{"vernacularName":"Sisari","language":"bs","eol_preferred":true},{"vernacularName":"Mam\u00edfers","language":"ca","eol_preferred":true},{"vernacularName":"Mammiferu","language":"co","eol_preferred":true},{"vernacularName":"Savci","language":"cs","eol_preferred":true},{"vernacularName":"Mamaliaid","language":"cy","eol_preferred":true},{"vernacularName":"Pattedyr","language":"da","eol_preferred":true},{"vernacularName":"S\u00e4ugetiere","language":"de","eol_preferred":true},{"vernacularName":"\u0398\u03b7\u03bb\u03b1\u03c3\u03c4\u03b9\u03ba\u03ac","language":"el","eol_preferred":true},{"vernacularName":"mammals","language":"en","eol_preferred":true},{"vernacularName":"Mamuloj","language":"eo","eol_preferred":true},{"vernacularName":"Mammalia","language":"es","eol_preferred":true},{"vernacularName":"Mam\u00edferos","language":"es"},{"vernacularName":"Imetajad","language":"et","eol_preferred":true},{"vernacularName":"Ugaztunak","language":"eu","eol_preferred":true},{"vernacularName":"\u067e\u0633\u062a\u0627\u0646\u062f\u0627\u0631\u0627\u0646","language":"fa","eol_preferred":true},{"vernacularName":"Nis\u00e4kk\u00e4\u00e4t","language":"fi","eol_preferred":true},{"vernacularName":"S\u00fagdj\u00f3r","language":"fo","eol_preferred":true},{"vernacularName":"mammif\u00e8res","language":"fr","eol_preferred":true},{"vernacularName":"Mamalan","language":"gd","eol_preferred":true},{"vernacularName":"mam\u00edfero","language":"gl","eol_preferred":true},{"vernacularName":"Mam\u00edferos","language":"gl"},{"vernacularName":"\u05d9\u05d5\u05e0\u05e7\u05d9\u05dd","language":"he","eol_preferred":true},{"vernacularName":"Sisavci","language":"hr","eol_preferred":true},{"vernacularName":"Eml\u0151s\u00f6k","language":"hu","eol_preferred":true},{"vernacularName":"Mammales","language":"ia","eol_preferred":true},{"vernacularName":"Binatang menyusui","language":"id","eol_preferred":true},{"vernacularName":"Mamifero","language":"io","eol_preferred":true},{"vernacularName":"Spend\u00fdr","language":"is","eol_preferred":true},{"vernacularName":"Mammiferi","language":"it","eol_preferred":true},{"vernacularName":"\u54fa\u4e73\u7db1","language":"ja","eol_preferred":true},{"vernacularName":"\ud3ec\uc720\ub958","language":"ko","eol_preferred":true},{"vernacularName":"Bronnviles","language":"kw","eol_preferred":true},{"vernacularName":"Mamend\u00e9ieren","language":"lb","eol_preferred":true},{"vernacularName":"Zoegdiere","language":"li","eol_preferred":true},{"vernacularName":"\u017dinduoliai","language":"lt","eol_preferred":true},{"vernacularName":"\u0426\u0438\u0446\u0430\u0447\u0438\u0442\u0435","language":"mk","eol_preferred":true},{"vernacularName":"Zoogdieren","language":"nl","eol_preferred":true},{"vernacularName":"Pattedyr","language":"no","eol_preferred":true},{"vernacularName":"spendyr","language":"no"},{"vernacularName":"Mamif\u00e8rs","language":"oc","eol_preferred":true},{"vernacularName":"Ssaki","language":"pl","eol_preferred":true},{"vernacularName":"mam\u00ccfero","language":"pt","eol_preferred":true},{"vernacularName":"Mam\u00edferos","language":"pt"},{"vernacularName":"mam\u00edfero","language":"pt"},{"vernacularName":"Mamifere","language":"ro","eol_preferred":true},{"vernacularName":"\u0422\u0440\u0435\u0445\u043d\u043e\u0442\u0435\u0440\u0438\u0438","language":"ru","eol_preferred":true},{"vernacularName":"\u041c\u043b\u0435\u043a\u043e\u043f\u0438\u0442\u0430\u044e\u0449\u0438\u0435","language":"ru"},{"vernacularName":"Cicavce","language":"sk","eol_preferred":true},{"vernacularName":"Sesalci","language":"sl","eol_preferred":true},{"vernacularName":"Gjitar","language":"sq","eol_preferred":true},{"vernacularName":"\u0421\u0438\u0441\u0430\u0440\u0438","language":"sr","eol_preferred":true},{"vernacularName":"Mamalia","language":"su","eol_preferred":true},{"vernacularName":"D\u00e4ggdjur","language":"sv","eol_preferred":true},{"vernacularName":"\u0e2a\u0e31\u0e15\u0e27\u0e4c\u0e40\u0e25\u0e35\u0e49\u0e22\u0e07\u0e25\u0e39\u0e01\u0e14\u0e49\u0e27\u0e22\u0e19\u0e21","language":"th","eol_preferred":true},{"vernacularName":"Memeliler","language":"tr","eol_preferred":true},{"vernacularName":"\u0421\u0441\u0430\u0432\u0446\u0456","language":"uk","eol_preferred":true},{"vernacularName":"L\u1edbp Th\u00fa","language":"vi","eol_preferred":true},{"vernacularName":"Biesse \u00e5s tetes","language":"wa","eol_preferred":true},{"vernacularName":"\u05d6\u05d5\u05d9\u05d2 \u05d1\u05e2\u05dc \u05d7\u05d9\u05d4","language":"yi","eol_preferred":true},{"vernacularName":"\u54fa\u4e73\u52d5\u7269","language":"zh","eol_preferred":true}],"image":{"objectId":"1eb4be8b51648a31b04e6830778fa08a","identifier":"1eb4be8b51648a31b04e6830778fa08a","title":"File:Wildebeest, Amboseli National Park.jpg","licence":"http:\/\/creativecommons.org\/licenses\/by-sa\/3.0\/","rights":null,"credits":"Paul Mannix&copy; ","description":null,"mimeType":"jpg","fileName":"1eb4be8b51648a31b04e6830778fa08a.jpg","URL":"http:\/\/media.eol.org\/content\/2012\/06\/15\/14\/19478_orig.jpg"},"iucnStatus":""},"48126726":{"collectionid":29654,"pageid":694,"taxonConceptId":48126726,"taxonName":"Chordata","textDesc":"","flathierarchy":[{"sourceIdentifier":"11017703","taxonID":48126726,"parentNameUsageID":47111832,"taxonConceptID":694,"scientificName":"Chordata","taxonRank":"Phylum","type":"leaf"},{"sourceIdentifier":"11017352","taxonID":47111832,"parentNameUsageID":0,"taxonConceptID":1,"scientificName":"Animalia","taxonRank":"kingdom","type":"node"}],"preferredCommonNames":{"vernacularName":"Chordates","language":"en","eol_preferred":true},"commonNames":[{"vernacularName":"R\u00eachstringdier","language":"","eol_preferred":true},{"vernacularName":"\u0425\u043e\u0440\u0434\u043e\u0432\u0438","language":"bg","eol_preferred":true},{"vernacularName":"Cordados","language":"br","eol_preferred":true},{"vernacularName":"Hordati","language":"bs","eol_preferred":true},{"vernacularName":"Cordat","language":"ca","eol_preferred":true},{"vernacularName":"Strunatci","language":"cs","eol_preferred":true},{"vernacularName":"Cordog","language":"cy","eol_preferred":true},{"vernacularName":"Chordater","language":"da","eol_preferred":true},{"vernacularName":"Chordatiere","language":"de","eol_preferred":true},{"vernacularName":"\u03a7\u03bf\u03c1\u03b4\u03c9\u03c4\u03ac","language":"el","eol_preferred":true},{"vernacularName":"Chordates","language":"en","eol_preferred":true},{"vernacularName":"Chordate","language":"en"},{"vernacularName":"\u0124ordulo","language":"eo","eol_preferred":true},{"vernacularName":"cordado","language":"es","eol_preferred":true},{"vernacularName":"Keelikloomad","language":"et","eol_preferred":true},{"vernacularName":"Selk\u00e4j\u00e4nteiset","language":"fi","eol_preferred":true},{"vernacularName":"cord\u00e9s","language":"fr","eol_preferred":true},{"vernacularName":"Chord\u00e9s","language":"fr"},{"vernacularName":"Cordados","language":"gl","eol_preferred":true},{"vernacularName":"\u05de\u05d9\u05ea\u05e8\u05e0\u05d9\u05d9\u05dd","language":"he","eol_preferred":true},{"vernacularName":"Svitkovci","language":"hr","eol_preferred":true},{"vernacularName":"Gerinch\u00farosok","language":"hu","eol_preferred":true},{"vernacularName":"Chordatos","language":"ia","eol_preferred":true},{"vernacularName":"Cordati","language":"it","eol_preferred":true},{"vernacularName":"\u810a\u7d22\u52d5\u7269","language":"ja","eol_preferred":true},{"vernacularName":"\ucc99\uc0c9\ub3d9\ubb3c","language":"ko","eol_preferred":true},{"vernacularName":"Chordiniai","language":"lt","eol_preferred":true},{"vernacularName":"\u0425\u043e\u0440\u0434\u0430\u0442\u0438","language":"mk","eol_preferred":true},{"vernacularName":"Chordadieren","language":"nl","eol_preferred":true},{"vernacularName":"Ryggstrengdyr","language":"no","eol_preferred":true},{"vernacularName":"Strunowce","language":"pl","eol_preferred":true},{"vernacularName":"Cordados","language":"pt","eol_preferred":true},{"vernacularName":"cordado","language":"pt"},{"vernacularName":"\u0425\u043e\u0440\u0434\u043e\u0432\u044b\u0435","language":"ru","eol_preferred":true},{"vernacularName":"Strunarji","language":"sl","eol_preferred":true},{"vernacularName":"\u0425\u043e\u0440\u0434\u0430\u0442\u0438","language":"sr","eol_preferred":true},{"vernacularName":"Ryggstr\u00e4ngsdjur","language":"sv","eol_preferred":true},{"vernacularName":"\u0e2a\u0e31\u0e15\u0e27\u0e4c\u0e21\u0e35\u0e41\u0e01\u0e19\u0e2a\u0e31\u0e19\u0e2b\u0e25\u0e31\u0e07","language":"th","eol_preferred":true},{"vernacularName":"Kordal\u0131lar","language":"tr","eol_preferred":true},{"vernacularName":"\u0425\u043e\u0440\u0434\u043e\u0432\u0456","language":"uk","eol_preferred":true},{"vernacularName":"\u810a\u7d22\u52a8\u7269\u95e8","language":"zh","eol_preferred":true}],"image":{"objectId":"d7632ca7545ce5999a270068d209640b","identifier":"d7632ca7545ce5999a270068d209640b","title":"File:Red eyed tree frog edit2.jpg","licence":"http:\/\/creativecommons.org\/licenses\/publicdomain\/","rights":null,"credits":"<a href='http:\/\/en.wikipedia.org\/wiki\/:en:User:Careyjamesbalboa'>Careyjamesbalboa (Carey James Balboa)<\/a>&copy; ","description":null,"mimeType":"jpg","fileName":"d7632ca7545ce5999a270068d209640b.jpg","URL":"http:\/\/media.eol.org\/content\/2012\/06\/13\/18\/12313_orig.jpg"},"iucnStatus":""},"47111832":{"collectionid":29654,"pageid":1,"taxonConceptId":47111832,"taxonName":"Animalia","textDesc":"","flathierarchy":null,"preferredCommonNames":{"vernacularName":"animals","language":"en","eol_preferred":true},"commonNames":[{"vernacularName":"Dier","language":"","eol_preferred":true},{"vernacularName":"multicellular animals","language":"","eol_preferred":true},{"vernacularName":"\u0a1c\u0a3e\u0a28\u0a35\u0a30","language":"","eol_preferred":true},{"vernacularName":"metazoans","language":""},{"vernacularName":"Diere","language":"af","eol_preferred":true},{"vernacularName":"Animal","language":"an","eol_preferred":true},{"vernacularName":"\u062d\u064a\u0648\u0627\u0646","language":"ar","eol_preferred":true},{"vernacularName":"\u0416\u0438\u0432\u043e\u0442\u043d\u0438","language":"bg","eol_preferred":true},{"vernacularName":"Bagan","language":"bm","eol_preferred":true},{"vernacularName":"Loen","language":"br","eol_preferred":true},{"vernacularName":"\u017divotinje","language":"bs","eol_preferred":true},{"vernacularName":"Animal","language":"ca","eol_preferred":true},{"vernacularName":"\u017divo\u010dichov\u00e9","language":"cs","eol_preferred":true},{"vernacularName":"Anifail","language":"cy","eol_preferred":true},{"vernacularName":"Dyr","language":"da","eol_preferred":true},{"vernacularName":"Tier","language":"de","eol_preferred":true},{"vernacularName":"Tiere","language":"de"},{"vernacularName":"\u0396\u03ce\u03bf","language":"el","eol_preferred":true},{"vernacularName":"animals","language":"en","eol_preferred":true},{"vernacularName":"Animal","language":"en"},{"vernacularName":"Animalo","language":"eo","eol_preferred":true},{"vernacularName":"Agnotozoa","language":"es","eol_preferred":true},{"vernacularName":"Animales","language":"es"},{"vernacularName":"Loomad","language":"et","eol_preferred":true},{"vernacularName":"Animaliak","language":"eu","eol_preferred":true},{"vernacularName":"\u062c\u0627\u0646\u0648\u0631\u0627\u0646","language":"fa","eol_preferred":true},{"vernacularName":"El\u00e4inkunta","language":"fi","eol_preferred":true},{"vernacularName":"Goodeinae","language":"fr","eol_preferred":true},{"vernacularName":"Animal","language":"fr"},{"vernacularName":"animaux","language":"fr"},{"vernacularName":"Ainmh\u00ed","language":"ga","eol_preferred":true},{"vernacularName":"Beathach","language":"gd","eol_preferred":true},{"vernacularName":"Animalia","language":"gl","eol_preferred":true},{"vernacularName":"Animais","language":"gl"},{"vernacularName":"\u05d1\u05e2\u05dc\u05d9 \u05d7\u05d9\u05d9\u05dd","language":"he","eol_preferred":true},{"vernacularName":"\u017divotinje","language":"hr","eol_preferred":true},{"vernacularName":"\u00c1llat","language":"hu","eol_preferred":true},{"vernacularName":"Animal","language":"ia","eol_preferred":true},{"vernacularName":"Hewan","language":"id","eol_preferred":true},{"vernacularName":"Animalo","language":"io","eol_preferred":true},{"vernacularName":"D\u00fdr","language":"is","eol_preferred":true},{"vernacularName":"Animali","language":"it","eol_preferred":true},{"vernacularName":"\u52d5\u7269","language":"ja","eol_preferred":true},{"vernacularName":"\u0caa\u0ccd\u0cb0\u0cbe\u0ca3\u0cbf","language":"kn","eol_preferred":true},{"vernacularName":"\ub3d9\ubb3c","language":"ko","eol_preferred":true},{"vernacularName":"Ajal","language":"ku","eol_preferred":true},{"vernacularName":"Enyval","language":"kw","eol_preferred":true},{"vernacularName":"D\u00e9ierer\u00e4ich","language":"lb","eol_preferred":true},{"vernacularName":"Diere","language":"li","eol_preferred":true},{"vernacularName":"Gyv\u016bnai","language":"lt","eol_preferred":true},{"vernacularName":"Dz\u012bvnieki","language":"lv","eol_preferred":true},{"vernacularName":"\u0416\u0438\u0432\u043e\u0442\u043d\u0438","language":"mk","eol_preferred":true},{"vernacularName":"\u092a\u094d\u0930\u093e\u0923\u0940","language":"mr","eol_preferred":true},{"vernacularName":"Haiwan","language":"ms","eol_preferred":true},{"vernacularName":"Dieren","language":"nl","eol_preferred":true},{"vernacularName":"Dyr","language":"no","eol_preferred":true},{"vernacularName":"animals","language":"oc","eol_preferred":true},{"vernacularName":"Zwierz\u0119ta","language":"pl","eol_preferred":true},{"vernacularName":"Agnotozoa","language":"pt","eol_preferred":true},{"vernacularName":"Animais","language":"pt"},{"vernacularName":"Animal","language":"pt"},{"vernacularName":"Uywa","language":"qu","eol_preferred":true},{"vernacularName":"Animale","language":"ro","eol_preferred":true},{"vernacularName":"\u0416\u0438\u0432\u043e\u0442\u043d\u044b\u0435","language":"ru","eol_preferred":true},{"vernacularName":"\u017divotinje","language":"sh","eol_preferred":true},{"vernacularName":"\u017divo\u010d\u00edchy","language":"sk","eol_preferred":true},{"vernacularName":"\u017divali","language":"sl","eol_preferred":true},{"vernacularName":"\u0416\u0438\u0432\u043e\u0442\u0438\u045a\u0430","language":"sr","eol_preferred":true},{"vernacularName":"Sato","language":"su","eol_preferred":true},{"vernacularName":"Djur","language":"sv","eol_preferred":true},{"vernacularName":"\u0bb5\u0bbf\u0bb2\u0b99\u0bcd\u0b95\u0bc1","language":"ta","eol_preferred":true},{"vernacularName":"\u0e2a\u0e31\u0e15\u0e27\u0e4c","language":"th","eol_preferred":true},{"vernacularName":"Hayvanlar","language":"tr","eol_preferred":true},{"vernacularName":"\u0422\u0432\u0430\u0440\u0438\u043d\u0438","language":"uk","eol_preferred":true},{"vernacularName":"\u062c\u0627\u0646\u0648\u0631","language":"ur","eol_preferred":true},{"vernacularName":"\u0110\u1ed9ng v\u1eadt","language":"vi","eol_preferred":true},{"vernacularName":"\u05d1\u05e2\u05dc\u05d9 \u05d7\u05d9\u05d9\u05dd","language":"yi","eol_preferred":true},{"vernacularName":"\u52a8\u7269","language":"zh","eol_preferred":true}],"image":{"objectId":"c2ff2ad51522568fa3d2d2b3d3fe3394","identifier":"c2ff2ad51522568fa3d2d2b3d3fe3394","title":"Amblycorypha oblongifolia,-side_2012-07-26-17.10.53-ZS-PMax","licence":"http:\/\/creativecommons.org\/licenses\/by\/2.0\/","rights":null,"credits":"<a href='http:\/\/www.flickr.com\/photos\/54563451@N08'>USGS Native Bee Inventory and Monitoring Laboratory<\/a>&copy; ","description":null,"mimeType":"jpg","fileName":"c2ff2ad51522568fa3d2d2b3d3fe3394.jpg","URL":"http:\/\/media.eol.org\/content\/2012\/07\/29\/23\/85316_orig.jpg"},"iucnStatus":""},"48130579":{"collectionid":29654,"pageid":1670,"taxonConceptId":48130579,"taxonName":"Equidae","textDesc":"","flathierarchy":[{"sourceIdentifier":"11017851","taxonID":48130579,"parentNameUsageID":48130562,"taxonConceptID":1670,"scientificName":"Equidae","taxonRank":"Family","type":"leaf"},{"sourceIdentifier":"11017848","taxonID":48130562,"parentNameUsageID":48126727,"taxonConceptID":1667,"scientificName":"Perissodactyla","taxonRank":"order","type":"node"},{"sourceIdentifier":"11017704","taxonID":48126727,"parentNameUsageID":48126726,"taxonConceptID":1642,"scientificName":"Mammalia","taxonRank":"class","type":"node"},{"sourceIdentifier":"11017703","taxonID":48126726,"parentNameUsageID":47111832,"taxonConceptID":694,"scientificName":"Chordata","taxonRank":"phylum","type":"node"},{"sourceIdentifier":"11017352","taxonID":47111832,"parentNameUsageID":0,"taxonConceptID":1,"scientificName":"Animalia","taxonRank":"kingdom","type":"node"}],"preferredCommonNames":{"vernacularName":"asses, horses, and zebras","language":"en","eol_preferred":true},"commonNames":[{"vernacularName":"Mule","language":"","eol_preferred":true},{"vernacularName":"asses, horses, and zebras","language":"en","eol_preferred":true},{"vernacularName":"asses","language":"en"},{"vernacularName":"horses","language":"en"},{"vernacularName":"zebras","language":"en"},{"vernacularName":"Equidi","language":"it","eol_preferred":true},{"vernacularName":"\u041b\u043e\u0448\u0430\u0434\u0438","language":"ru","eol_preferred":true},{"vernacularName":"\u041b\u043e\u0448\u0430\u0434\u0438\u043d\u044b\u0435","language":"ru"}],"image":{"objectId":"9ee0bb9310ab3511b0de510e5722e59e","identifier":"9ee0bb9310ab3511b0de510e5722e59e","title":"File:Equus burchelli 4.jpg","licence":"http:\/\/creativecommons.org\/licenses\/by-sa\/3.0\/","rights":null,"credits":"<a href='http:\/\/commons.wikimedia.org\/wiki\/User:Biopics'>Hans Hillewaert<\/a>&copy; ","description":null,"mimeType":"jpg","fileName":"9ee0bb9310ab3511b0de510e5722e59e.jpg","URL":"http:\/\/media.eol.org\/content\/2012\/06\/13\/04\/87346_orig.jpg"},"iucnStatus":""},"48130562":{"collectionid":29654,"pageid":1667,"taxonConceptId":48130562,"taxonName":"Perissodactyla","textDesc":"","flathierarchy":[{"sourceIdentifier":"11017848","taxonID":48130562,"parentNameUsageID":48126727,"taxonConceptID":1667,"scientificName":"Perissodactyla","taxonRank":"Order","type":"leaf"},{"sourceIdentifier":"11017704","taxonID":48126727,"parentNameUsageID":48126726,"taxonConceptID":1642,"scientificName":"Mammalia","taxonRank":"class","type":"node"},{"sourceIdentifier":"11017703","taxonID":48126726,"parentNameUsageID":47111832,"taxonConceptID":694,"scientificName":"Chordata","taxonRank":"phylum","type":"node"},{"sourceIdentifier":"11017352","taxonID":47111832,"parentNameUsageID":0,"taxonConceptID":1,"scientificName":"Animalia","taxonRank":"kingdom","type":"node"}],"preferredCommonNames":{"vernacularName":"horses, rhinoceroses, and tapirs","language":"en","eol_preferred":true},"commonNames":[{"vernacularName":"horses, rhinoceroses, and tapirs","language":"en","eol_preferred":true},{"vernacularName":"odd-toed ungulates","language":"en"},{"vernacularName":"Perissodactyla","language":"es","eol_preferred":true},{"vernacularName":"Perisod\u00e1ctilos","language":"es"},{"vernacularName":"P\u00e1ratlanujj\u00fa pat\u00e1sok","language":"hu","eol_preferred":true},{"vernacularName":"Nieparzystokopytne","language":"pl","eol_preferred":true},{"vernacularName":"Perissod\u00e1ctilos","language":"pt","eol_preferred":true},{"vernacularName":"antas","language":"pt"},{"vernacularName":"\u041d\u0435\u043f\u0430\u0440\u043d\u043e\u043a\u043e\u043f\u044b\u0442\u043d\u044b\u0435","language":"ru","eol_preferred":true},{"vernacularName":"Tek toynakl\u0131lar","language":"tr","eol_preferred":true}],"image":{"objectId":"9ee0bb9310ab3511b0de510e5722e59e","identifier":"9ee0bb9310ab3511b0de510e5722e59e","title":"File:Equus burchelli 4.jpg","licence":"http:\/\/creativecommons.org\/licenses\/by-sa\/3.0\/","rights":null,"credits":"<a href='http:\/\/commons.wikimedia.org\/wiki\/User:Biopics'>Hans Hillewaert<\/a>&copy; ","description":null,"mimeType":"jpg","fileName":"9ee0bb9310ab3511b0de510e5722e59e.jpg","URL":"http:\/\/media.eol.org\/content\/2012\/06\/13\/04\/87346_orig.jpg"},"iucnStatus":""},"48133398":{"collectionid":29654,"pageid":42283,"taxonConceptId":48133398,"taxonName":"Ailuropoda","textDesc":"","flathierarchy":[{"sourceIdentifier":"11053415","taxonID":48133398,"parentNameUsageID":48133343,"taxonConceptID":42283,"scientificName":"Ailuropoda","taxonRank":"Genus","type":"leaf"},{"sourceIdentifier":"11018021","taxonID":48133343,"parentNameUsageID":48133172,"taxonConceptID":7664,"scientificName":"Ursidae","taxonRank":"family","type":"node"},{"sourceIdentifier":"11018019","taxonID":48133172,"parentNameUsageID":48126727,"taxonConceptID":7662,"scientificName":"Carnivora","taxonRank":"order","type":"node"},{"sourceIdentifier":"11017704","taxonID":48126727,"parentNameUsageID":48126726,"taxonConceptID":1642,"scientificName":"Mammalia","taxonRank":"class","type":"node"},{"sourceIdentifier":"11017703","taxonID":48126726,"parentNameUsageID":47111832,"taxonConceptID":694,"scientificName":"Chordata","taxonRank":"phylum","type":"node"},{"sourceIdentifier":"11017352","taxonID":47111832,"parentNameUsageID":0,"taxonConceptID":1,"scientificName":"Animalia","taxonRank":"kingdom","type":"node"}],"preferredCommonNames":false,"commonNames":[],"image":{"objectId":"f6bd1dae5ebc2a671978f3ded8c26ab2","identifier":"f6bd1dae5ebc2a671978f3ded8c26ab2","title":"Giant Panda","licence":"http:\/\/creativecommons.org\/licenses\/by-nc-sa\/2.0\/","rights":null,"credits":"<a href='http:\/\/www.flickr.com\/photos\/51045845@N08'>Smithsonian Wild<\/a>&copy; ","description":null,"mimeType":"jpg","fileName":"f6bd1dae5ebc2a671978f3ded8c26ab2.jpg","URL":"http:\/\/media.eol.org\/content\/2012\/02\/27\/00\/74008_orig.jpg"},"iucnStatus":""},"48133343":{"collectionid":29654,"pageid":7664,"taxonConceptId":48133343,"taxonName":"Ursidae","textDesc":"","flathierarchy":[{"sourceIdentifier":"11018021","taxonID":48133343,"parentNameUsageID":48133172,"taxonConceptID":7664,"scientificName":"Ursidae","taxonRank":"Family","type":"leaf"},{"sourceIdentifier":"11018019","taxonID":48133172,"parentNameUsageID":48126727,"taxonConceptID":7662,"scientificName":"Carnivora","taxonRank":"order","type":"node"},{"sourceIdentifier":"11017704","taxonID":48126727,"parentNameUsageID":48126726,"taxonConceptID":1642,"scientificName":"Mammalia","taxonRank":"class","type":"node"},{"sourceIdentifier":"11017703","taxonID":48126726,"parentNameUsageID":47111832,"taxonConceptID":694,"scientificName":"Chordata","taxonRank":"phylum","type":"node"},{"sourceIdentifier":"11017352","taxonID":47111832,"parentNameUsageID":0,"taxonConceptID":1,"scientificName":"Animalia","taxonRank":"kingdom","type":"node"}],"preferredCommonNames":{"vernacularName":"bears","language":"en","eol_preferred":true},"commonNames":[{"vernacularName":"Onso","language":"an","eol_preferred":true},{"vernacularName":"\u041c\u0435\u0447\u043a\u0430","language":"bg","eol_preferred":true},{"vernacularName":"\u00d3s","language":"ca","eol_preferred":true},{"vernacularName":"Bj\u00f8rne","language":"da","eol_preferred":true},{"vernacularName":"B\u00e4r","language":"de","eol_preferred":true},{"vernacularName":"bears","language":"en","eol_preferred":true},{"vernacularName":"Bear","language":"en"},{"vernacularName":"Urso","language":"eo","eol_preferred":true},{"vernacularName":"Ursidae","language":"es","eol_preferred":true},{"vernacularName":"Oso","language":"es"},{"vernacularName":"Karhut","language":"fi","eol_preferred":true},{"vernacularName":"Ursidae","language":"fr","eol_preferred":true},{"vernacularName":"Ursid\u00e9s","language":"fr"},{"vernacularName":"Medvjedi","language":"hr","eol_preferred":true},{"vernacularName":"Medve","language":"hu","eol_preferred":true},{"vernacularName":"Ursidae","language":"it","eol_preferred":true},{"vernacularName":"Orso","language":"it"},{"vernacularName":"\u30af\u30de","language":"ja","eol_preferred":true},{"vernacularName":"Beren","language":"nl","eol_preferred":true},{"vernacularName":"Beer","language":"nl"},{"vernacularName":"Bj\u00f8rnefamilien","language":"no","eol_preferred":true},{"vernacularName":"Bj\u00f8rner","language":"no"},{"vernacularName":"Nied\u017awiedziowate","language":"pl","eol_preferred":true},{"vernacularName":"Urs\u00eddeos","language":"pt","eol_preferred":true},{"vernacularName":"Urso","language":"pt"},{"vernacularName":"Urs","language":"ro","eol_preferred":true},{"vernacularName":"\u041c\u0435\u0434\u0432\u0435\u0436\u044c\u0438","language":"ru","eol_preferred":true},{"vernacularName":"Bj\u00f6rnar","language":"sv","eol_preferred":true},{"vernacularName":"Ay\u0131giller","language":"tr","eol_preferred":true},{"vernacularName":"\u718a\u79d1","language":"zh","eol_preferred":true}],"image":{"objectId":"60107d04864e08ea1e2257a718a7aaa7","identifier":"60107d04864e08ea1e2257a718a7aaa7","title":"Ursus maritimus II","licence":"http:\/\/creativecommons.org\/licenses\/by-nc\/2.0\/","rights":null,"credits":"<a href='http:\/\/www.flickr.com\/photos\/34328261@N02'>Blake Matheson<\/a>&copy; ","description":null,"mimeType":"jpg","fileName":"60107d04864e08ea1e2257a718a7aaa7.jpg","URL":"http:\/\/media.eol.org\/content\/2011\/11\/02\/13\/98177_orig.jpg"},"iucnStatus":""},"48133172":{"collectionid":29654,"pageid":7662,"taxonConceptId":48133172,"taxonName":"Carnivora","textDesc":"","flathierarchy":[{"sourceIdentifier":"11018019","taxonID":48133172,"parentNameUsageID":48126727,"taxonConceptID":7662,"scientificName":"Carnivora","taxonRank":"Order","type":"leaf"},{"sourceIdentifier":"11017704","taxonID":48126727,"parentNameUsageID":48126726,"taxonConceptID":1642,"scientificName":"Mammalia","taxonRank":"class","type":"node"},{"sourceIdentifier":"11017703","taxonID":48126726,"parentNameUsageID":47111832,"taxonConceptID":694,"scientificName":"Chordata","taxonRank":"phylum","type":"node"},{"sourceIdentifier":"11017352","taxonID":47111832,"parentNameUsageID":0,"taxonConceptID":1,"scientificName":"Animalia","taxonRank":"kingdom","type":"node"}],"preferredCommonNames":{"vernacularName":"carnivores","language":"en","eol_preferred":true},"commonNames":[{"vernacularName":"\u0622\u0643\u0644\u0627\u062a \u0627\u0644\u0644\u062d\u0648\u0645","language":"ar","eol_preferred":true},{"vernacularName":"\u0425\u0438\u0449\u043d\u0438\u0446\u0438","language":"bg","eol_preferred":true},{"vernacularName":"Meso\u017ederi","language":"bs","eol_preferred":true},{"vernacularName":"\u0160elmy","language":"cs","eol_preferred":true},{"vernacularName":"Rovdyr (orden)","language":"da","eol_preferred":true},{"vernacularName":"Rovdyr","language":"da"},{"vernacularName":"Landraubtiere","language":"de","eol_preferred":true},{"vernacularName":"Raubtiere","language":"de"},{"vernacularName":"\u03a3\u03b1\u03c1\u03ba\u03bf\u03c6\u03ac\u03b3\u03b1","language":"el","eol_preferred":true},{"vernacularName":"carnivores","language":"en","eol_preferred":true},{"vernacularName":"Carn\u00edvoros","language":"es","eol_preferred":true},{"vernacularName":"Petoel\u00e4imet","language":"fi","eol_preferred":true},{"vernacularName":"carnivores","language":"fr","eol_preferred":true},{"vernacularName":"\u05d8\u05d5\u05e8\u05e4\u05d9\u05dd","language":"he","eol_preferred":true},{"vernacularName":"Zvijeri","language":"hr","eol_preferred":true},{"vernacularName":"Ragadoz\u00f3k","language":"hu","eol_preferred":true},{"vernacularName":"Carnivora","language":"it","eol_preferred":true},{"vernacularName":"Carnivori","language":"it"},{"vernacularName":"\u30cd\u30b3\u76ee","language":"ja","eol_preferred":true},{"vernacularName":"\u30cd\u30b3\u76ee (\u98df\u8089\u76ee)","language":"ja"},{"vernacularName":"Landroofdieren","language":"nl","eol_preferred":true},{"vernacularName":"Roofdieren","language":"nl"},{"vernacularName":"Rovdyr","language":"no","eol_preferred":true},{"vernacularName":"Drapie\u017cne","language":"pl","eol_preferred":true},{"vernacularName":"lontra","language":"pt","eol_preferred":true},{"vernacularName":"cachorro do mato","language":"pt"},{"vernacularName":"carn\u00ccvoro","language":"pt"},{"vernacularName":"carn\u00edvoro","language":"pt"},{"vernacularName":"gato do mato","language":"pt"},{"vernacularName":"\u0425\u0438\u0449\u043d\u044b\u0435","language":"ru","eol_preferred":true},{"vernacularName":"Rovdjur","language":"sv","eol_preferred":true},{"vernacularName":"Et\u00e7iller","language":"tr","eol_preferred":true},{"vernacularName":"(B\u1ed9) Th\u00fa \u0103n th\u1ecbt","language":"vi","eol_preferred":true}],"image":{"objectId":"fb15d8455bee160e8dc72ecfdbe7fde6","identifier":"fb15d8455bee160e8dc72ecfdbe7fde6","title":"File:Suricates, Namibia.jpg","licence":"http:\/\/creativecommons.org\/licenses\/by-sa\/3.0\/","rights":null,"credits":"Sara&amp;Joachim&copy; ","description":null,"mimeType":"jpg","fileName":"fb15d8455bee160e8dc72ecfdbe7fde6.jpg","URL":"http:\/\/media.eol.org\/content\/2012\/06\/19\/04\/84840_orig.jpg"},"iucnStatus":""},"48130533":{"collectionid":29654,"pageid":1664,"taxonConceptId":48130533,"taxonName":"Bradypodidae","textDesc":"","flathierarchy":[{"sourceIdentifier":"11017842","taxonID":48130533,"parentNameUsageID":48130496,"taxonConceptID":1664,"scientificName":"Bradypodidae","taxonRank":"Family","type":"leaf"},{"sourceIdentifier":"11017838","taxonID":48130496,"parentNameUsageID":48126727,"taxonConceptID":1660,"scientificName":"Pilosa","taxonRank":"order","type":"node"},{"sourceIdentifier":"11017704","taxonID":48126727,"parentNameUsageID":48126726,"taxonConceptID":1642,"scientificName":"Mammalia","taxonRank":"class","type":"node"},{"sourceIdentifier":"11017703","taxonID":48126726,"parentNameUsageID":47111832,"taxonConceptID":694,"scientificName":"Chordata","taxonRank":"phylum","type":"node"},{"sourceIdentifier":"11017352","taxonID":47111832,"parentNameUsageID":0,"taxonConceptID":1,"scientificName":"Animalia","taxonRank":"kingdom","type":"node"}],"preferredCommonNames":{"vernacularName":"Three-toed sloths","language":"en","eol_preferred":true},"commonNames":[{"vernacularName":"three-fingered sloths","language":"","eol_preferred":true},{"vernacularName":"Three-toed sloths","language":"en","eol_preferred":true},{"vernacularName":"\u041b\u0435\u043d\u0438\u0432\u0446\u044b","language":"ru","eol_preferred":true}],"image":{"objectId":"f45680b2595e22edd63a3b4e5a9fc7f8","identifier":"f45680b2595e22edd63a3b4e5a9fc7f8","title":"File:MC Drei-Finger-Faultier.jpg","licence":"http:\/\/creativecommons.org\/licenses\/by\/3.0\/","rights":null,"credits":"<a href='http:\/\/en.wikipedia.org\/wiki\/User:Chmehl'>Christian Mehlf\u00fchrer, &lt;i&gt;Chmehl&lt;\/i&gt;<\/a>&copy; ","description":null,"mimeType":"jpg","fileName":"f45680b2595e22edd63a3b4e5a9fc7f8.jpg","URL":"http:\/\/media.eol.org\/content\/2012\/06\/12\/20\/03406_orig.jpg"},"iucnStatus":""},"48130496":{"collectionid":29654,"pageid":1660,"taxonConceptId":48130496,"taxonName":"Pilosa","textDesc":"","flathierarchy":[{"sourceIdentifier":"11017838","taxonID":48130496,"parentNameUsageID":48126727,"taxonConceptID":1660,"scientificName":"Pilosa","taxonRank":"Order","type":"leaf"},{"sourceIdentifier":"11017704","taxonID":48126727,"parentNameUsageID":48126726,"taxonConceptID":1642,"scientificName":"Mammalia","taxonRank":"class","type":"node"},{"sourceIdentifier":"11017703","taxonID":48126726,"parentNameUsageID":47111832,"taxonConceptID":694,"scientificName":"Chordata","taxonRank":"phylum","type":"node"},{"sourceIdentifier":"11017352","taxonID":47111832,"parentNameUsageID":0,"taxonConceptID":1,"scientificName":"Animalia","taxonRank":"kingdom","type":"node"}],"preferredCommonNames":false,"commonNames":[],"image":{"objectId":"9f52dd7058b9c7dc0e2894a72e0f72e3","identifier":"9f52dd7058b9c7dc0e2894a72e0f72e3","title":"Myrmecophaga tridactyla","licence":"http:\/\/creativecommons.org\/licenses\/by-nc-sa\/3.0\/","rights":"Copyright Tanya Dewey","credits":"Tanya Dewey, Animal Diversity Web, University of Michigan Museum of Zoology&copy; Tanya Dewey","description":null,"mimeType":"jpg","fileName":"9f52dd7058b9c7dc0e2894a72e0f72e3.jpg","URL":"http:\/\/media.eol.org\/content\/2012\/05\/08\/08\/78045_orig.jpg"},"iucnStatus":""},"47683949":{"collectionid":29654,"pageid":19731,"taxonConceptId":47683949,"taxonName":"Valanga","textDesc":"","flathierarchy":[{"sourceIdentifier":"11099353","taxonID":47683949,"parentNameUsageID":47681735,"taxonConceptID":19731,"scientificName":"Valanga","taxonRank":"Genus","type":"leaf"},{"sourceIdentifier":"11017899","taxonID":47681735,"parentNameUsageID":47680681,"taxonConceptID":6580,"scientificName":"Acrididae","taxonRank":"family","type":"node"},{"sourceIdentifier":"11017748","taxonID":47680681,"parentNameUsageID":47680680,"taxonConceptID":6568,"scientificName":"Acridoidea","taxonRank":"superfamily","type":"node"},{"sourceIdentifier":"11017747","taxonID":47680680,"parentNameUsageID":47224653,"taxonConceptID":683,"scientificName":"Orthoptera","taxonRank":"order","type":"node"},{"sourceIdentifier":"11017565","taxonID":47224653,"parentNameUsageID":47137528,"taxonConceptID":344,"scientificName":"Insecta","taxonRank":"class","type":"node"},{"sourceIdentifier":"11017413","taxonID":47137528,"parentNameUsageID":47111832,"taxonConceptID":164,"scientificName":"Arthropoda","taxonRank":"phylum","type":"node"},{"sourceIdentifier":"11017352","taxonID":47111832,"parentNameUsageID":0,"taxonConceptID":1,"scientificName":"Animalia","taxonRank":"kingdom","type":"node"}],"preferredCommonNames":false,"commonNames":[],"image":{"objectId":"ae9a2c853ea31359a48916c77e154865","identifier":"ae9a2c853ea31359a48916c77e154865","title":"File:Giant Grasshopper.JPG","licence":"http:\/\/creativecommons.org\/licenses\/by-sa\/3.0\/","rights":null,"credits":"<a href='http:\/\/commons.wikimedia.org\/wiki\/User:Quartl'>Quartl<\/a>&copy; ","description":null,"mimeType":"jpg","fileName":"ae9a2c853ea31359a48916c77e154865.jpg","URL":"http:\/\/media.eol.org\/content\/2012\/06\/15\/16\/88342_orig.jpg"},"iucnStatus":""},"47681735":{"collectionid":29654,"pageid":6580,"taxonConceptId":47681735,"taxonName":"Acrididae","textDesc":"","flathierarchy":[{"sourceIdentifier":"11017899","taxonID":47681735,"parentNameUsageID":47680681,"taxonConceptID":6580,"scientificName":"Acrididae","taxonRank":"Family","type":"leaf"},{"sourceIdentifier":"11017748","taxonID":47680681,"parentNameUsageID":47680680,"taxonConceptID":6568,"scientificName":"Acridoidea","taxonRank":"superfamily","type":"node"},{"sourceIdentifier":"11017747","taxonID":47680680,"parentNameUsageID":47224653,"taxonConceptID":683,"scientificName":"Orthoptera","taxonRank":"order","type":"node"},{"sourceIdentifier":"11017565","taxonID":47224653,"parentNameUsageID":47137528,"taxonConceptID":344,"scientificName":"Insecta","taxonRank":"class","type":"node"},{"sourceIdentifier":"11017413","taxonID":47137528,"parentNameUsageID":47111832,"taxonConceptID":164,"scientificName":"Arthropoda","taxonRank":"phylum","type":"node"},{"sourceIdentifier":"11017352","taxonID":47111832,"parentNameUsageID":0,"taxonConceptID":1,"scientificName":"Animalia","taxonRank":"kingdom","type":"node"}],"preferredCommonNames":{"vernacularName":"short-horned grasshoppers","language":"en","eol_preferred":true},"commonNames":[{"vernacularName":"Creek Grasshopper","language":"","eol_preferred":true},{"vernacularName":"grasshopper","language":""},{"vernacularName":"Feldheuschrecken","language":"de","eol_preferred":true},{"vernacularName":"short-horned grasshoppers","language":"en","eol_preferred":true},{"vernacularName":"Short Horn Grasshopper","language":"en"},{"vernacularName":"grasshoppers","language":"en"},{"vernacularName":"shorthorned grasshoppers","language":"en"},{"vernacularName":"kowhitiwhiti","language":"mi","eol_preferred":true}],"image":{"objectId":"b01d09068fd6f9c1bd253d6a6db6f3af","identifier":"b01d09068fd6f9c1bd253d6a6db6f3af","title":"Gafanhoto \/\/ Grasshopper (Acrotylus insubricus subsp. insubricus), female","licence":"http:\/\/creativecommons.org\/licenses\/by-nc-sa\/2.0\/","rights":null,"credits":"<a href='http:\/\/www.flickr.com\/photos\/58213213@N00'>Valter Jacinto<\/a>&copy; ","description":null,"mimeType":"jpg","fileName":"b01d09068fd6f9c1bd253d6a6db6f3af.jpg","URL":"http:\/\/media.eol.org\/content\/2012\/02\/04\/01\/25281_orig.jpg"},"iucnStatus":""},"47680681":{"collectionid":29654,"pageid":6568,"taxonConceptId":47680681,"taxonName":"Acridoidea","textDesc":"","flathierarchy":[{"sourceIdentifier":"11017748","taxonID":47680681,"parentNameUsageID":47680680,"taxonConceptID":6568,"scientificName":"Acridoidea","taxonRank":"Superfamily","type":"leaf"},{"sourceIdentifier":"11017747","taxonID":47680680,"parentNameUsageID":47224653,"taxonConceptID":683,"scientificName":"Orthoptera","taxonRank":"order","type":"node"},{"sourceIdentifier":"11017565","taxonID":47224653,"parentNameUsageID":47137528,"taxonConceptID":344,"scientificName":"Insecta","taxonRank":"class","type":"node"},{"sourceIdentifier":"11017413","taxonID":47137528,"parentNameUsageID":47111832,"taxonConceptID":164,"scientificName":"Arthropoda","taxonRank":"phylum","type":"node"},{"sourceIdentifier":"11017352","taxonID":47111832,"parentNameUsageID":0,"taxonConceptID":1,"scientificName":"Animalia","taxonRank":"kingdom","type":"node"}],"preferredCommonNames":false,"commonNames":[],"image":{"objectId":"b01d09068fd6f9c1bd253d6a6db6f3af","identifier":"b01d09068fd6f9c1bd253d6a6db6f3af","title":"Gafanhoto \/\/ Grasshopper (Acrotylus insubricus subsp. insubricus), female","licence":"http:\/\/creativecommons.org\/licenses\/by-nc-sa\/2.0\/","rights":null,"credits":"<a href='http:\/\/www.flickr.com\/photos\/58213213@N00'>Valter Jacinto<\/a>&copy; ","description":null,"mimeType":"jpg","fileName":"b01d09068fd6f9c1bd253d6a6db6f3af.jpg","URL":"http:\/\/media.eol.org\/content\/2012\/02\/04\/01\/25281_orig.jpg"},"iucnStatus":""},"47680680":{"collectionid":29654,"pageid":683,"taxonConceptId":47680680,"taxonName":"Orthoptera","textDesc":"","flathierarchy":[{"sourceIdentifier":"11017747","taxonID":47680680,"parentNameUsageID":47224653,"taxonConceptID":683,"scientificName":"Orthoptera","taxonRank":"Order","type":"leaf"},{"sourceIdentifier":"11017565","taxonID":47224653,"parentNameUsageID":47137528,"taxonConceptID":344,"scientificName":"Insecta","taxonRank":"class","type":"node"},{"sourceIdentifier":"11017413","taxonID":47137528,"parentNameUsageID":47111832,"taxonConceptID":164,"scientificName":"Arthropoda","taxonRank":"phylum","type":"node"},{"sourceIdentifier":"11017352","taxonID":47111832,"parentNameUsageID":0,"taxonConceptID":1,"scientificName":"Animalia","taxonRank":"kingdom","type":"node"}],"preferredCommonNames":{"vernacularName":"Grasshoppers, crickets, and katydids","language":"en","eol_preferred":true},"commonNames":[{"vernacularName":"Gunleaf grasshopper","language":"","eol_preferred":true},{"vernacularName":"Australian Grass Pyrgomorph","language":""},{"vernacularName":"grasshopper","language":""},{"vernacularName":"Grasshoppers, crickets, and katydids","language":"en","eol_preferred":true},{"vernacularName":"crickets","language":"en"},{"vernacularName":"grasshoppers","language":"en"},{"vernacularName":"grasshoppers, locusts and crickets","language":"en"},{"vernacularName":"grasshoppers, locusts, and relatives","language":"en"},{"vernacularName":"katydids","language":"en"},{"vernacularName":"locusts","language":"en"},{"vernacularName":"sauterelles","language":"fr","eol_preferred":true},{"vernacularName":"criquet-locustes","language":"fr"},{"vernacularName":"locustes","language":"fr"},{"vernacularName":"Orthoptera","language":"pt","eol_preferred":true},{"vernacularName":"gafanhoto","language":"pt"},{"vernacularName":"grilo","language":"pt"},{"vernacularName":"\u041f\u0440\u044f\u043c\u043e\u043a\u0440\u044b\u043b\u044b\u0435","language":"ru","eol_preferred":true}],"image":{"objectId":"c2ff2ad51522568fa3d2d2b3d3fe3394","identifier":"c2ff2ad51522568fa3d2d2b3d3fe3394","title":"Amblycorypha oblongifolia,-side_2012-07-26-17.10.53-ZS-PMax","licence":"http:\/\/creativecommons.org\/licenses\/by\/2.0\/","rights":null,"credits":"<a href='http:\/\/www.flickr.com\/photos\/54563451@N08'>USGS Native Bee Inventory and Monitoring Laboratory<\/a>&copy; ","description":null,"mimeType":"jpg","fileName":"c2ff2ad51522568fa3d2d2b3d3fe3394.jpg","URL":"http:\/\/media.eol.org\/content\/2012\/07\/29\/23\/85316_orig.jpg"},"iucnStatus":""},"47224653":{"collectionid":29654,"pageid":344,"taxonConceptId":47224653,"taxonName":"Insecta","textDesc":"","flathierarchy":[{"sourceIdentifier":"11017565","taxonID":47224653,"parentNameUsageID":47137528,"taxonConceptID":344,"scientificName":"Insecta","taxonRank":"Clase","type":"leaf"},{"sourceIdentifier":"11017413","taxonID":47137528,"parentNameUsageID":47111832,"taxonConceptID":164,"scientificName":"Arthropoda","taxonRank":"filo","type":"node"},{"sourceIdentifier":"11017352","taxonID":47111832,"parentNameUsageID":0,"taxonConceptID":1,"scientificName":"Animalia","taxonRank":"reino","type":"node"}],"preferredCommonNames":{"vernacularName":"insects","language":"en","eol_preferred":true},"commonNames":[{"vernacularName":"true insects","language":"","eol_preferred":true},{"vernacularName":"Inseuto","language":"an","eol_preferred":true},{"vernacularName":"\u041d\u0430\u0441\u0435\u043a\u043e\u043c\u043e","language":"bg","eol_preferred":true},{"vernacularName":"Amprevan","language":"br","eol_preferred":true},{"vernacularName":"Insekti","language":"bs","eol_preferred":true},{"vernacularName":"Insecte","language":"ca","eol_preferred":true},{"vernacularName":"Hmyz","language":"cs","eol_preferred":true},{"vernacularName":"Pryf","language":"cy","eol_preferred":true},{"vernacularName":"Insekt","language":"da","eol_preferred":true},{"vernacularName":"Insekten","language":"de","eol_preferred":true},{"vernacularName":"insects","language":"en","eol_preferred":true},{"vernacularName":"Insect","language":"en"},{"vernacularName":"Insekto","language":"eo","eol_preferred":true},{"vernacularName":"Insecto","language":"es","eol_preferred":true},{"vernacularName":"Hy\u00f6nteiset","language":"fi","eol_preferred":true},{"vernacularName":"insectes","language":"fr","eol_preferred":true},{"vernacularName":"Feithid","language":"ga","eol_preferred":true},{"vernacularName":"Insectos","language":"gl","eol_preferred":true},{"vernacularName":"\u05d7\u05e8\u05e7\u05d9\u05dd","language":"he","eol_preferred":true},{"vernacularName":"Kukci","language":"hr","eol_preferred":true},{"vernacularName":"Rovarok","language":"hu","eol_preferred":true},{"vernacularName":"Serangga","language":"id","eol_preferred":true},{"vernacularName":"Skordyr","language":"is","eol_preferred":true},{"vernacularName":"Insetti","language":"it","eol_preferred":true},{"vernacularName":"\u6606\u866b","language":"ja","eol_preferred":true},{"vernacularName":"\u6606\u866b\u985e","language":"ja"},{"vernacularName":"\uace4\ucda9","language":"ko","eol_preferred":true},{"vernacularName":"Vabzdys","language":"lt","eol_preferred":true},{"vernacularName":"Mu","language":"mi","eol_preferred":true},{"vernacularName":"Serangga","language":"ms","eol_preferred":true},{"vernacularName":"Insecten","language":"nl","eol_preferred":true},{"vernacularName":"Insekt","language":"no","eol_preferred":true},{"vernacularName":"Owady","language":"pl","eol_preferred":true},{"vernacularName":"inseto","language":"pt","eol_preferred":true},{"vernacularName":"Hexapoda","language":"pt"},{"vernacularName":"\u041d\u0430\u0434\u043a\u043b\u0430\u0441\u0441 \u041d\u0430\u0441\u0435\u043a\u043e\u043c\u044b\u0435","language":"ru","eol_preferred":true},{"vernacularName":"\u041d\u0430\u0441\u0435\u043a\u043e\u043c\u044b\u0435","language":"ru"},{"vernacularName":"Insekter","language":"sv","eol_preferred":true},{"vernacularName":"\u0e41\u0e21\u0e25\u0e07","language":"th","eol_preferred":true},{"vernacularName":"B\u00f6cek","language":"tr","eol_preferred":true},{"vernacularName":"\u041a\u043e\u043c\u0430\u0445\u0438","language":"uk","eol_preferred":true},{"vernacularName":"\u6606\u866b","language":"zh","eol_preferred":true}],"image":{"objectId":"e400ce035854c32540f29d9a2c604222","identifier":"e400ce035854c32540f29d9a2c604222","title":"Parnassius apollo (LINNAEUS, 1758) - Roter Apollo","licence":"http:\/\/creativecommons.org\/licenses\/by-nc-sa\/2.0\/","rights":null,"credits":"<a href='http:\/\/www.flickr.com\/photos\/45263581@N08'>Smiilodon<\/a>&copy; ","description":null,"mimeType":"jpg","fileName":"e400ce035854c32540f29d9a2c604222.jpg","URL":"http:\/\/media.eol.org\/content\/2012\/03\/23\/00\/49142_orig.jpg"},"iucnStatus":""},"47137528":{"collectionid":29654,"pageid":164,"taxonConceptId":47137528,"taxonName":"Arthropoda","textDesc":"","flathierarchy":[{"sourceIdentifier":"11017413","taxonID":47137528,"parentNameUsageID":47111832,"taxonConceptID":164,"scientificName":"Arthropoda","taxonRank":"Phylum","type":"leaf"},{"sourceIdentifier":"11017352","taxonID":47111832,"parentNameUsageID":0,"taxonConceptID":1,"scientificName":"Animalia","taxonRank":"kingdom","type":"node"}],"preferredCommonNames":{"vernacularName":"arthropods","language":"en","eol_preferred":true},"commonNames":[{"vernacularName":"Fiddler Crab","language":"","eol_preferred":true},{"vernacularName":"\u0427\u043b\u0435\u043d\u0435\u0441\u0442\u043e\u043d\u043e\u0433\u0438","language":"bg","eol_preferred":true},{"vernacularName":"Artr\u00f2podes","language":"ca","eol_preferred":true},{"vernacularName":"\u010clenovci","language":"cs","eol_preferred":true},{"vernacularName":"Leddyr","language":"da","eol_preferred":true},{"vernacularName":"Gliederf\u00fc\u00dfer","language":"de","eol_preferred":true},{"vernacularName":"arthropods","language":"en","eol_preferred":true},{"vernacularName":"Arthropod","language":"en"},{"vernacularName":"crustaceans, insects, spiders, and relatives","language":"en"},{"vernacularName":"Artr\u00f3podos","language":"es","eol_preferred":true},{"vernacularName":"L\u00fclijalgsed","language":"et","eol_preferred":true},{"vernacularName":"Niveljalkaiset","language":"fi","eol_preferred":true},{"vernacularName":"Arthropode","language":"fr","eol_preferred":true},{"vernacularName":"arthropodes","language":"fr"},{"vernacularName":"Artrap\u00f3d","language":"ga","eol_preferred":true},{"vernacularName":"Artr\u00f3podo","language":"gl","eol_preferred":true},{"vernacularName":"Artr\u00f3podos","language":"gl"},{"vernacularName":"\u05e4\u05e8\u05d5\u05e7\u05d9 \u05e8\u05d2\u05dc\u05d9\u05d9\u05dd","language":"he","eol_preferred":true},{"vernacularName":"\u010clankono\u0161ci","language":"hr","eol_preferred":true},{"vernacularName":"\u00cdzeltl\u00e1b\u00faak","language":"hu","eol_preferred":true},{"vernacularName":"Arthropoda","language":"it","eol_preferred":true},{"vernacularName":"Artropodi","language":"it"},{"vernacularName":"\u7bc0\u8db3\u52d5\u7269\u9580","language":"ja","eol_preferred":true},{"vernacularName":"Nariuotakojai","language":"lt","eol_preferred":true},{"vernacularName":"Geleedpotigen","language":"nl","eol_preferred":true},{"vernacularName":"Stawonogi","language":"pl","eol_preferred":true},{"vernacularName":"Artr\u00f3pode","language":"pt","eol_preferred":true},{"vernacularName":"\u0427\u043b\u0435\u043d\u0438\u0441\u0442\u043e\u043d\u043e\u0433\u0438\u0435","language":"ru","eol_preferred":true},{"vernacularName":"\u0422\u0438\u043f \u0427\u043b\u0435\u043d\u0438\u0441\u0442\u043e\u043d\u043e\u0433\u0438\u0435","language":"ru"},{"vernacularName":"Leddjur","language":"sv","eol_preferred":true},{"vernacularName":"Eklem bacakl\u0131lar","language":"tr","eol_preferred":true}],"image":{"objectId":"f6a79e8abebfee93f51c6a6ceb7268dd","identifier":"f6a79e8abebfee93f51c6a6ceb7268dd","title":"Female blue crab on the Gulf Coast","licence":"http:\/\/creativecommons.org\/licenses\/by-nc-sa\/2.0\/","rights":null,"credits":"<a href='http:\/\/www.flickr.com\/photos\/70773484@N00'>jere7my tho?rpe<\/a>&copy; ","description":null,"mimeType":"jpg","fileName":"f6a79e8abebfee93f51c6a6ceb7268dd.jpg","URL":"http:\/\/media.eol.org\/content\/2012\/02\/15\/00\/75943_orig.jpg"},"iucnStatus":""},"48131321":{"collectionid":29654,"pageid":15077,"taxonConceptId":48131321,"taxonName":"Phascolarctos","textDesc":"","flathierarchy":[{"sourceIdentifier":"11087039","taxonID":48131321,"parentNameUsageID":48131320,"taxonConceptID":15077,"scientificName":"Phascolarctos","taxonRank":"Genus","type":"leaf"},{"sourceIdentifier":"11017970","taxonID":48131320,"parentNameUsageID":48131216,"taxonConceptID":1700,"scientificName":"Phascolarctidae","taxonRank":"family","type":"node"},{"sourceIdentifier":"11017962","taxonID":48131216,"parentNameUsageID":48126727,"taxonConceptID":1694,"scientificName":"Diprotodontia","taxonRank":"order","type":"node"},{"sourceIdentifier":"11017704","taxonID":48126727,"parentNameUsageID":48126726,"taxonConceptID":1642,"scientificName":"Mammalia","taxonRank":"class","type":"node"},{"sourceIdentifier":"11017703","taxonID":48126726,"parentNameUsageID":47111832,"taxonConceptID":694,"scientificName":"Chordata","taxonRank":"phylum","type":"node"},{"sourceIdentifier":"11017352","taxonID":47111832,"parentNameUsageID":0,"taxonConceptID":1,"scientificName":"Animalia","taxonRank":"kingdom","type":"node"}],"preferredCommonNames":{"vernacularName":"koalas","language":"en","eol_preferred":true},"commonNames":[{"vernacularName":"koalas","language":"en","eol_preferred":true}],"image":{"objectId":"5c261e6fbaa56c717ca00c8312e4a93c","identifier":"5c261e6fbaa56c717ca00c8312e4a93c","title":"File:Koala climbing tree.jpg","licence":"http:\/\/creativecommons.org\/licenses\/by-sa\/3.0\/","rights":null,"credits":"&copy; ","description":null,"mimeType":"jpg","fileName":"5c261e6fbaa56c717ca00c8312e4a93c.jpg","URL":"http:\/\/media.eol.org\/content\/2012\/06\/12\/21\/31542_orig.jpg"},"iucnStatus":""},"48131320":{"collectionid":29654,"pageid":1700,"taxonConceptId":48131320,"taxonName":"Phascolarctidae","textDesc":"","flathierarchy":[{"sourceIdentifier":"11017970","taxonID":48131320,"parentNameUsageID":48131216,"taxonConceptID":1700,"scientificName":"Phascolarctidae","taxonRank":"Family","type":"leaf"},{"sourceIdentifier":"11017962","taxonID":48131216,"parentNameUsageID":48126727,"taxonConceptID":1694,"scientificName":"Diprotodontia","taxonRank":"order","type":"node"},{"sourceIdentifier":"11017704","taxonID":48126727,"parentNameUsageID":48126726,"taxonConceptID":1642,"scientificName":"Mammalia","taxonRank":"class","type":"node"},{"sourceIdentifier":"11017703","taxonID":48126726,"parentNameUsageID":47111832,"taxonConceptID":694,"scientificName":"Chordata","taxonRank":"phylum","type":"node"},{"sourceIdentifier":"11017352","taxonID":47111832,"parentNameUsageID":0,"taxonConceptID":1,"scientificName":"Animalia","taxonRank":"kingdom","type":"node"}],"preferredCommonNames":{"vernacularName":"koalas","language":"en","eol_preferred":true},"commonNames":[{"vernacularName":"koalas","language":"en","eol_preferred":true},{"vernacularName":"\u041a\u043e\u0430\u043b\u0430","language":"ru","eol_preferred":true},{"vernacularName":"\u0421\u0443\u043c\u0447\u0430\u0442\u044b\u0435 \u043c\u0435\u0434\u0432\u0435\u0434\u0438","language":"ru"}],"image":{"objectId":"5c261e6fbaa56c717ca00c8312e4a93c","identifier":"5c261e6fbaa56c717ca00c8312e4a93c","title":"File:Koala climbing tree.jpg","licence":"http:\/\/creativecommons.org\/licenses\/by-sa\/3.0\/","rights":null,"credits":"&copy; ","description":null,"mimeType":"jpg","fileName":"5c261e6fbaa56c717ca00c8312e4a93c.jpg","URL":"http:\/\/media.eol.org\/content\/2012\/06\/12\/21\/31542_orig.jpg"},"iucnStatus":""},"48131216":{"collectionid":29654,"pageid":1694,"taxonConceptId":48131216,"taxonName":"Diprotodontia","textDesc":"","flathierarchy":[{"sourceIdentifier":"11017962","taxonID":48131216,"parentNameUsageID":48126727,"taxonConceptID":1694,"scientificName":"Diprotodontia","taxonRank":"Order","type":"leaf"},{"sourceIdentifier":"11017704","taxonID":48126727,"parentNameUsageID":48126726,"taxonConceptID":1642,"scientificName":"Mammalia","taxonRank":"class","type":"node"},{"sourceIdentifier":"11017703","taxonID":48126726,"parentNameUsageID":47111832,"taxonConceptID":694,"scientificName":"Chordata","taxonRank":"phylum","type":"node"},{"sourceIdentifier":"11017352","taxonID":47111832,"parentNameUsageID":0,"taxonConceptID":1,"scientificName":"Animalia","taxonRank":"kingdom","type":"node"}],"preferredCommonNames":{"vernacularName":"kangaroos, possums, wallabies, and relatives","language":"en","eol_preferred":true},"commonNames":[{"vernacularName":"kangaroos, possums, wallabies, and relatives","language":"en","eol_preferred":true},{"vernacularName":"Diprotodont Marsupials","language":"en"}],"image":{"objectId":"5c261e6fbaa56c717ca00c8312e4a93c","identifier":"5c261e6fbaa56c717ca00c8312e4a93c","title":"File:Koala climbing tree.jpg","licence":"http:\/\/creativecommons.org\/licenses\/by-sa\/3.0\/","rights":null,"credits":"&copy; ","description":null,"mimeType":"jpg","fileName":"5c261e6fbaa56c717ca00c8312e4a93c.jpg","URL":"http:\/\/media.eol.org\/content\/2012\/06\/12\/21\/31542_orig.jpg"},"iucnStatus":""},"48131510":{"collectionid":29654,"pageid":39204,"taxonConceptId":48131510,"taxonName":"Wallabia","textDesc":"","flathierarchy":[{"sourceIdentifier":"11086412","taxonID":48131510,"parentNameUsageID":48131395,"taxonConceptID":39204,"scientificName":"Wallabia","taxonRank":"Genus","type":"leaf"},{"sourceIdentifier":"11017974","taxonID":48131395,"parentNameUsageID":48131216,"taxonConceptID":7617,"scientificName":"Macropodidae","taxonRank":"family","type":"node"},{"sourceIdentifier":"11017962","taxonID":48131216,"parentNameUsageID":48126727,"taxonConceptID":1694,"scientificName":"Diprotodontia","taxonRank":"order","type":"node"},{"sourceIdentifier":"11017704","taxonID":48126727,"parentNameUsageID":48126726,"taxonConceptID":1642,"scientificName":"Mammalia","taxonRank":"class","type":"node"},{"sourceIdentifier":"11017703","taxonID":48126726,"parentNameUsageID":47111832,"taxonConceptID":694,"scientificName":"Chordata","taxonRank":"phylum","type":"node"},{"sourceIdentifier":"11017352","taxonID":47111832,"parentNameUsageID":0,"taxonConceptID":1,"scientificName":"Animalia","taxonRank":"kingdom","type":"node"}],"preferredCommonNames":{"vernacularName":"Swamp Wallabies","language":"en","eol_preferred":true},"commonNames":[{"vernacularName":"Swamp Wallabies","language":"en","eol_preferred":true},{"vernacularName":"swamp wallaby","language":"en"},{"vernacularName":"\u0412\u0430\u043b\u043b\u043b\u0430\u0431\u0438","language":"ru","eol_preferred":true}],"image":{"objectId":"6eb88f3682da79c2b358c9760fff974e","identifier":"6eb88f3682da79c2b358c9760fff974e","title":"6eb88f3682da79c2b358c9760fff974e","licence":"http:\/\/creativecommons.org\/licenses\/by-sa\/3.0\/","rights":null,"credits":"<a href='http:\/\/www.biolib.cz\/en\/person\/id1832\/'>Petr Baum<\/a>&copy; ","description":null,"mimeType":"jpg","fileName":"6eb88f3682da79c2b358c9760fff974e.jpg","URL":"http:\/\/media.eol.org\/content\/2009\/07\/24\/11\/05628_orig.jpg"},"iucnStatus":""},"48131395":{"collectionid":29654,"pageid":7617,"taxonConceptId":48131395,"taxonName":"Macropodidae","textDesc":"","flathierarchy":[{"sourceIdentifier":"11017974","taxonID":48131395,"parentNameUsageID":48131216,"taxonConceptID":7617,"scientificName":"Macropodidae","taxonRank":"Family","type":"leaf"},{"sourceIdentifier":"11017962","taxonID":48131216,"parentNameUsageID":48126727,"taxonConceptID":1694,"scientificName":"Diprotodontia","taxonRank":"order","type":"node"},{"sourceIdentifier":"11017704","taxonID":48126727,"parentNameUsageID":48126726,"taxonConceptID":1642,"scientificName":"Mammalia","taxonRank":"class","type":"node"},{"sourceIdentifier":"11017703","taxonID":48126726,"parentNameUsageID":47111832,"taxonConceptID":694,"scientificName":"Chordata","taxonRank":"phylum","type":"node"},{"sourceIdentifier":"11017352","taxonID":47111832,"parentNameUsageID":0,"taxonConceptID":1,"scientificName":"Animalia","taxonRank":"kingdom","type":"node"}],"preferredCommonNames":{"vernacularName":"kangaroos, wallabies, and relatives","language":"en","eol_preferred":true},"commonNames":[{"vernacularName":"kangaroos, wallabies, and relatives","language":"en","eol_preferred":true},{"vernacularName":"Kangaroos and Wallabies","language":"en"},{"vernacularName":"kangaroos","language":"en"},{"vernacularName":"wallabies","language":"en"},{"vernacularName":"\u041a\u0435\u043d\u0433\u0443\u0440\u043e\u0432\u044b\u0435","language":"ru","eol_preferred":true},{"vernacularName":"\u0412\u0430\u043b\u043b\u0430\u0431\u0438 \u0438 \u041a\u0435\u043d\u0433\u0443\u0440\u0443","language":"ru"}],"image":{"objectId":"fb9bf81a1b9522c4b6744bfec62c32c3","identifier":"fb9bf81a1b9522c4b6744bfec62c32c3","title":"Macropus parryi (Whiptail Wallaby)","licence":"http:\/\/creativecommons.org\/licenses\/by-nc-sa\/2.0\/","rights":null,"credits":"<a href='http:\/\/www.flickr.com\/photos\/32005048@N06'>Arthur Chapman<\/a>&copy; ","description":null,"mimeType":"jpg","fileName":"fb9bf81a1b9522c4b6744bfec62c32c3.jpg","URL":"http:\/\/media.eol.org\/content\/2011\/11\/02\/10\/69385_orig.jpg"},"iucnStatus":""},"48135082":{"collectionid":29654,"pageid":34548,"taxonConceptId":48135082,"taxonName":"Bos","textDesc":"","flathierarchy":[{"sourceIdentifier":"11086413","taxonID":48135082,"parentNameUsageID":48135005,"taxonConceptID":34548,"scientificName":"Bos","taxonRank":"Genus","type":"leaf"},{"sourceIdentifier":"11018052","taxonID":48135005,"parentNameUsageID":48134866,"taxonConceptID":7687,"scientificName":"Bovidae","taxonRank":"family","type":"node"},{"sourceIdentifier":"11018043","taxonID":48134866,"parentNameUsageID":48126727,"taxonConceptID":7678,"scientificName":"Artiodactyla","taxonRank":"order","type":"node"},{"sourceIdentifier":"11017704","taxonID":48126727,"parentNameUsageID":48126726,"taxonConceptID":1642,"scientificName":"Mammalia","taxonRank":"class","type":"node"},{"sourceIdentifier":"11017703","taxonID":48126726,"parentNameUsageID":47111832,"taxonConceptID":694,"scientificName":"Chordata","taxonRank":"phylum","type":"node"},{"sourceIdentifier":"11017352","taxonID":47111832,"parentNameUsageID":0,"taxonConceptID":1,"scientificName":"Animalia","taxonRank":"kingdom","type":"node"}],"preferredCommonNames":{"vernacularName":"oxen","language":"en","eol_preferred":true},"commonNames":[{"vernacularName":"domestic cow","language":"","eol_preferred":true},{"vernacularName":"Bovine","language":""},{"vernacularName":"cattle","language":""},{"vernacularName":"cow","language":""},{"vernacularName":"domestic cattle","language":""},{"vernacularName":"oxen, cattle","language":""},{"vernacularName":"oxen","language":"en","eol_preferred":true},{"vernacularName":"true cattle","language":"en"}],"image":{"objectId":"a3ecd95b98183bc065b3316236681dc4","identifier":"a3ecd95b98183bc065b3316236681dc4","title":"File:American bison rests at hot spring in yellowstone national park.jpg","licence":"http:\/\/creativecommons.org\/licenses\/by-sa\/3.0\/","rights":null,"credits":"Brocken Inaglory&copy; ","description":null,"mimeType":"jpg","fileName":"a3ecd95b98183bc065b3316236681dc4.jpg","URL":"http:\/\/media.eol.org\/content\/2012\/06\/12\/23\/90403_orig.jpg"},"iucnStatus":""},"48135005":{"collectionid":29654,"pageid":7687,"taxonConceptId":48135005,"taxonName":"Bovidae","textDesc":"","flathierarchy":[{"sourceIdentifier":"11018052","taxonID":48135005,"parentNameUsageID":48134866,"taxonConceptID":7687,"scientificName":"Bovidae","taxonRank":"Family","type":"leaf"},{"sourceIdentifier":"11018043","taxonID":48134866,"parentNameUsageID":48126727,"taxonConceptID":7678,"scientificName":"Artiodactyla","taxonRank":"order","type":"node"},{"sourceIdentifier":"11017704","taxonID":48126727,"parentNameUsageID":48126726,"taxonConceptID":1642,"scientificName":"Mammalia","taxonRank":"class","type":"node"},{"sourceIdentifier":"11017703","taxonID":48126726,"parentNameUsageID":47111832,"taxonConceptID":694,"scientificName":"Chordata","taxonRank":"phylum","type":"node"},{"sourceIdentifier":"11017352","taxonID":47111832,"parentNameUsageID":0,"taxonConceptID":1,"scientificName":"Animalia","taxonRank":"kingdom","type":"node"}],"preferredCommonNames":{"vernacularName":"antelopes, cattle, gazelles, goats, sheep, and relatives","language":"en","eol_preferred":true},"commonNames":[{"vernacularName":"Rinderartige","language":"de","eol_preferred":true},{"vernacularName":"Horntr\u00e4ger","language":"de"},{"vernacularName":"antelopes, cattle, gazelles, goats, sheep, and relatives","language":"en","eol_preferred":true},{"vernacularName":"Bovid","language":"en"},{"vernacularName":"antelopes","language":"en"},{"vernacularName":"bovids","language":"en"},{"vernacularName":"cattle","language":"en"},{"vernacularName":"goats","language":"en"},{"vernacularName":"sheep","language":"en"},{"vernacularName":"\u30a6\u30b7\u79d1","language":"ja","eol_preferred":true},{"vernacularName":"\u041f\u043e\u043b\u043e\u0440\u043e\u0433\u0438\u0435","language":"ru","eol_preferred":true},{"vernacularName":"C\u0435\u043c\u0435\u0439\u0441\u0442\u0432\u043e \u041f\u043e\u043b\u043e\u0440\u043e\u0433\u0438\u0435","language":"ru"},{"vernacularName":"Boynuzlugiller","language":"tr","eol_preferred":true},{"vernacularName":"\u725b\u79d1","language":"zh","eol_preferred":true}],"image":{"objectId":"a3ecd95b98183bc065b3316236681dc4","identifier":"a3ecd95b98183bc065b3316236681dc4","title":"File:American bison rests at hot spring in yellowstone national park.jpg","licence":"http:\/\/creativecommons.org\/licenses\/by-sa\/3.0\/","rights":null,"credits":"Brocken Inaglory&copy; ","description":null,"mimeType":"jpg","fileName":"a3ecd95b98183bc065b3316236681dc4.jpg","URL":"http:\/\/media.eol.org\/content\/2012\/06\/12\/23\/90403_orig.jpg"},"iucnStatus":""},"48134866":{"collectionid":29654,"pageid":7678,"taxonConceptId":48134866,"taxonName":"Artiodactyla Owen, 1841","textDesc":"","flathierarchy":[{"sourceIdentifier":"11018043","taxonID":48134866,"parentNameUsageID":48126727,"taxonConceptID":7678,"scientificName":"Artiodactyla","taxonRank":"Order","type":"leaf"},{"sourceIdentifier":"11017704","taxonID":48126727,"parentNameUsageID":48126726,"taxonConceptID":1642,"scientificName":"Mammalia","taxonRank":"class","type":"node"},{"sourceIdentifier":"11017703","taxonID":48126726,"parentNameUsageID":47111832,"taxonConceptID":694,"scientificName":"Chordata","taxonRank":"phylum","type":"node"},{"sourceIdentifier":"11017352","taxonID":47111832,"parentNameUsageID":0,"taxonConceptID":1,"scientificName":"Animalia","taxonRank":"kingdom","type":"node"}],"preferredCommonNames":{"vernacularName":"even-toed ungulates","language":"en","eol_preferred":true},"commonNames":[{"vernacularName":"\u0427\u0438\u0444\u0442\u043e\u043a\u043e\u043f\u0438\u0442\u043d\u0438","language":"bg","eol_preferred":true},{"vernacularName":"Artiod\u00e0ctil","language":"ca","eol_preferred":true},{"vernacularName":"Sudokopytn\u00edci","language":"cs","eol_preferred":true},{"vernacularName":"Parrett\u00e5ede hovdyr","language":"da","eol_preferred":true},{"vernacularName":"Paarhufer","language":"de","eol_preferred":true},{"vernacularName":"even-toed ungulates","language":"en","eol_preferred":true},{"vernacularName":"Even-toed ungulate","language":"en"},{"vernacularName":"artiodactyls","language":"en"},{"vernacularName":"cloven-hoofed ungulates","language":"en"},{"vernacularName":"Parhufuloj","language":"eo","eol_preferred":true},{"vernacularName":"Artiodactyla","language":"es","eol_preferred":true},{"vernacularName":"Artiod\u00e1ctilos","language":"es"},{"vernacularName":"Sorkkael\u00e4imet","language":"fi","eol_preferred":true},{"vernacularName":"Artiodactyla","language":"fr","eol_preferred":true},{"vernacularName":"Artiodactyle","language":"fr"},{"vernacularName":"Parnoprsta\u0161i","language":"hr","eol_preferred":true},{"vernacularName":"P\u00e1rosujj\u00fa pat\u00e1sok","language":"hu","eol_preferred":true},{"vernacularName":"\u30a6\u30b7\u76ee","language":"ja","eol_preferred":true},{"vernacularName":"\uc18c\ubaa9","language":"ko","eol_preferred":true},{"vernacularName":"Evehovege","language":"li","eol_preferred":true},{"vernacularName":"Porakanopiai","language":"lt","eol_preferred":true},{"vernacularName":"Evenhoevigen","language":"nl","eol_preferred":true},{"vernacularName":"Klovdyr","language":"no","eol_preferred":true},{"vernacularName":"Part\u00e5ede dyr","language":"no"},{"vernacularName":"Parzystokopytne","language":"pl","eol_preferred":true},{"vernacularName":"Artiod\u00e1tilos","language":"pt","eol_preferred":true},{"vernacularName":"porco do mato","language":"pt"},{"vernacularName":"veado","language":"pt"},{"vernacularName":"\u041f\u0430\u0440\u043d\u043e\u043a\u043e\u043f\u044b\u0442\u043d\u044b\u0435","language":"ru","eol_preferred":true},{"vernacularName":"P\u00e1rnokopytn\u00edky","language":"sk","eol_preferred":true},{"vernacularName":"Part\u00e5iga hovdjur","language":"sv","eol_preferred":true},{"vernacularName":"\u00c7ift toynakl\u0131lar","language":"tr","eol_preferred":true},{"vernacularName":"\u5076\u8e44\u76ee","language":"zh","eol_preferred":true}],"image":{"objectId":"a3ecd95b98183bc065b3316236681dc4","identifier":"a3ecd95b98183bc065b3316236681dc4","title":"File:American bison rests at hot spring in yellowstone national park.jpg","licence":"http:\/\/creativecommons.org\/licenses\/by-sa\/3.0\/","rights":null,"credits":"Brocken Inaglory&copy; ","description":null,"mimeType":"jpg","fileName":"a3ecd95b98183bc065b3316236681dc4.jpg","URL":"http:\/\/media.eol.org\/content\/2012\/06\/12\/23\/90403_orig.jpg"},"iucnStatus":""}}