{"name":"animals<br\/><i>Animalia<\/i>","depth":0,"taxonConceptID":1,"children":[{"name":"Chordates<br\/><i>Chordata<\/i>","depth":1,"taxonConceptID":694,"children":[{"name":"mammals<br\/><i>Mammalia<\/i>","depth":2,"taxonConceptID":1642,"children":[{"name":"hares, pikas, and rabbits<br\/><i>Lagomorpha<\/i>","depth":3,"taxonConceptID":1686,"children":[{"name":"Rabbits And Hares<br\/><i>Leporidae<\/i>","depth":4,"taxonConceptID":1689,"children":[{"name":"Cottontail rabbits<br\/><i>Sylvilagus<\/i>","depth":5,"taxonConceptID":10818,"children":[{"name":"Nuttall's cottontail<br\/><i>Sylvilagus nuttallii (Bachman, 1837)<\/i>","depth":6,"terminal":true,"image":"33255e06afac910b941c6041b1b0029e.jpg","taxonConceptID":976911}]}]}]},{"name":"horses, rhinoceroses, and tapirs<br\/><i>Perissodactyla<\/i>","depth":3,"taxonConceptID":1667,"children":[{"name":"asses, horses, and zebras<br\/><i>Equidae<\/i>","depth":4,"taxonConceptID":1670,"children":[{"name":"horses<br\/><i>Equus<\/i>","depth":5,"terminal":true,"image":"bf6d3e60873461f8c1c54e48a1a1f08f.jpg","taxonConceptID":15580}]}]},{"name":"carnivores<br\/><i>Carnivora<\/i>","depth":3,"taxonConceptID":7662,"children":[{"name":"bears<br\/><i>Ursidae<\/i>","depth":4,"taxonConceptID":7664,"children":[{"name":"Ailuropoda","depth":5,"taxonConceptID":42283,"children":[{"name":"Giant Panda<br\/><i>Ailuropoda melanoleuca (David, 1869)<\/i>","depth":6,"terminal":true,"image":"ae4e54824f7bd78d0e81aa5d155bf043.jpg","taxonConceptID":328070}]}]}]},{"name":"Pilosa","depth":3,"taxonConceptID":1660,"children":[{"name":"Three-toed sloths<br\/><i>Bradypodidae<\/i>","depth":4,"taxonConceptID":1664,"children":[{"name":"Three-toed sloths<br\/><i>Bradypus<\/i>","depth":5,"terminal":true,"image":"f45680b2595e22edd63a3b4e5a9fc7f8.jpg","taxonConceptID":15593}]}]},{"name":"kangaroos, possums, wallabies, and relatives<br\/><i>Diprotodontia<\/i>","depth":3,"taxonConceptID":1694,"children":[{"name":"koalas<br\/><i>Phascolarctidae<\/i>","depth":4,"taxonConceptID":1700,"children":[{"name":"koalas<br\/><i>Phascolarctos<\/i>","depth":5,"taxonConceptID":15077,"children":[{"name":"Koala<br\/><i>Phascolarctos cinereus (Goldfuss, 1817)<\/i>","depth":6,"terminal":true,"image":"55201ace13f932bcb4f88c7c5ceee969.jpg","taxonConceptID":128425}]}]},{"name":"kangaroos, wallabies, and relatives<br\/><i>Macropodidae<\/i>","depth":4,"taxonConceptID":7617,"children":[{"name":"Swamp Wallabies<br\/><i>Wallabia<\/i>","depth":5,"taxonConceptID":39204,"children":[{"name":"Black Wallaby<br\/><i>Wallabia bicolor (Desmarest, 1804)<\/i>","depth":6,"terminal":true,"image":"7f1417fb7568c6fefa5483eb866d2181.jpg","taxonConceptID":310755}]}]}]},{"name":"even-toed ungulates<br\/><i>Artiodactyla<\/i>","depth":3,"taxonConceptID":7678,"children":[{"name":"antelopes, cattle, gazelles, goats, sheep, and relatives<br\/><i>Bovidae<\/i>","depth":4,"taxonConceptID":7687,"children":[{"name":"oxen<br\/><i>Bos<\/i>","depth":5,"taxonConceptID":34548,"children":[{"name":"domestic cattle<br\/><i>Bos taurus Linnaeus, 1758<\/i>","depth":6,"terminal":true,"image":"d0bb9002ae5bd125adf6af78c36a2790.jpg","taxonConceptID":328699}]}]}]}]}]},{"name":"arthropods<br\/><i>Arthropoda<\/i>","depth":1,"taxonConceptID":164,"children":[{"name":"insects<br\/><i>Insecta<\/i>","depth":2,"taxonConceptID":344,"children":[{"name":"Grasshoppers, crickets, and katydids<br\/><i>Orthoptera<\/i>","depth":3,"taxonConceptID":683,"children":[{"name":"Acridoidea","depth":4,"taxonConceptID":6568,"children":[{"name":"short-horned grasshoppers<br\/><i>Acrididae<\/i>","depth":5,"taxonConceptID":6580,"children":[{"name":"Valanga","depth":6,"taxonConceptID":19731,"children":[{"name":"Valanga irregularis (Walker, F., 1870)","depth":7,"terminal":true,"image":"44347a474df5932739aa314b5406002e.jpg","taxonConceptID":856920}]}]}]}]}]}]}]}