{"48134919":{"collectionid":12777,"pageid":308378,"taxonConceptId":48134919,"taxonName":"Giraffa camelopardalis","textDesc":{"objectId":"cc0fef3d081dd1a5fcd49a569984268f","identifier":"cc0fef3d081dd1a5fcd49a569984268f","title":"Description","licence":"http:\/\/creativecommons.org\/licenses\/by-nc-sa\/3.0\/","rights":"Copyright Wildscreen 2003-2008","credits":"&copy; Wildscreen","description":"Spectacularly tall, the giraffe has a very long neck with a short, upstanding mane, and high shoulders that slope <br\/>steeply to the hindquarters. The legs are also long. The giraffe's neck is made up of the same number of neck bones <br\/>(vertebrae) as most mammals, including humans, but they are much larger and linked by ball and socket joints for <br\/>improved flexibility (4). The specific name of the giraffe comes from the Latin 'camelopardalis', meaning 'camel <br\/>marked like a leopard', owing to their buff background with brown blotches, which helps to camouflage them in <br\/>the dappled light and shade patterns created by the trees they feed on (5).&nbsp;The various subspecies of giraffe <br\/>differ slightly in colouration and patterning. The reticulated giraffe of northeastern Kenya (<i>Giraffa <br\/>camelopardalis reticulata<\/i>) has large, chestnut-coloured patches outlined by thin white lines. Rothschild's <br\/>giraffe of western Kenya and eastern Uganda (<i>Giraffa camelopardalis rothschildi<\/i>) has broader dividing <br\/>white lines than the reticulated giraffe, and no spotting beneath the knees. The Masai giraffe of Tanzania and <br\/>southern Kenya (<i>Giraffa camelopardalis tippelskirchi<\/i>) has irregular star-shaped light to dark brown <br\/>spots. Giraffes have two horn-like structures about 13 cm long made of skin-covered bone; they are thin and tufted <br\/>in females and thick and bald on top in males, as a result of wearing during fights with other males (3). Males can <br\/>develop calcium depositions on their heads in addition to their horns as they age. These help to deliver heavier <br\/>blows during fights with other males (3). "},"flathierarchy":null,"preferredCommonNames":{"vernacularName":"Giraffe","language":"en","eol_preferred":true},"commonNames":[{"vernacularName":"Reticulated Giraffe","language":"","eol_preferred":true},{"vernacularName":"Rothschild Giraffe","language":""},{"vernacularName":"Giraffe","language":"en","eol_preferred":true}],"image":{"objectId":"e3da685d42cd8669baecedf7f0a06075","identifier":"e3da685d42cd8669baecedf7f0a06075","title":"File:South African Giraffes, fighting.jpg","licence":"http:\/\/creativecommons.org\/licenses\/by-sa\/3.0\/","rights":null,"credits":"<a href='http:\/\/commons.wikimedia.org\/wiki\/User:Dger'>D. Gordon E. Robertson<\/a>&copy; ","description":null,"mimeType":"jpg","fileName":"e3da685d42cd8669baecedf7f0a06075.jpg","URL":"http:\/\/media.eol.org\/content\/2012\/06\/12\/11\/73693_orig.jpg"},"iucnStatus":""},"47354944":{"collectionid":12777,"pageid":10770983,"taxonConceptId":47354944,"taxonName":"Curculio glandium Desbrochers, J., 1868","textDesc":{"objectId":"b4234761e855858af1a49d042b78aec8","identifier":"b4234761e855858af1a49d042b78aec8","title":"Associations","licence":"http:\/\/creativecommons.org\/licenses\/by-nc-sa\/3.0\/","rights":null,"credits":"&copy; BioImages","description":"Plant \/ associate<br><i>Curculio glandium<\/i> is associated with <i>Quercus<\/i><br><br> "},"flathierarchy":null,"preferredCommonNames":false,"commonNames":[],"image":{"objectId":"023faf2e43bd39292a3c355b6c42e7ef","identifier":"023faf2e43bd39292a3c355b6c42e7ef","title":"023faf2e43bd39292a3c355b6c42e7ef","licence":"http:\/\/creativecommons.org\/licenses\/by\/3.0\/","rights":null,"credits":"<a href='http:\/\/www.biolib.cz\/en\/person\/id200\/'>Miroslav Deml<\/a>&copy; ","description":null,"mimeType":"jpg","fileName":"023faf2e43bd39292a3c355b6c42e7ef.jpg","URL":"http:\/\/media.eol.org\/content\/2010\/03\/24\/02\/74935_orig.jpg"},"iucnStatus":""},"48273953":{"collectionid":12777,"pageid":2962114,"taxonConceptId":48273953,"taxonName":"Gononemertes parasita","textDesc":{"objectId":"c7a85d30c78c012fb23e5e860ef98a54","identifier":"c7a85d30c78c012fb23e5e860ef98a54","title":"Gononemertes parasita","licence":"http:\/\/creativecommons.org\/licenses\/by\/3.0\/","rights":null,"credits":"&copy; Malin Strand","description":"<p>&nbsp;A commensal nemertean living inside the tunic of ascidians. Many times mention with Ascidia spp, but <br\/>I think noone really looked if they are completely host specific or lives in many different Ascidia spp - ascidians <br\/>not easy to identify either.&nbsp;<\/p> "},"flathierarchy":null,"preferredCommonNames":false,"commonNames":[],"image":"","iucnStatus":""},"47352112":{"collectionid":12777,"pageid":695292,"taxonConceptId":47352112,"taxonName":"Curculio proboscideus","textDesc":{"objectId":"07156dbd30e3b1e101d762d1d2563d50","identifier":"07156dbd30e3b1e101d762d1d2563d50","title":"National Distribution","licence":"http:\/\/creativecommons.org\/licenses\/by-nc\/3.0\/","rights":null,"credits":"&copy; NatureServe","description":"<h5>Canada<\/h5><p><strong>Origin<\/strong>: Native<\/p><p><strong>Regularity<\/strong>: Regularly <br\/>occurring<\/p><p><strong>Currently<\/strong>: Present<\/p><p><strong>Confidence<\/strong>: Confident<\/p><p><strong>Type <br\/>of Residency<\/strong>: Year-round<\/p><h5>United States<\/h5><p><strong>Origin<\/strong>: Native<\/p><p><strong>Regularity<\/strong>: <br\/>Regularly occurring<\/p><p><strong>Currently<\/strong>: Present<\/p><p><strong>Confidence<\/strong>: <br\/>Confident<\/p><p><strong>Type of Residency<\/strong>: Year-round<\/p> "},"flathierarchy":null,"preferredCommonNames":{"vernacularName":"A Weevil","language":"en","eol_preferred":true},"commonNames":[{"vernacularName":"A Weevil","language":"en","eol_preferred":true}],"image":"","iucnStatus":""},"48220570":{"collectionid":12777,"pageid":205241,"taxonConceptId":48220570,"taxonName":"Callorhinchus callorynchus","textDesc":{"objectId":"dbf858e69843951863bb1dd0cd63f789","identifier":"dbf858e69843951863bb1dd0cd63f789","title":"Biology","licence":"http:\/\/creativecommons.org\/licenses\/by-nc\/3.0\/","rights":null,"credits":"&copy; FishBase","description":"Occurs in sandy and muddy substrates.  Apparently associated with Stromateus brasiliensis and Discopyge tschudii <br\/>(Ref. 34015).  Oviparous (Ref. 50449).  Max length (Itamar Alves Martins, pers. comm., 2002). "},"flathierarchy":null,"preferredCommonNames":{"vernacularName":"Cockfish","language":"en","eol_preferred":true},"commonNames":[{"vernacularName":"\u53f6\u543b\u94f6\u9c9b","language":"cnm","eol_preferred":true},{"vernacularName":"\u8449\u543b\u9280\u9bab","language":"cnm"},{"vernacularName":"Plovn\u00e6set Kim\u00e6r","language":"da","eol_preferred":true},{"vernacularName":"Plovn\u00e6set havmus","language":"da"},{"vernacularName":"Cockfish","language":"en","eol_preferred":true},{"vernacularName":"American elephantfish","language":"en"},{"vernacularName":"Elephant fish","language":"en"},{"vernacularName":"Elephantfish","language":"en"},{"vernacularName":"Plownose chimaera","language":"en"},{"vernacularName":"Rooster fish","language":"en"},{"vernacularName":"Callorhinchus callorhynchus","language":"es","eol_preferred":true},{"vernacularName":"Achagual","language":"es"},{"vernacularName":"Chalgua","language":"es"},{"vernacularName":"Gallo","language":"es"},{"vernacularName":"Hijo del pa\u00eds","language":"es"},{"vernacularName":"M\u00fasico","language":"es"},{"vernacularName":"Peje gallo","language":"es"},{"vernacularName":"Peje-gallo","language":"es"},{"vernacularName":"Pejegallo","language":"es"},{"vernacularName":"Pexe gallo","language":"es"},{"vernacularName":"Pez elefante","language":"es"},{"vernacularName":"Pez gallo","language":"es"},{"vernacularName":"Pez m\u00fasico","language":"es"},{"vernacularName":"\u00d1ato","language":"es"},{"vernacularName":"K\u00e4rs\u00e4kuningas","language":"fi","eol_preferred":true},{"vernacularName":"Masca laboureur","language":"fr","eol_preferred":true},{"vernacularName":"Masca","language":"fr"},{"vernacularName":"Zou-ginzame","language":"ja","eol_preferred":true},{"vernacularName":"Hakonos","language":"pl","eol_preferred":true},{"vernacularName":"Quimera-ant\u00e1rtica","language":"pt","eol_preferred":true},{"vernacularName":"Acagual","language":"pt"},{"vernacularName":"Cascudo","language":"pt"},{"vernacularName":"Peixe-coelho","language":"pt"},{"vernacularName":"Peixe-elefante","language":"pt"},{"vernacularName":"Peixe-rato","language":"pt"},{"vernacularName":"Quimera","language":"pt"},{"vernacularName":"\u00d1ato","language":"sm","eol_preferred":true},{"vernacularName":"Plognosad Havsmus","language":"sv","eol_preferred":true}],"image":{"objectId":"27a7d60946282f5b6797495a18c317e9","identifier":"27a7d60946282f5b6797495a18c317e9","title":"Dollo (1904, pl. 09)","licence":"http:\/\/creativecommons.org\/licenses\/by-nc-sa\/3.0\/","rights":null,"credits":"&copy; WoRMS for SMEBD","description":null,"mimeType":"jpg","fileName":"27a7d60946282f5b6797495a18c317e9.jpg","URL":"http:\/\/media.eol.org\/content\/2011\/12\/27\/06\/95372_orig.jpg"},"iucnStatus":""},"48176510":{"collectionid":12777,"pageid":223824,"taxonConceptId":48176510,"taxonName":"Phycodurus eques","textDesc":{"objectId":"7a01a822e8d8cd77975fb6d0f32ee26b","identifier":"7a01a822e8d8cd77975fb6d0f32ee26b","title":"Biology","licence":"http:\/\/creativecommons.org\/licenses\/by-nc-sa\/3.0\/","rights":"Copyright Wildscreen 2003-2008","credits":"&copy; Wildscreen","description":"Seadragons are seen either solitarily or in pairs, they are slow-moving and rely on their elegant camouflage <br\/>to provide protection from predators (2). In common with seahorses, it is the male seadragon that carries the <br\/>developing eggs. The breeding season runs from October to March (5), and males develop a 'brood patch' on the underside <br\/>of the tail that consists of cups of blood-rich tissue, which each hold an egg (4). The female transfers around <br\/>120 eggs into these pits; the eggs are then fertilised and carried by the male for about a month (2). Hatchlings <br\/>emerge over several days and are initially only around 20 mm in length. They are extremely vulnerable to predation <br\/>but grow quickly, attaining adult size by the time they are 2 years old (2). Seadragons feed on small organisms <br\/>such as plankton and mysids by sucking them into their tube-like snout (2). "},"flathierarchy":null,"preferredCommonNames":{"vernacularName":"Glauert's sea-dragon","language":"en","eol_preferred":true},"commonNames":[{"vernacularName":"leafy sea dragon","language":"","eol_preferred":true},{"vernacularName":"\u679d\u53f6\u6d77\u9a6c","language":"cnm","eol_preferred":true},{"vernacularName":"\u679d\u8449\u6d77\u99ac","language":"cnm"},{"vernacularName":"Fetzenfisch","language":"de","eol_preferred":true},{"vernacularName":"Glauert's sea-dragon","language":"en","eol_preferred":true},{"vernacularName":"Glauert&#39;s sea-dragon","language":"en"},{"vernacularName":"Glauerts seadragon","language":"en"},{"vernacularName":"leafy seadragon","language":"en"},{"vernacularName":"Raitalehv\u00e4hevonen","language":"fi","eol_preferred":true},{"vernacularName":"Lev\u00e4merihevonen","language":"fi"},{"vernacularName":"Flikfisk","language":"sv","eol_preferred":true}],"image":{"objectId":"6a0edb7b684238fa4551fa32157cde7b","identifier":"6a0edb7b684238fa4551fa32157cde7b","title":"Leafy Seadragon","licence":"http:\/\/creativecommons.org\/licenses\/by-nc-sa\/2.0\/","rights":null,"credits":"<a href='http:\/\/www.flickr.com\/photos\/42264328@N00'>Patrick Coin<\/a>&copy; ","description":null,"mimeType":"jpg","fileName":"6a0edb7b684238fa4551fa32157cde7b.jpg","URL":"http:\/\/media.eol.org\/content\/2012\/04\/25\/01\/33674_orig.jpg"},"iucnStatus":""},"48176342":{"collectionid":12777,"pageid":204524,"taxonConceptId":48176342,"taxonName":"Corythoichthys intestinalis","textDesc":{"objectId":"01f2dd222639d9743c2caed9a393f030","identifier":"01f2dd222639d9743c2caed9a393f030","title":"Biology","licence":"http:\/\/creativecommons.org\/licenses\/by-nc\/3.0\/","rights":null,"credits":"&copy; FishBase","description":"Adults occur in shallow sandy or mixed sand, rubble, or coral areas of reef flats and lagoons, also sometimes on <br\/>seaward reefs (Ref. 1602).  Ovoviviparous (Ref. 205).  The male carries the eggs in a brood pouch which is found <br\/>under the tail (Ref. 205).  Males may be brooding at 6.5-7.0 cm SL. "},"flathierarchy":null,"preferredCommonNames":{"vernacularName":"Scribbled pipefish","language":"en","eol_preferred":true},"commonNames":[{"vernacularName":"Bukaya bukaya","language":"","eol_preferred":true},{"vernacularName":"Fipumas","language":"","eol_preferred":true},{"vernacularName":"Kabayong unat","language":""},{"vernacularName":"\u5167\u51a0\u6d77\u9f8d","language":"cnm","eol_preferred":true},{"vernacularName":"\u5185\u51a0\u6d77\u9f99","language":"cnm"},{"vernacularName":"Scribbled pipefish","language":"en","eol_preferred":true},{"vernacularName":"Australian banded pipe","language":"en"},{"vernacularName":"Australian messmate pipefish","language":"en"},{"vernacularName":"Messmate pipefish","language":"en"},{"vernacularName":"Waite&#39;s pipe-fish","language":"en"},{"vernacularName":"Waite's pipe-fish","language":"en"},{"vernacularName":"banded pipefish","language":"en"},{"vernacularName":"Makkaraneula","language":"fi","eol_preferred":true},{"vernacularName":"ose ni waitui","language":"fj","eol_preferred":true},{"vernacularName":"Hippocampe fl\u00fate","language":"fr","eol_preferred":true},{"vernacularName":"\u0d2a\u0d41\u0d32\u0d4d\u0d1a\u0d3e\u0d33","language":"ml","eol_preferred":true},{"vernacularName":"Pulchala","language":"ml"},{"vernacularName":"Tongkur putih","language":"ms","eol_preferred":true},{"vernacularName":"Dagum-dagum","language":"tl","eol_preferred":true}],"image":{"objectId":"961568427f795476475466d21c946a5b","identifier":"961568427f795476475466d21c946a5b","title":"961568427f795476475466d21c946a5b","licence":"http:\/\/creativecommons.org\/licenses\/by-nc-sa\/3.0\/","rights":null,"credits":"Dennis Polack&copy; FishWise Professional","description":null,"mimeType":"jpg","fileName":"961568427f795476475466d21c946a5b.jpg","URL":"http:\/\/media.eol.org\/content\/2010\/11\/08\/06\/71483_orig.jpg"},"iucnStatus":""},"48197021":{"collectionid":12777,"pageid":213852,"taxonConceptId":48197021,"taxonName":"Naso brevirostris","textDesc":{"objectId":"fbfd124683873d293116d5ca85f8763c","identifier":"fbfd124683873d293116d5ca85f8763c","title":"Biology","licence":"http:\/\/creativecommons.org\/licenses\/by-nc\/3.0\/","rights":null,"credits":"&copy; FishBase","description":"Inhabit mid-waters along steep outer lagoon and seaward reef drop-offs.  Also found along rocky shores (Ref. <br\/>30573, 48637).  Benthopelagic (Ref. 58302).  Usually in small groups but form large schools in oceanic locations <br\/>or on reefs subject to strong currents (Ref. 48637).  Juveniles and subadults feed on benthic algae; adults feed <br\/>on zooplankton.  Pair spawning has been observed.  Caught with nets (Ref. 30573). "},"flathierarchy":null,"preferredCommonNames":{"vernacularName":"Spotted unicornfish","language":"en","eol_preferred":true},"commonNames":[{"vernacularName":"Bagis","language":"","eol_preferred":true},{"vernacularName":"Dahun","language":"","eol_preferred":true},{"vernacularName":"Dahup","language":"","eol_preferred":true},{"vernacularName":"Daup","language":"","eol_preferred":true},{"vernacularName":"Demrechl","language":"","eol_preferred":true},{"vernacularName":"Felamwe","language":"","eol_preferred":true},{"vernacularName":"Indangan","language":"","eol_preferred":true},{"vernacularName":"Kaava","language":"","eol_preferred":true},{"vernacularName":"Kavaga","language":"","eol_preferred":true},{"vernacularName":"Labahita","language":"","eol_preferred":true},{"vernacularName":"Sunghan","language":"","eol_preferred":true},{"vernacularName":"Suyahan","language":"","eol_preferred":true},{"vernacularName":"Tatii","language":"","eol_preferred":true},{"vernacularName":"Thumbi","language":"","eol_preferred":true},{"vernacularName":"Tudlo-an","language":"","eol_preferred":true},{"vernacularName":"Ulungan (Parayan)","language":"","eol_preferred":true},{"vernacularName":"Uwakon","language":"","eol_preferred":true},{"vernacularName":"pez-unicornio","language":"","eol_preferred":true},{"vernacularName":"Bakwak","language":""},{"vernacularName":"Dangit","language":""},{"vernacularName":"Djaea","language":""},{"vernacularName":"Fenamwe","language":""},{"vernacularName":"Gangis","language":""},{"vernacularName":"Gim","language":""},{"vernacularName":"Kaava d\u00e2l\u00e2k","language":""},{"vernacularName":"Kalditan","language":""},{"vernacularName":"Kumay","language":""},{"vernacularName":"Ludlo-an","language":""},{"vernacularName":"Ma langu tongai","language":""},{"vernacularName":"Mungit","language":""},{"vernacularName":"Nim\u00f3ng\u00f3sines","language":""},{"vernacularName":"Pali","language":""},{"vernacularName":"Pokapoka","language":""},{"vernacularName":"Pulang ikog","language":""},{"vernacularName":"Salinkupau","language":""},{"vernacularName":"Sechou","language":""},{"vernacularName":"Silanis","language":""},{"vernacularName":"Sorahan","language":""},{"vernacularName":"Tataga","language":""},{"vernacularName":"Tatifi","language":""},{"vernacularName":"Ume ihu","language":""},{"vernacularName":"Ume pokapoka","language":""},{"vernacularName":"Gespikkelde eenhoringvis","language":"af","eol_preferred":true},{"vernacularName":"\u77ed\u543b\u9f3b\u9b5a","language":"cnm","eol_preferred":true},{"vernacularName":"\u525d\u76ae\u4ed4","language":"cnm"},{"vernacularName":"\u5265\u76ae\u4ed4","language":"cnm"},{"vernacularName":"\u6253\u9435\u5a46","language":"cnm"},{"vernacularName":"\u6253\u94c1\u5a46","language":"cnm"},{"vernacularName":"\u72ec\u89d2\u5012\u540a","language":"cnm"},{"vernacularName":"\u7368\u89d2\u5012\u540a","language":"cnm"},{"vernacularName":"\u77ed\u543b\u9f3b\u9c7c","language":"cnm"},{"vernacularName":"\u77ed\u5599\u9f3b\u9b5a","language":"cnm"},{"vernacularName":"\u77ed\u5599\u9f3b\u9c7c","language":"cnm"},{"vernacularName":"Langsnudet n\u00e6sehornsfisk","language":"da","eol_preferred":true},{"vernacularName":"Einhornfisch","language":"de","eol_preferred":true},{"vernacularName":"Spotted unicornfish","language":"en","eol_preferred":true},{"vernacularName":"Brown unicornfish","language":"en"},{"vernacularName":"Herepo ti","language":"en"},{"vernacularName":"Lined unicornfish","language":"en"},{"vernacularName":"Longnose unicornfish","language":"en"},{"vernacularName":"Paletail unicornfish","language":"en"},{"vernacularName":"Short-nosed unicornfish","language":"en"},{"vernacularName":"Short-snouted unicornfish","language":"en"},{"vernacularName":"Shortnose unicornfish","language":"en"},{"vernacularName":"Shortnosed kala","language":"en"},{"vernacularName":"Shortnosed unicorn tang","language":"en"},{"vernacularName":"Shortsnout unicornfish","language":"en"},{"vernacularName":"Unicorn fish","language":"en"},{"vernacularName":"Unicornfish","language":"en"},{"vernacularName":"shortnosed unicornfish","language":"en"},{"vernacularName":"spotted unicorn","language":"en"},{"vernacularName":"surgeonfish","language":"en"},{"vernacularName":"whitebar unicorn","language":"en"},{"vernacularName":"To mahimahi","language":"fj","eol_preferred":true},{"vernacularName":"Damasi ni tubalevu","language":"fj"},{"vernacularName":"Omeome","language":"fj"},{"vernacularName":"Ta","language":"fj"},{"vernacularName":"Ta masi","language":"fj"},{"vernacularName":"Ta ume","language":"fj"},{"vernacularName":"ta masimasi","language":"fj"},{"vernacularName":"Nason pointill\u00e9","language":"fr","eol_preferred":true},{"vernacularName":"Corne","language":"fr"},{"vernacularName":"Nasique","language":"fr"},{"vernacularName":"Nason \u00e0 rostre court","language":"fr"},{"vernacularName":"Kala lolo","language":"hw","eol_preferred":true},{"vernacularName":"Tsumari-tenguhagi","language":"ja","eol_preferred":true},{"vernacularName":"\ud070\ubfd4\ud45c\ubb38\uc950\uce58","language":"ko","eol_preferred":true},{"vernacularName":"Batoklaj","language":"mh","eol_preferred":true},{"vernacularName":"Bataklaj","language":"mh"},{"vernacularName":"Dengkis","language":"ms","eol_preferred":true},{"vernacularName":"Barat-barat","language":"ms"},{"vernacularName":"Debam","language":"ms"},{"vernacularName":"Debam-taji bintik","language":"ms"},{"vernacularName":"Rufia manchada","language":"pt","eol_preferred":true},{"vernacularName":"Ume-ulutao","language":"sm","eol_preferred":true},{"vernacularName":"Yapot","language":"tl","eol_preferred":true},{"vernacularName":"Isdang ilong","language":"tl"},{"vernacularName":"Mangadlit","language":"tl"},{"vernacularName":"Surahan","language":"tl"},{"vernacularName":"Tarian","language":"tl"},{"vernacularName":"Tudluan","language":"tl"},{"vernacularName":"Ume tatihi","language":"ty","eol_preferred":true},{"vernacularName":"Tatihi","language":"ty"}],"image":{"objectId":"c047de8b250cb49c167a2b7ddfc80449","identifier":"c047de8b250cb49c167a2b7ddfc80449","title":"Aquarium of the Pacific, August 2010","licence":"http:\/\/creativecommons.org\/licenses\/by-nc\/3.0\/","rights":null,"credits":"Robertson, D Ross&copy; ","description":null,"mimeType":"jpg","fileName":"c047de8b250cb49c167a2b7ddfc80449.jpg","URL":"http:\/\/media.eol.org\/content\/2011\/10\/14\/18\/60004_orig.jpg"},"iucnStatus":""},"47127218":{"collectionid":12777,"pageid":464954,"taxonConceptId":47127218,"taxonName":"Atlanta peronii","textDesc":{"objectId":"be5a6d98e6a5464839779b09cb885964","identifier":"be5a6d98e6a5464839779b09cb885964","title":"Introduction","licence":"http:\/\/creativecommons.org\/licenses\/by\/3.0\/","rights":null,"credits":"&copy; <a href=\u0022http:\/\/tolweb.org\/people\/969\u0022>Roger R.  Seapy<\/a>","description":"<em>Atlanta peronii<\/em> is the type species in the genus <em>Atlanta<\/em>. It attains the largest size of all <br\/>atlantids (to 10 mm shell diameter). The walls of the shell are unusually thick and strong. The keel is moderately <br\/>tall and rounded in side profile, with a slightly truncated leading edge. The keel base is clear in young animals, <br\/>but changes with age to a light brown and then a dark yellowish-brown. The keel inserts between the fourth and fifth <br\/>whorls in shells larger than about 3 mm. The spire consists of 3-1\/2 to 3-3\/4 whorls. The whorl surfaces are smooth. <br\/>The sutures between the first and second whorls are shallow, while those between subsequent whorls are incised. <br\/>Full grown shells can consist of up to 6 whorls. Shell transparent, but can become faintly yellow in large individuals. <br\/><a href=\u0022http:\/\/tolweb.org\/Atlantidae\/28732#eye\u0022>Eyes type b<\/a>. <a href=\u0022http:\/\/tolweb.org\/Atlantidae\/28732#operculum\u0022>Operculum <br\/>type b<\/a>. <a href=\u0022http:\/\/tolweb.org\/Pterotracheoidea\/27801#radula\u0022>Radula type II<\/a>, large with <br\/>sexually-dimorphic marginal teeth. The species is cosmopolitan in tropical to subtropical waters. In Hawaiian <br\/>waters, <em>A. peronii<\/em> is a strong nocturnal vertical migrator, ranging downward to a daytime maximum <br\/>of 300 m and migrated into the upper 150 m at night.<br \/><h4>Diagnosis<\/h4><ul><li>Maximal shell diameter <br\/>= 10 mm<\/li><li>Shell with thick, strong walls, consisting of up to 6 whorls <br \/><\/li><li>Shell transparent, <br\/>but becomes a faint yellow in older animals<\/li><li>Keel moderately tall and rounded, inserting between fourth <br\/>and fifth whorls in shells larger than about 3 mm<br \/><\/li><li>Keel base clear in young individuals, becoming <br\/>brown to yellow-brown with age<\/li><li>Spire consists of 3-1\/2 to 3-3\/4 whorls<\/li><li>Sutures between the <br\/>first and second whorls shallow; subsequent sutures incised<br \/><\/li><li>Spire whorls smooth<\/li><li><a <br\/>href=\u0022http:\/\/tolweb.org\/Atlantidae\/28732#eye\u0022>Eyes type b<\/a><\/li><li><a href=\u0022http:\/\/tolweb.org\/Atlantidae\/28732#operculum\u0022>Operculum <br\/>type b<\/a><\/li><li><a href=\u0022http:\/\/tolweb.org\/Pterotracheoidea\/27801#radula\u0022>Radula type II<\/a>; <br\/>large, with sexually-dimorphic marinal teeth<br \/><\/li><\/ul> "},"flathierarchy":null,"preferredCommonNames":{"vernacularName":"Peron's Sea Butterfly","language":"en","eol_preferred":true},"commonNames":[{"vernacularName":"Peron's Sea Butterfly","language":"en","eol_preferred":true},{"vernacularName":"The Atlanta","language":"en"}],"image":{"objectId":"d3b11179608ac0bc706d71df61dfbc73","identifier":"d3b11179608ac0bc706d71df61dfbc73","title":"a.peronii_adult.jpg","licence":"http:\/\/creativecommons.org\/licenses\/by-nc\/3.0\/","rights":null,"credits":"&copy; Roger R.  Seapy","description":null,"mimeType":"jpg","fileName":"d3b11179608ac0bc706d71df61dfbc73.jpg","URL":"http:\/\/media.eol.org\/content\/2010\/12\/10\/03\/71565_orig.jpg"},"iucnStatus":""},"48134990":{"collectionid":12777,"pageid":328654,"taxonConceptId":48134990,"taxonName":"Alces alces","textDesc":"","flathierarchy":null,"preferredCommonNames":{"vernacularName":"moose","language":"en","eol_preferred":true},"commonNames":[{"vernacularName":"Western Moose","language":"","eol_preferred":true},{"vernacularName":"european elk, moose","language":""},{"vernacularName":"moose","language":"en","eol_preferred":true},{"vernacularName":"Elk","language":"en"},{"vernacularName":"Eurasian elk","language":"en"},{"vernacularName":"Eurasian moose","language":"en"},{"vernacularName":"Moose (Elk)","language":"en"},{"vernacularName":"Moose, Elk, Alaskan moose","language":"en"},{"vernacularName":"Siberian elk","language":"en"},{"vernacularName":"european elk","language":"en"},{"vernacularName":"Alce","language":"es","eol_preferred":true},{"vernacularName":"\u00c9lan","language":"fr","eol_preferred":true},{"vernacularName":"orignal","language":"fr"},{"vernacularName":"Eland","language":"nl","eol_preferred":true},{"vernacularName":"\u041b\u043e\u0441\u044c \u0435\u0432\u0440\u043e\u043f\u0435\u0439\u0441\u043a\u0438\u0439 (\u0441\u043e\u0445\u0430\u0442\u044b\u0439)","language":"ru","eol_preferred":true},{"vernacularName":"\u9a7c\u9e7f","language":"zh-Hans","eol_preferred":true},{"vernacularName":"\u582a\u8fbe\u72b4","language":"zh-Hans"},{"vernacularName":"\u72b4","language":"zh-Hans"}],"image":{"objectId":"ac74d7a2b45704c263afbabdd7e1e709","identifier":"ac74d7a2b45704c263afbabdd7e1e709","title":"File:Bigbullmoose.jpg","licence":"http:\/\/creativecommons.org\/licenses\/publicdomain\/","rights":null,"credits":"&copy; ","description":null,"mimeType":"jpg","fileName":"ac74d7a2b45704c263afbabdd7e1e709.jpg","URL":"http:\/\/media.eol.org\/content\/2012\/06\/12\/23\/85066_orig.jpg"},"iucnStatus":""},"48251983":{"collectionid":12777,"pageid":510595,"taxonConceptId":48251983,"taxonName":"Saccoglossus bromophenolosus","textDesc":"","flathierarchy":null,"preferredCommonNames":false,"commonNames":[],"image":{"objectId":"db5fa3298222edbd250f145478652591","identifier":"db5fa3298222edbd250f145478652591","title":"Saccoglossus bromophenolosus Photo from the BJ Swalla collection","licence":"http:\/\/creativecommons.org\/licenses\/by-nc-sa\/3.0\/","rights":null,"credits":"&copy; WoRMS for SMEBD","description":null,"mimeType":"jpg","fileName":"db5fa3298222edbd250f145478652591.jpg","URL":"http:\/\/media.eol.org\/content\/2010\/12\/04\/08\/31987_orig.jpg"},"iucnStatus":""},"47549359":{"collectionid":12777,"pageid":55011,"taxonConceptId":47549359,"taxonName":"Systoechus","textDesc":{"objectId":"33747bf16952b35238a4c988cb2c4286","identifier":"33747bf16952b35238a4c988cb2c4286","title":"Flowering Plants Visited by Systoechus sp. in Illinois","licence":"http:\/\/creativecommons.org\/licenses\/by-nc\/3.0\/","rights":"Copyright \u00a9 2002-2012 by Dr. John Hilty","credits":"&copy; John Hilty","description":"Systoechus sp. Loew: Bombyliidae, Diptera<BR>(observations are from Reed)<BR><BR><I>Asteraceae:<\/I> <br\/>Aster sericeus sn\/fp (Re), Chrysopsis villosa sn\/fp (Re), Grindelia squarrosa sn\/fp (Re), Helianthus pauciflorus <br\/>sn\/fp (Re), Heliopsis helianthoides sn\/fp (Re), Rudbeckia hirta sn\/fp (Re); <I>Fabaceae:<\/I> Amorpha canescens <br\/>sn\/fp (Re); <I>Lamiaceae:<\/I> Agastache foeniculum sn\/fp (Re), Pycnanthemum virginianum sn\/fp (Re); <I>Polemoniaceae:<\/I> <br\/>Phlox pilosa sn\/fp (Re) "},"flathierarchy":null,"preferredCommonNames":false,"commonNames":[],"image":{"objectId":"bc9f0f31695d3f6dd6872722ae283844","identifier":"bc9f0f31695d3f6dd6872722ae283844","title":"bc9f0f31695d3f6dd6872722ae283844","licence":"http:\/\/creativecommons.org\/licenses\/by-nc\/3.0\/","rights":null,"credits":"&copy; ","description":null,"mimeType":"jpg","fileName":"bc9f0f31695d3f6dd6872722ae283844.jpg","URL":"http:\/\/media.eol.org\/content\/2012\/05\/24\/03\/18719_orig.jpg"},"iucnStatus":""},"47333952":{"collectionid":12777,"pageid":679019,"taxonConceptId":47333952,"taxonName":"Lixus angustatus","textDesc":{"objectId":"06195183719a7a597a40ac06de0bbc27","identifier":"06195183719a7a597a40ac06de0bbc27","title":"Associations","licence":"http:\/\/creativecommons.org\/licenses\/by-nc-sa\/3.0\/","rights":null,"credits":"&copy; BioImages","description":"Foodplant \/ feeds on<br>larva of <i>Lixus angustatus<\/i> feeds on <i>Centaurea nigra agg<\/i><br><br>Foodplant <br\/>\/ feeds on<br>larva of <i>Lixus angustatus<\/i> feeds on <i>Cirsium arvense<\/i><br><br>Foodplant \/ feeds <br\/>on<br>larva of <i>Lixus angustatus<\/i> feeds on <i>Malva<\/i><br><br>In Great Britain and\/or Ireland:<br>Foodplant <br\/>\/ feeds on<br>larva of <i>Lixus angustatus<\/i> feeds on stem of <i>Carduus<\/i><br><br>Foodplant \/ feeds on<br>larva <br\/>of <i>Lixus angustatus<\/i> feeds on stem of <i>Cirsium<\/i><br><br>Foodplant \/ feeds on<br><i>Lixus angustatus<\/i> <br\/>feeds on stem of <i>Malva sylvestris<\/i><br><br>Foodplant \/ feeds on<br><i>Lixus angustatus<\/i> feeds on <br\/>stem of <i>Vicia faba<\/i><br><br> "},"flathierarchy":null,"preferredCommonNames":false,"commonNames":[],"image":"","iucnStatus":""},"48197349":{"collectionid":12777,"pageid":216921,"taxonConceptId":48197349,"taxonName":"Campylomormyrus phantasticus (Pellegrin, 1927)","textDesc":{"objectId":"6cc45b808388fb98c09cca2a19b0a89d","identifier":"6cc45b808388fb98c09cca2a19b0a89d","title":"General Description","licence":"http:\/\/creativecommons.org\/licenses\/by-nc-sa\/3.0\/","rights":null,"credits":"&copy; Hopkins, Carl D.; Sullivan, John P.","description":"<p>Diagnosed by the following combination of characters: 12 circumpeduncular scales, a moderately elongate <br\/>body, post-orbital standard length 3.2\u20134.4 times as long as deep; elongate snout, 1.8\u20132.5 times the post-orbital <br\/>length of the head; and uniform dark coloration sometimes with a darkened band between dorsal and anal fins.<\/p><p>Snout <br\/>tubular and very elongated, 19\u201331% of the standard post-orbital length and 1.3\u20132.5 times the post-orbital <br\/>length of the head. The snout length may be especially elongate in individuals greater than 300 mm SL. Dorsal profile <br\/>gently convex, then turning downward sharply between eye and end of opercle. Snout may be gently curved downward. <br\/>Ventral profile of the head concave. Mouth terminal and small.Chin with moderately elongated submental filament, <br\/>its length 0.8\u20131.77 times the diameter of the eye. Teeth, conical, three in the upper jaw, four in the lower. <br\/>Nostrils close together, separated from the eye by 1.3\u20133.2 times the eye diameter, closer to the anterior border <br\/>of the eye than to the end of the snout. Eye small, 3.6\u20134.95 times the post-orbital length of the head. Dorsal <br\/>fin, 27\u201329% of the standard post-orbital length, with 28\u201332 rays; anal fin, 30\u201333% of post-orbital standard <br\/>length, with 31\u201334 rays. Caudal peduncle length, 16.5\u201322.6% of standard post-opercular length, and 21\u201333% <br\/>of caudal peduncle length. Twelve circumpeduncular scales; 76\u201382 lateral line scales; 21\u201322 scale rows <br\/>above the lateral line,18 below the lateral line and above the pelvic fin. Caudal fin scaled, deeply forked. To <br\/>455 mm TL.<\/p><p>Coloration: uniform brown with a dark band between the anterior-most dorsal rays and anterior-most <br\/>anal rays.<\/p> "},"flathierarchy":null,"preferredCommonNames":false,"commonNames":[{"vernacularName":"\u5c0f\u53e3\u5f2f\u988c\u8c61\u9f3b\u9c7c","language":"cnm","eol_preferred":true},{"vernacularName":"\u5c0f\u53e3\u5f4e\u981c\u8c61\u9f3b\u9b5a","language":"cnm"},{"vernacularName":"Rypoun bizarn\u00ed","language":"cs","eol_preferred":true}],"image":{"objectId":"e3a804f73a9bbf963c6eb0db12203d39","identifier":"e3a804f73a9bbf963c6eb0db12203d39","title":"Campylomormyrus phantasticus 133 mm SL, Sanaga River, Cameroon. CU 89956, spec. no. 6009","licence":"http:\/\/creativecommons.org\/licenses\/by-nc-sa\/3.0\/","rights":null,"credits":"Sullivan, John P.&copy; ","description":null,"mimeType":"jpg","fileName":"e3a804f73a9bbf963c6eb0db12203d39.jpg","URL":"http:\/\/media.eol.org\/content\/2011\/10\/14\/19\/77899_orig.jpg"},"iucnStatus":""},"48195119":{"collectionid":12777,"pageid":204372,"taxonConceptId":48195119,"taxonName":"Forcipiger longirostris","textDesc":"","flathierarchy":null,"preferredCommonNames":{"vernacularName":"Longnose butterflyfish","language":"en","eol_preferred":true},"commonNames":[{"vernacularName":"Bag-ga","language":"","eol_preferred":true},{"vernacularName":"Kulibangbang","language":"","eol_preferred":true},{"vernacularName":"Sunghan","language":"","eol_preferred":true},{"vernacularName":"Thun bibi","language":"","eol_preferred":true},{"vernacularName":"Baro-baro","language":""},{"vernacularName":"Tamparay","language":""},{"vernacularName":"Tapay-tapay","language":""},{"vernacularName":"\u706b\u7bad\u8c0d","language":"cnm","eol_preferred":true},{"vernacularName":"\u706b\u7bad\u8adc","language":"cnm"},{"vernacularName":"\u9477\u53e3\u9b5a","language":"cnm"},{"vernacularName":"\u954a\u53e3\u9c7c","language":"cnm"},{"vernacularName":"\u9577\u543b\u9477\u53e3\u9b5a","language":"cnm"},{"vernacularName":"\u957f\u543b\u954a\u53e3\u9c7c","language":"cnm"},{"vernacularName":"Langsnudet pincetfisk","language":"da","eol_preferred":true},{"vernacularName":"Langschn\u00e4uziger Pinzettfisch","language":"de","eol_preferred":true},{"vernacularName":"Longnose butterflyfish","language":"en","eol_preferred":true},{"vernacularName":"Big long-nosed butterflyfish","language":"en"},{"vernacularName":"Big longnose butterflyfish","language":"en"},{"vernacularName":"Big longnosed butterflyfish","language":"en"},{"vernacularName":"Big-longnose butterflyfish","language":"en"},{"vernacularName":"Black long-nosed butterflyfish","language":"en"},{"vernacularName":"Forcepsfish","language":"en"},{"vernacularName":"Long-beaked butterfly fish","language":"en"},{"vernacularName":"Long-bill","language":"en"},{"vernacularName":"Long-nosed butterflyfish","language":"en"},{"vernacularName":"Longsnouted coralfish","language":"en"},{"vernacularName":"Pipe-snouted butterfly-fish","language":"en"},{"vernacularName":"Rare long-nose","language":"en"},{"vernacularName":"Rare longnose butterflyfish","language":"en"},{"vernacularName":"Very-long-nose butterflyfish","language":"en"},{"vernacularName":"daliga ragutu","language":"fj","eol_preferred":true},{"vernacularName":"Forcipiger longirostris","language":"fr","eol_preferred":true},{"vernacularName":"Chelmon \u00e0 tr\u00e8s long bec","language":"fr"},{"vernacularName":"Poisson pincette \u00e0 tr\u00e8s long nez","language":"fr"},{"vernacularName":"Lau wiliwili nukunuku 'oi'oi","language":"hw","eol_preferred":true},{"vernacularName":"Lau wiliwili nukunuku oi'oi","language":"hw"},{"vernacularName":"\u00effueyakkodai","language":"ja","eol_preferred":true},{"vernacularName":"\u00d4fueyakkodai","language":"ja"},{"vernacularName":"Pipit panjang","language":"ms","eol_preferred":true},{"vernacularName":"Pensetnik czarnoglowy","language":"pl","eol_preferred":true},{"vernacularName":"\u0449\u0435\u0442\u0438\u043d\u043e\u0437\u0443\u0431-\u043f\u0438\u043d\u0446\u0435\u0442\u043d\u0438\u043a","language":"ru","eol_preferred":true},{"vernacularName":"Gutumanu","language":"sm","eol_preferred":true},{"vernacularName":"N\u00e4bbfisk","language":"sv","eol_preferred":true},{"vernacularName":"Alibang-bang","language":"tl","eol_preferred":true},{"vernacularName":"Alibangbang","language":"tl"},{"vernacularName":"Boray-boray","language":"tl"},{"vernacularName":"Dalang bukid","language":"tl"},{"vernacularName":"Paru-parang dagat","language":"tl"},{"vernacularName":"Paru-paro","language":"tl"},{"vernacularName":"Paru-paru","language":"tl"},{"vernacularName":"Paru-parung dagat","language":"tl"},{"vernacularName":"Paraha &#39;uturoa","language":"ty","eol_preferred":true},{"vernacularName":"Paraha 'uturoa","language":"ty"},{"vernacularName":"C\u00e1 B\u01b0\u1edbm m\u00f5m d\u00e0i","language":"vi","eol_preferred":true},{"vernacularName":"C\u00e1 Bu?m m\u00f5m d\u00e0i","language":"vi"}],"image":{"objectId":"18e5e3cfc46ad6f715aa589bf3b463db","identifier":"18e5e3cfc46ad6f715aa589bf3b463db","title":"18e5e3cfc46ad6f715aa589bf3b463db","licence":"http:\/\/creativecommons.org\/licenses\/by-nc-sa\/3.0\/","rights":null,"credits":"Dennis Polack&copy; FishWise Professional","description":null,"mimeType":"jpg","fileName":"18e5e3cfc46ad6f715aa589bf3b463db.jpg","URL":"http:\/\/media.eol.org\/content\/2010\/11\/08\/06\/23766_orig.jpg"},"iucnStatus":""},"48130510":{"collectionid":12777,"pageid":328523,"taxonConceptId":48130510,"taxonName":"Myrmecophaga tridactyla","textDesc":{"objectId":"e25f8759ebbbb4b723b36fcbec5c4df9","identifier":"e25f8759ebbbb4b723b36fcbec5c4df9","title":"Description","licence":"http:\/\/creativecommons.org\/licenses\/by-nc-sa\/3.0\/","rights":"Copyright Wildscreen 2003-2008","credits":"&copy; Wildscreen","description":"As their common name suggests, this species is the largest of the living anteaters and is instantly recognised <br\/>around the world. They are strange-looking animals, with the body roughly divided into three equal regions: <br\/>the long nose and head, the body and the tail (3). Beneath the skin of the long nose is a bone tube formed by the fusion <br\/>of the upper and lower jaw (3). The nose houses an impressively long, sticky tongue, which can measure up to 50 centimetres <br\/>in length (3). They are protected from the bites of soldier ants and termites by their rubbery skin and very long <br\/>hairs, which can measure up to 45 centimetres in length (3). A black stripe runs from beneath the snout to the mid-torso <br\/>and is banded by white or cream (5). The front feet bear huge claws and giant anteaters walk on their knuckles with <br\/>their claws folded up into their palms for protection (5). Male and female anteaters look so alike that females <br\/>can only be identified when they are accompanied by their offspring (3). The name of the giant anteater in Portugese <br\/>is 'tamandua-bandeira'; the word tamandua is of Indian origin and means 'insect-eater' and 'bandeira' is a portugese <br\/>word meaning 'flag'. This name refers to the large tail of the species, which is thought to look like a flag (3). <br\/>"},"flathierarchy":null,"preferredCommonNames":{"vernacularName":"Giant anteater","language":"en","eol_preferred":true},"commonNames":[{"vernacularName":"Grosser Ameisenb\u00e4r","language":"de","eol_preferred":true},{"vernacularName":"Giant anteater","language":"en","eol_preferred":true},{"vernacularName":"Bander\u00f3n caballo","language":"es","eol_preferred":true},{"vernacularName":"Hormiguero gigante","language":"es"},{"vernacularName":"Oso caballo","language":"es"},{"vernacularName":"Oso hormiguero","language":"es"},{"vernacularName":"Oso palmero","language":"es"},{"vernacularName":"Tamanoir","language":"fr","eol_preferred":true},{"vernacularName":"Grand fourmilier","language":"fr"},{"vernacularName":"Reuzenmiereneter","language":"nl","eol_preferred":true},{"vernacularName":"\u0411\u043e\u043b\u044c\u0448\u043e\u0439 \u043c\u0443\u0440\u0430\u0432\u044c\u0435\u0434","language":"ru","eol_preferred":true},{"vernacularName":"\u041c\u0443\u0440\u0430\u0432\u044c\u0435\u0434 \u0431\u043e\u043b\u044c\u0448\u043e\u0439","language":"ru"}],"image":{"objectId":"647903527387430d3c143e4fb5c202ce","identifier":"647903527387430d3c143e4fb5c202ce","title":"Tamandu\u00e1-bandeira (Myrmecophaga tridactyla)","licence":"http:\/\/creativecommons.org\/licenses\/by-nc-sa\/2.0\/","rights":null,"credits":"<a href='http:\/\/www.flickr.com\/photos\/32674493@N04'>Cl\u00e1udio Dias Timm<\/a>&copy; ","description":null,"mimeType":"jpg","fileName":"647903527387430d3c143e4fb5c202ce.jpg","URL":"http:\/\/media.eol.org\/content\/2011\/11\/25\/01\/09486_orig.jpg"},"iucnStatus":""},"48130170":{"collectionid":12777,"pageid":289808,"taxonConceptId":48130170,"taxonName":"Loxodonta africana (Blumenbach, 1797)","textDesc":{"objectId":"243ba6983272a9dee18230898ec6f605","identifier":"243ba6983272a9dee18230898ec6f605","title":"Biology","licence":"http:\/\/creativecommons.org\/licenses\/by-nc-sa\/3.0\/","rights":"Copyright Wildscreen 2003-2008","credits":"&copy; Wildscreen","description":"Elephant society is highly complex and arranged around family units composed of groups of closely related females <br\/>and their calves. Each family unit contains around ten individuals (6), led by an old female known as the 'matriarch' <br\/>(2). Family units often join up with other bands of females forming 'kinship groups' or 'bond groups', and larger <br\/>herds may number well over a hundred individuals (7). Male elephants leave their natal group at puberty and tend <br\/>to form much more fluid alliances with other males. Elephants are extremely long-lived and although females <br\/>may reach sexual maturity at ten years old they are at their most fertile between 25 and 45 (2). There is no distinct <br\/>breeding season, although birth peaks in certain areas may relate to the local rainfall patterns (9). Calves <br\/>are born after an exceptionally long gestation period of nearly two years, and continue to be dependent on their <br\/>mother for several years (2). They are also cared for by other females in the group, especially by young females <br\/>known as 'allomothers' (2). The social bonds between elephants are very strong and if faced with danger they will <br\/>form a protective circle around the young calves, with the adults facing outwards and the matriarch adopting <br\/>a threatening pose or even charging the intruder (2). Elephants care for their wounded and also show recognition <br\/>of, and particular interest in, elephant bones (10).&nbsp;Elephant groups will spend the day wandering their <br\/>home range in search of food and water (2). An adult elephant requires 160 kilograms of food a day; using their highly <br\/>mobile trunk they pluck at grasses and leaves or tear at branches and bark with their tusks, which can cause enormous <br\/>damage (7). Elephants can communicate over large distances and use some vocalisations that are below the range <br\/>of human hearing (11). "},"flathierarchy":null,"preferredCommonNames":{"vernacularName":"African bush elephant","language":"en","eol_preferred":true},"commonNames":[{"vernacularName":"African savanna elephant","language":"","eol_preferred":true},{"vernacularName":"Oliphant","language":"af","eol_preferred":true},{"vernacularName":"Elefant","language":"de","eol_preferred":true},{"vernacularName":"Fel","language":"de"},{"vernacularName":"African bush elephant","language":"en","eol_preferred":true},{"vernacularName":"African elephant","language":"en"},{"vernacularName":"African savannah elephant","language":"en"},{"vernacularName":"Elephant","language":"en"},{"vernacularName":"Elefante africano","language":"es","eol_preferred":true},{"vernacularName":"Elefantti","language":"fi","eol_preferred":true},{"vernacularName":"Norsu","language":"fi"},{"vernacularName":"\u00c9l\u00e9phant de savane d'Afrique","language":"fr","eol_preferred":true},{"vernacularName":"\u00e9l\u00e9phant africain","language":"fr"},{"vernacularName":"\u00e9l\u00e9phant d'afrique","language":"fr"},{"vernacularName":"Peel","language":"he","eol_preferred":true},{"vernacularName":"Loxodonta africana","language":"it","eol_preferred":true},{"vernacularName":"Elephante","language":"it"},{"vernacularName":"Elefanta","language":"mg","eol_preferred":true},{"vernacularName":"Savanneolifant","language":"nl","eol_preferred":true},{"vernacularName":"Slon","language":"pl","eol_preferred":true},{"vernacularName":"\u0421\u0430\u0432\u0430\u043d\u043d\u043e\u0432\u044b\u0439 \u0430\u0444\u0440\u0438\u043a\u0430\u043d\u0441\u043a\u0438\u0439 \u0441\u043b\u043e\u043d","language":"ru","eol_preferred":true},{"vernacularName":"\u0421\u043b\u043e\u043d \u0430\u0444\u0440\u0438\u043a\u0430\u043d\u0441\u043a\u0438\u0439","language":"ru"},{"vernacularName":"Tembo","language":"sw","eol_preferred":true},{"vernacularName":"Indofu","language":"sw"},{"vernacularName":"Ndovo","language":"sw"}],"image":{"objectId":"6ba02458ec744ad889dd080d2705214b","identifier":"6ba02458ec744ad889dd080d2705214b","title":"File:African Bush Elephants.jpg","licence":"http:\/\/creativecommons.org\/licenses\/by-sa\/3.0\/","rights":null,"credits":"&copy; ","description":null,"mimeType":"jpg","fileName":"6ba02458ec744ad889dd080d2705214b.jpg","URL":"http:\/\/media.eol.org\/content\/2012\/06\/15\/13\/03270_orig.jpg"},"iucnStatus":""},"48147741":{"collectionid":12777,"pageid":453494,"taxonConceptId":48147741,"taxonName":"Anolis proboscis PETERS & ORCES 1956","textDesc":{"objectId":"108bc4622f0359bfabc21ad9e333c9f8","identifier":"108bc4622f0359bfabc21ad9e333c9f8","title":"Range Description","licence":"http:\/\/creativecommons.org\/licenses\/by-nc-sa\/3.0\/","rights":"\u00a9 International Union for Conservation of Nature and Natural Resources","credits":"&copy; International Union for Conservation of Nature and Natural Resources","description":"This species is known from mid-altitudes of western slopes of the Andes in Pichincha, Ecuador, from four localities <br\/>around the town of Mindo, Pichincha province (S. Poe pers. comm. 2010, J.B. Losos pers. comm. 2010, Y\u00e1nez-Mu\u00f1oz <br\/><span style=\u0022font-style: italic;\u0022>et al.<\/span> 2010). The furthest localities are only 13 km away from each <br\/>other. Searches for the species in other areas around Mindo, including areas of better forest habitat, have not <br\/>yet found any new localities (S. Poe pers. comm. 2010). However, the theoretically probable range of this species <br\/>may be much larger, but confirmation of this depends on individuals being found in new localities. For example, <br\/>it may also occur further north in the province of Imbabura and further south in the provinces of Cotopaxi and Santo <br\/>Domingo de los Tsachilas (Y\u00e1nez-Mu\u00f1oz <span style=\u0022font-style: italic;\u0022>et al.<\/span> 2010). Its currently <br\/>known area of occupancy was estimated as 33 km<sup>2<\/sup> (Y\u00e1nez-Mu\u00f1oz <span style=\u0022font-style: italic;\u0022>et <br\/>al.<\/span> 2010), and the estimated extent of occurrence is no more than 200 km<sup>2<\/sup> (based on a maximum <br\/>distance of 13 km between the furthest localities). All known individuals of this species are found in fewer than <br\/>five locations. It has been found from altitudes ranging between 1,200 and 1,650 m above sea level (S. Poe pers. <br\/>comm. 2010, Y\u00e1nez-Mu\u00f1oz <span style=\u0022font-style: italic;\u0022>et al.<\/span> 2010). "},"flathierarchy":null,"preferredCommonNames":{"vernacularName":"Proboscis anole","language":"en","eol_preferred":true},"commonNames":[{"vernacularName":"Proboscis anole","language":"en","eol_preferred":true},{"vernacularName":"Horned Anole","language":"en"},{"vernacularName":"S: Camale\u00f3n sudamericano de hoja nasal de los Andes","language":"en"}],"image":{"objectId":"444dae5c6c0fe04580a5045fe2b9e6a0","identifier":"444dae5c6c0fe04580a5045fe2b9e6a0","title":"444dae5c6c0fe04580a5045fe2b9e6a0","licence":"http:\/\/creativecommons.org\/licenses\/by-nc-sa\/3.0\/","rights":null,"credits":"&copy; Museum of Comparative Zoology, Harvard University","description":null,"mimeType":"jpg","fileName":"444dae5c6c0fe04580a5045fe2b9e6a0.jpg","URL":"http:\/\/media.eol.org\/content\/2011\/02\/12\/06\/98296_orig.jpg"},"iucnStatus":""},"47581967":{"collectionid":12777,"pageid":748459,"taxonConceptId":47581967,"taxonName":"Rhingia campestris","textDesc":{"objectId":"87180c7fdafaee61f646c9a3996119fc","identifier":"87180c7fdafaee61f646c9a3996119fc","title":"Associations","licence":"http:\/\/creativecommons.org\/licenses\/by-nc-sa\/3.0\/","rights":null,"credits":"&copy; BioImages","description":"Animal \/ associate<br>larva of <i>Rhingia campestris<\/i> is associated with rotting dung of <i>Bos taurus <br\/>(domestic)<\/i><br><br> "},"flathierarchy":null,"preferredCommonNames":false,"commonNames":[],"image":{"objectId":"3f17ffa6b1fcf13f31b32c2b2bdea797","identifier":"3f17ffa6b1fcf13f31b32c2b2bdea797","title":"3f17ffa6b1fcf13f31b32c2b2bdea797","licence":"http:\/\/creativecommons.org\/licenses\/by-nc\/3.0\/","rights":null,"credits":"&copy; ","description":null,"mimeType":"jpg","fileName":"3f17ffa6b1fcf13f31b32c2b2bdea797.jpg","URL":"http:\/\/media.eol.org\/content\/2012\/08\/02\/03\/54758_orig.jpg"},"iucnStatus":""},"48608542":{"collectionid":12777,"pageid":2915252,"taxonConceptId":48608542,"taxonName":"Monodinium balbianii Fabre-Domergue, 1888","textDesc":{"objectId":"18d2d2b5ab433b0a887cda357e1cfe32","identifier":"18d2d2b5ab433b0a887cda357e1cfe32","title":"Description of Monodinium balbianii","licence":"http:\/\/creativecommons.org\/licenses\/by\/3.0\/","rights":null,"credits":"&copy; ","description":"Haptorid ciliate, 60-100 micrometres long.  Ovoid, or like an inverted bell, with projecting, cone-shaped snout <br\/>in the anterior.  Closely resembling Didinium sp., but with a single anterior ciliary band, or girdle.  A second <br\/>band emerges in the posterior during cell division. Flexible and contractile, especially at the snout.  Macronucleus <br\/>horseshoe or sausage-shaped; contractile vacuole posterior.  Fresh water, among plants and plankton, rarely <br\/>in bottom sediments. "},"flathierarchy":null,"preferredCommonNames":false,"commonNames":[],"image":{"objectId":"d9334e42356a2931a55779cc4d2f1cec","identifier":"d9334e42356a2931a55779cc4d2f1cec","title":"Ventral infraciliature","licence":"http:\/\/creativecommons.org\/licenses\/by-nc\/3.0\/","rights":null,"credits":"&copy; ","description":null,"mimeType":"jpg","fileName":"d9334e42356a2931a55779cc4d2f1cec.jpg","URL":"http:\/\/media.eol.org\/content\/2008\/12\/10\/22\/37790_orig.jpg"},"iucnStatus":""},"47557665":{"collectionid":12777,"pageid":54640,"taxonConceptId":47557665,"taxonName":"Laphria","textDesc":{"objectId":"15fde7bc50e98dd3f64d3e2fdcc0b15d","identifier":"15fde7bc50e98dd3f64d3e2fdcc0b15d","title":"National Distribution","licence":"http:\/\/creativecommons.org\/licenses\/by-nc\/3.0\/","rights":null,"credits":"&copy; NatureServe","description":"<h5>Canada<\/h5><p><strong>Origin<\/strong>: Native<\/p><p><strong>Regularity<\/strong>: Regularly <br\/>occurring<\/p><p><strong>Currently<\/strong>: Present<\/p><p><strong>Confidence<\/strong>: Confident<\/p><p><strong>Type <br\/>of Residency<\/strong>: Year-round<\/p> "},"flathierarchy":null,"preferredCommonNames":{"vernacularName":"Bee-like Robber Flies","language":"en","eol_preferred":true},"commonNames":[{"vernacularName":"Bee-like Robber Fly","language":"","eol_preferred":true},{"vernacularName":"Bee-like Robber Flies","language":"en","eol_preferred":true},{"vernacularName":"A Robber Fly","language":"en"}],"image":{"objectId":"52a0ae86a8651800ee10b9b02d01c950","identifier":"52a0ae86a8651800ee10b9b02d01c950","title":"Laphria canis","licence":"http:\/\/creativecommons.org\/licenses\/by-nc-sa\/2.0\/","rights":null,"credits":"<a href='http:\/\/www.flickr.com\/photos\/42264328@N00'>Patrick Coin<\/a>&copy; ","description":null,"mimeType":"jpg","fileName":"52a0ae86a8651800ee10b9b02d01c950.jpg","URL":"http:\/\/media.eol.org\/content\/2011\/11\/02\/08\/78869_orig.jpg"},"iucnStatus":""},"48252226":{"collectionid":12777,"pageid":512415,"taxonConceptId":48252226,"taxonName":"Sipunculus norvegicus","textDesc":{"objectId":"56fc9fe359cf46fa9f2fd7998fe696ec","identifier":"56fc9fe359cf46fa9f2fd7998fe696ec","title":"Type Material","licence":"http:\/\/creativecommons.org\/licenses\/by-nc-sa\/3.0\/","rights":null,"credits":"&copy; Kawauchi, Gisele Y.","description":"<p>Types: Museum of Zoology, University of Bergen, Bergen, Norway, ZMUB 1671 (Cutler and Cutler, 1985).<\/p> <br\/>"},"flathierarchy":null,"preferredCommonNames":false,"commonNames":[],"image":{"objectId":"6226db7e482c5d19e3ab5197ef8754ec","identifier":"6226db7e482c5d19e3ab5197ef8754ec","title":"Live specimen of Sipunculus novergicus: general view","licence":"http:\/\/creativecommons.org\/licenses\/by-nc-sa\/3.0\/","rights":null,"credits":"Giribet, G.&copy; ","description":null,"mimeType":"jpg","fileName":"6226db7e482c5d19e3ab5197ef8754ec.jpg","URL":"http:\/\/media.eol.org\/content\/2011\/10\/14\/18\/40039_orig.jpg"},"iucnStatus":""},"48130387":{"collectionid":12777,"pageid":310436,"taxonConceptId":48130387,"taxonName":"Nasalis larvatus","textDesc":{"objectId":"0dc94283829e996dce9811ed7842c2cc","identifier":"0dc94283829e996dce9811ed7842c2cc","title":"Biology","licence":"http:\/\/creativecommons.org\/licenses\/by-nc-sa\/3.0\/","rights":"Copyright Wildscreen 2003-2008","credits":"&copy; Wildscreen","description":"Only a few studies on this intriguing primate have been carried out and little is known about their ecology and <br\/>behaviour (4). Groups consist of single mature males and around 6 females and their young; adolescent males form <br\/>bachelor groups until they can take over their own harem (4). Groups join together in larger more fluid troops <br\/>to rest at dusk (5); these encounters may be noisy with rival males displaying to each other and often crashing <br\/>through the branches (4). Unusually, females may switch harems several times in their lives (4), and they compete <br\/>between each other to mate with the male of their group. When a female is ready to mate she will perform a head shaking <br\/>and presenting display (5). A single offspring is born after a gestation period of nearly 6 months, remaining <br\/>with their mother for the first few years (4); males will then leave to join bachelor groups (5).&nbsp;Young leaves <br\/>make up the majority of the proboscis monkey diet between June and December, and fruit from January to May (2), <br\/>although seeds and flowers are also consumed (7). These monkeys are excellent swimmers and have partially webbed <br\/>feet; they can be seen readily leaping into the water with a dramatic belly flop in order to cross rainforest rivers <br\/>(4). "},"flathierarchy":null,"preferredCommonNames":{"vernacularName":"proboscis monkey","language":"en","eol_preferred":true},"commonNames":[{"vernacularName":"Probiscis Monkey","language":"","eol_preferred":true},{"vernacularName":"Nasenaffe","language":"de","eol_preferred":true},{"vernacularName":"proboscis monkey","language":"en","eol_preferred":true},{"vernacularName":"Long-nosed monkey","language":"en"},{"vernacularName":"Nasalis larvatus","language":"es","eol_preferred":true},{"vernacularName":"Mono narigudo","language":"es"},{"vernacularName":"Nasalis larvatus","language":"fr","eol_preferred":true},{"vernacularName":"Nasique","language":"fr"},{"vernacularName":"Neusaap","language":"nl","eol_preferred":true},{"vernacularName":"\u041d\u043e\u0441\u0430\u0447","language":"ru","eol_preferred":true},{"vernacularName":"\u041a\u0430\u0445\u0430\u0443","language":"ru"},{"vernacularName":"\u041d\u043e\u0441\u0430\u0447 \u043e\u0431\u044b\u043a\u043d\u043e\u0432\u0435\u043d\u043d\u044b\u0439","language":"ru"}],"image":{"objectId":"df2f6b4ac6648a44ea8716698261afdd","identifier":"df2f6b4ac6648a44ea8716698261afdd","title":"Proboscis Monkey Male Nasalis larvatus","licence":"http:\/\/creativecommons.org\/licenses\/by-nc-sa\/2.0\/","rights":null,"credits":"<a href='http:\/\/www.flickr.com\/photos\/65695019@N07'>BERNARD<\/a>&copy; ","description":null,"mimeType":"jpg","fileName":"df2f6b4ac6648a44ea8716698261afdd.jpg","URL":"http:\/\/media.eol.org\/content\/2012\/04\/16\/00\/48416_orig.jpg"},"iucnStatus":""},"48130565":{"collectionid":12777,"pageid":129476,"taxonConceptId":48130565,"taxonName":"Tapirus bairdii","textDesc":{"objectId":"f8f661b6a6cc687963583667808b9066","identifier":"f8f661b6a6cc687963583667808b9066","title":"Biology","licence":"http:\/\/creativecommons.org\/licenses\/by-nc-sa\/3.0\/","rights":"Copyright Wildscreen 2003-2008","credits":"&copy; Wildscreen","description":"Very little is known about the natural ecology of Baird's tapir; these shy creatures were thought to be solitary <br\/>but are now believed to live in pairs or small family groups (6). When disturbed, they tend to seek cover underwater <br\/>and are agile in both the forest's hilly terrain and within streams and rivers (2). Tracks throughout the home <br\/>range are repeatedly used and are marked regularly (2); individuals communicate within the dense jungle via <br\/>scent, but also with shrill whistling calls (4). There is no distinct breeding season and births may occur throughout <br\/>the year (4), a female will generally give birth to a single young after a gestation period of 13 months (5). Young <br\/>tapirs stay with their mother for up to two years (5).&nbsp;Tapirs tend to forage in forest clearings where there <br\/>are many colonizing plants (5). Browsing often occurs at night (5), and the diet consists of a variety of foliage <br\/>together with seeds and fruit (4). "},"flathierarchy":null,"preferredCommonNames":{"vernacularName":"Baird's Tapir","language":"en","eol_preferred":true},"commonNames":[{"vernacularName":"Baird's Tapir","language":"en","eol_preferred":true},{"vernacularName":"Central American Tapir","language":"en"},{"vernacularName":"Tapir","language":"es","eol_preferred":true},{"vernacularName":"Anteburro","language":"es"},{"vernacularName":"Cash-i-tzimin","language":"es"},{"vernacularName":"Danta","language":"es"},{"vernacularName":"Dante","language":"es"},{"vernacularName":"Danto","language":"es"},{"vernacularName":"Macho de monte","language":"es"},{"vernacularName":"Tapir centroamericano","language":"es"},{"vernacularName":"Tapir de baird","language":"fr","eol_preferred":true}],"image":{"objectId":"d32369443ee4e9f0b905400c9501e0a2","identifier":"d32369443ee4e9f0b905400c9501e0a2","title":"Baird\u2019s Tapir","licence":"http:\/\/creativecommons.org\/licenses\/by-nc\/2.0\/","rights":null,"credits":"<a href='http:\/\/www.flickr.com\/photos\/19731486@N07'>Brian Gratwicke<\/a>&copy; ","description":null,"mimeType":"jpg","fileName":"d32369443ee4e9f0b905400c9501e0a2.jpg","URL":"http:\/\/media.eol.org\/content\/2012\/06\/18\/01\/70615_orig.jpg"},"iucnStatus":""},"47485729":{"collectionid":12777,"pageid":1335339,"taxonConceptId":47485729,"taxonName":"Pleurocerina","textDesc":{"objectId":"9cacf2e1b2a1e758ebf3b3cb07102051","identifier":"9cacf2e1b2a1e758ebf3b3cb07102051","title":"Barcode data","licence":"http:\/\/creativecommons.org\/licenses\/by\/3.0\/","rights":null,"credits":"&copy; Barcode of Life Data Systems","description":"<a target='fasta' href='http:\/\/www.boldsystems.org\/pcontr.php?action=doPublicSequenceDownload&taxids=271427'>Download <br\/>FASTA File<\/a> "},"flathierarchy":null,"preferredCommonNames":false,"commonNames":[],"image":"","iucnStatus":""},"47931299":{"collectionid":12777,"pageid":10176030,"taxonConceptId":47931299,"taxonName":"Xanthopan morganii praedicta Rothschild & Jordan, 1903","textDesc":{"objectId":"66026ffdadd030d117e29d7f44db892f","identifier":"66026ffdadd030d117e29d7f44db892f","title":"Statistics of barcoding coverage: Xanthopan morganii praedicta","licence":"http:\/\/creativecommons.org\/licenses\/by\/3.0\/","rights":null,"credits":"&copy; Barcode of Life Data Systems","description":"Barcode of Life Data Systems (BOLDS) Stats <br> Public Records: 0<br>Specimens with Barcodes: 10<br>Species <br\/>With Barcodes: 1<br><br> "},"flathierarchy":null,"preferredCommonNames":false,"commonNames":[],"image":"","iucnStatus":""}}