{"name":"Cellular organism","depth":-1,"children":[{"name":"animals<br\/><i>Animalia<\/i>","depth":1,"taxonConceptID":1,"children":[{"name":"Chordates<br\/><i>Chordata<\/i>","depth":2,"taxonConceptID":694,"children":[{"name":"spiny rayed fishes<br\/><i>Actinopterygii<\/i>","depth":3,"taxonConceptID":1905,"children":[{"name":"perch-like fishes<br\/><i>Perciformes<\/i>","depth":4,"taxonConceptID":5184,"children":[{"name":"cardinalfishes<br\/><i>Apogonidae<\/i>","depth":5,"taxonConceptID":5377,"children":[{"name":"Sphaeramia","depth":6,"taxonConceptID":24282,"children":[{"name":"Pyjama cardinalfish<br\/><i>Sphaeramia nematoptera (Bleeker, 1856)<\/i>","depth":7,"terminal":true,"image":"7f50520672fb57cbea4d1e91b95ed63e.jpg","taxonConceptID":204401}]}]},{"name":"smilers<br\/><i>Opistognathidae<\/i>","depth":5,"taxonConceptID":5278,"children":[{"name":"spotfin jawfishes<br\/><i>Opistognathus<\/i>","depth":6,"taxonConceptID":25131,"children":[{"name":"Blue-spotted jawfish<br\/><i>Opistognathus rosenblatti Allen & Robertson, 1991<\/i>","depth":7,"terminal":true,"image":"946078192b48fd8e52c36b512984db00.jpg","taxonConceptID":1157739}]}]},{"name":"wrasses<br\/><i>Labridae<\/i>","depth":5,"taxonConceptID":5305,"children":[{"name":"Anampses","depth":6,"taxonConceptID":26556,"children":[{"name":"Blacktail wrasse<br\/><i>Anampses melanurus Bleeker, 1857<\/i>","depth":7,"terminal":true,"image":"6e7bfd4696009574a50aacaf00c16ccc.jpg","taxonConceptID":846777}]}]},{"name":"sea chubs<br\/><i>Kyphosidae<\/i>","depth":5,"taxonConceptID":5306,"children":[{"name":"sea-chub<br\/><i>Kyphosus<\/i>","depth":6,"taxonConceptID":25140,"children":[{"name":"Cortez sea chub<br\/><i>Kyphosus elegans (Peters, 1869)<\/i>","depth":7,"terminal":true,"image":"89ab22f076781149801ef071427b9942.jpg","taxonConceptID":205877}]}]},{"name":"scats<br\/><i>Scatophagidae<\/i>","depth":5,"taxonConceptID":5213,"children":[{"name":"spotted scats<br\/><i>Scatophagus<\/i>","depth":6,"taxonConceptID":25495,"children":[{"name":"spotted scat<br\/><i>Scatophagus argus (Linnaeus, 1766)<\/i>","depth":7,"terminal":true,"image":"a4830cd799c3b5ed92d133f6ca298020.jpg","taxonConceptID":206741}]}]}]},{"name":"eels<br\/><i>Anguilliformes<\/i>","depth":4,"taxonConceptID":8280,"children":[{"name":"snake eels<br\/><i>Ophichthidae<\/i>","depth":5,"taxonConceptID":8283,"children":[{"name":"snake eels<br\/><i>Ophichthus<\/i>","depth":6,"taxonConceptID":24522,"children":[{"name":"Many-eyed snake-eel<br\/><i>Ophichthus polyophthalmus Bleeker, 1864<\/i>","depth":7,"terminal":true,"image":"bc35d6b313912674b62c7aaaa5d97d73.jpg","taxonConceptID":213360}]},{"name":"Myrichthys","depth":6,"taxonConceptID":24876,"children":[{"name":"Tiger snake-eel<br\/><i>Myrichthys maculosus (Cuvier, 1816)<\/i>","depth":7,"terminal":true,"image":"674523fdeede77adf477cff2dbfef089.jpg","taxonConceptID":994615}]}]}]},{"name":"trunkfishes<br\/><i>Tetraodontiformes<\/i>","depth":4,"taxonConceptID":5052,"children":[{"name":"Boxfishes (cowfish and trunkfish)<br\/><i>Ostraciidae<\/i>","depth":5,"taxonConceptID":5057,"children":[{"name":"trunkfishes<br\/><i>Ostracion<\/i>","depth":6,"taxonConceptID":24490,"children":[{"name":"Cube trunkfish<br\/><i>Ostracion cubicus Linnaeus, 1758<\/i>","depth":7,"terminal":true,"image":"c4bc402a6e9dd5f80d2bbdfbaf7a3974.jpg","taxonConceptID":212630}]}]},{"name":"filefishes<br\/><i>Monacanthidae<\/i>","depth":5,"taxonConceptID":5058,"children":[{"name":"Oxymonacanthus","depth":6,"taxonConceptID":24491,"children":[{"name":"Longnose filefish<br\/><i>Oxymonacanthus longirostris (Bloch & Schneider, 1801)<\/i>","depth":7,"terminal":true,"image":"9e53df1d29c141d78b3f8a94956c73fa.jpg","taxonConceptID":204726}]}]},{"name":"swellfishes<br\/><i>Tetraodontidae<\/i>","depth":5,"taxonConceptID":5056,"children":[{"name":"Blue-spotted puffer<br\/><i>Arothron<\/i>","depth":6,"taxonConceptID":24387,"children":[{"name":"'opu hue<br\/><i>Arothron meleagris (Anonymous, 1798)<\/i>","depth":7,"terminal":true,"image":"449e360d8e1ac01c3e75102d1028405e.jpg","taxonConceptID":204575}]}]}]},{"name":"catfishes<br\/><i>Siluriformes<\/i>","depth":4,"taxonConceptID":5083,"children":[{"name":"armored catfishes<br\/><i>Loricariidae<\/i>","depth":5,"taxonConceptID":5097,"children":[{"name":"Pseudolithoxus","depth":6,"taxonConceptID":28061,"children":[{"name":"Pseudolithoxus dumus (Armbruster & Provenzano, 2000)","depth":7,"terminal":true,"image":"91da296131478ce01a0d853909bb161a.jpg","taxonConceptID":221686}]},{"name":"Leporacanthicus","depth":6,"taxonConceptID":27125,"children":[{"name":"Leporacanthicus galaxias Isbr\u00fccker & Nijssen, 1989","depth":7,"terminal":true,"image":"4a6b3ceffd0968610ac1936f3c8780a7.jpg","taxonConceptID":215163}]},{"name":"Scobinancistrus","depth":6,"taxonConceptID":26005,"children":[{"name":"Scobinancistrus pariolispos Isbr\u00fccker & Nijssen, 1989","depth":7,"terminal":true,"image":"76d3f0890fab6062adfd54fce5be87bd.jpg","taxonConceptID":994049}]}]}]}]},{"name":"mammals<br\/><i>Mammalia<\/i>","depth":3,"taxonConceptID":1642,"children":[{"name":"dasyuroid marsupials and marsupial carnivores<br\/><i>Dasyuromorphia<\/i>","depth":4,"taxonConceptID":7625,"children":[{"name":"Dasyurids<br\/><i>Dasyuridae<\/i>","depth":5,"taxonConceptID":7628,"children":[{"name":"quolls<br\/><i>Dasyurus<\/i>","depth":6,"taxonConceptID":41518,"children":[{"name":"Northern Quoll<br\/><i>Dasyurus hallucatus Gould, 1842<\/i>","depth":7,"terminal":true,"image":"41a243428efab367b8f549c34f11030d.jpg","taxonConceptID":323725}]}]}]},{"name":"even-toed ungulates<br\/><i>Artiodactyla<\/i>","depth":4,"taxonConceptID":7678,"children":[{"name":"deer, elk, moose, and caribou<br\/><i>Cervidae<\/i>","depth":5,"taxonConceptID":7685,"children":[{"name":"fallow deer<br\/><i>Dama<\/i>","depth":6,"taxonConceptID":38816,"children":[{"name":"fallow deer<br\/><i>Dama dama (Linnaeus, 1758)<\/i>","depth":7,"terminal":true,"image":"1fae91223b1bf2f965867c5481a1db03.jpg","taxonConceptID":313992}]}]}]}]},{"name":"amphibians<br\/><i>Amphibia<\/i>","depth":3,"taxonConceptID":1552,"children":[{"name":"Frogs and Toads<br\/><i>Anura<\/i>","depth":4,"taxonConceptID":1553,"children":[{"name":"Poison-dart Frogs, Dart-poison Frogs, Dendrobatid Frogs, Dendrobatids, Poison Frogs<br\/><i>Dendrobatidae<\/i>","depth":5,"taxonConceptID":1554,"children":[{"name":"Oophaga","depth":6,"taxonConceptID":2918854,"children":[{"name":"Strawberry Poison-dart Frog<br\/><i>Oophaga pumilio (Schmidt, 1857)<\/i>","depth":7,"terminal":true,"image":"53c3a586d178ae45d175fde668c14e94.jpg","taxonConceptID":330984}]}]}]},{"name":"salamanders<br\/><i>Caudata<\/i>","depth":4,"taxonConceptID":7518,"children":[{"name":"newts and salamanders<br\/><i>Salamandridae<\/i>","depth":5,"taxonConceptID":7527,"children":[{"name":"Lissotriton","depth":6,"taxonConceptID":2919427,"children":[{"name":"Smooth Newt<br\/><i>Lissotriton vulgaris (Linnaeus, 1758)<\/i>","depth":7,"terminal":true,"image":"41401db8feac0c6d696709696543bb96.jpg","taxonConceptID":333313}]}]},{"name":"mole salamanders<br\/><i>Ambystomatidae<\/i>","depth":5,"taxonConceptID":7519,"children":[{"name":"mole salamanders<br\/><i>Ambystoma<\/i>","depth":6,"taxonConceptID":15817,"children":[{"name":"spotted salamander<br\/><i>Ambystoma maculatum (Shaw, 1802)<\/i>","depth":7,"terminal":true,"image":"b7221bc1c3a1bd6801b6c46a2263750e.jpg","taxonConceptID":1048181}]}]}]}]},{"name":"reptiles<br\/><i>Reptilia<\/i>","depth":3,"taxonConceptID":1703,"children":[{"name":"tortoises and turtles<br\/><i>Testudines<\/i>","depth":4,"taxonConceptID":8120,"children":[{"name":"emydid turtles<br\/><i>Emydidae<\/i>","depth":5,"taxonConceptID":8127,"children":[{"name":"Spotted Turtles<br\/><i>Clemmys<\/i>","depth":6,"taxonConceptID":35255,"children":[{"name":"spotted turtle<br\/><i>Clemmys guttata SCHNEIDER 1792<\/i>","depth":7,"terminal":true,"image":"9800342633adad95d3fa2b4413d9a47e.jpg","taxonConceptID":1056844}]}]}]},{"name":"lizards and snakes<br\/><i>Squamata<\/i>","depth":4,"taxonConceptID":1704,"children":[{"name":"leopard lizards<br\/><i>Crotaphytidae<\/i>","depth":5,"taxonConceptID":1719,"children":[{"name":"leopard lizards<br\/><i>Gambelia<\/i>","depth":6,"taxonConceptID":15716,"children":[{"name":"Longnose Leopard Lizard<br\/><i>Gambelia wislizenii BAIRD & GIRARD 1852<\/i>","depth":7,"taxonConceptID":794585,"children":[{"name":"long-nosed leopard lizard<br\/><i>Gambelia wislizenii wislizenii BAIRD & GIRARD 1852<\/i>","depth":8,"terminal":true,"image":"466dfc6e0b2baaefada08eb2324ba173.jpg","taxonConceptID":1250057}]}]}]}]}]},{"name":"sharks, skates and rays<br\/><i>Elasmobranchii<\/i>","depth":3,"taxonConceptID":1857,"children":[{"name":"skates<br\/><i>Rajiformes<\/i>","depth":4,"taxonConceptID":1858,"children":[{"name":"whiptail stingrays<br\/><i>Dasyatidae<\/i>","depth":5,"taxonConceptID":1859,"children":[{"name":"ribbontail stingrays<br\/><i>Taeniura<\/i>","depth":6,"taxonConceptID":26438,"children":[{"name":"Blue spotted lagoon ray<br\/><i>Taeniura lymma (Forssk\u00e5l, 1775)<\/i>","depth":7,"terminal":true,"image":"b20ff5ccacb112378d64efa6a6d5dafc.jpg","taxonConceptID":211438}]}]}]}]}]},{"name":"arthropods<br\/><i>Arthropoda<\/i>","depth":2,"taxonConceptID":164,"children":[{"name":"insects<br\/><i>Insecta<\/i>","depth":3,"taxonConceptID":344,"children":[{"name":"Butterflies and moths<br\/><i>Lepidoptera<\/i>","depth":4,"taxonConceptID":747,"children":[{"name":"True butterflies<br\/><i>Papilionoidea<\/i>","depth":5,"taxonConceptID":854,"children":[{"name":"blues and coppers<br\/><i>Lycaenidae<\/i>","depth":6,"taxonConceptID":855,"children":[{"name":"Tarucus","depth":7,"taxonConceptID":33572,"children":[{"name":"Tarucus sybaris Hopffer 1855","depth":8,"terminal":true,"image":"c98921c43eb84c2e5b4e4358d19a8fcf.jpg","taxonConceptID":267542}]}]},{"name":"Brushfooted Butterflies<br\/><i>Nymphalidae<\/i>","depth":6,"taxonConceptID":876,"children":[{"name":"Pardopsis","depth":7,"taxonConceptID":19060,"children":[{"name":"Pardopsis punctatissima Boisduval 1833","depth":8,"terminal":true,"image":"d2f425d5b60b9d343e7b08094ccf2bcf.jpg","taxonConceptID":157747}]}]}]},{"name":"snout moths<br\/><i>Pyraloidea<\/i>","depth":5,"taxonConceptID":799,"children":[{"name":"Crambid Snout Moths<br\/><i>Crambidae<\/i>","depth":6,"taxonConceptID":800,"children":[{"name":"Eustixia","depth":7,"taxonConceptID":36458,"children":[{"name":"Eustixia pupula H\u00fcbner 1823","depth":8,"terminal":true,"image":"952ac9a23d0b7273ff3f68897221ef44.jpg","taxonConceptID":294409}]}]}]}]},{"name":"beetles<br\/><i>Coleoptera<\/i>","depth":4,"taxonConceptID":345,"children":[{"name":"flower beetles<br\/><i>Cucujoidea<\/i>","depth":5,"taxonConceptID":354,"children":[{"name":"lady beetles and ladybird beetles<br\/><i>Coccinellidae<\/i>","depth":6,"taxonConceptID":7459,"children":[{"name":"Harmonia","depth":7,"taxonConceptID":110661,"children":[{"name":"multicolored Asian lady beetle<br\/><i>Harmonia axyridis (Pallas 1773)<\/i>","depth":8,"terminal":true,"image":"7ed32afd988b07578bcfb763f2da9b67.jpg","taxonConceptID":1174381}]}]}]},{"name":"long-horned beetles<br\/><i>Chrysomeloidea<\/i>","depth":5,"taxonConceptID":351,"children":[{"name":"leaf beetles<br\/><i>Chrysomelidae<\/i>","depth":6,"taxonConceptID":7463,"children":[{"name":"Diabrotica","depth":7,"taxonConceptID":89382,"children":[{"name":"spotted cucumber beetle<br\/><i>Diabrotica undecimpunctata Mannerheim 1843<\/i>","depth":8,"terminal":true,"image":"f16b481c763a3f8ef20e348023bc972b.jpg","taxonConceptID":1173033}]}]}]}]}]},{"name":"crabs, krill, pill bugs, shrimp, and relatives<br\/><i>Malacostraca<\/i>","depth":3,"taxonConceptID":1157,"children":[{"name":"Decapoda","depth":4,"taxonConceptID":10948079,"children":[{"name":"guard crabs<br\/><i>Trapeziidae<\/i>","depth":5,"taxonConceptID":7225,"children":[{"name":"Trapezia","depth":6,"terminal":true,"image":"bab332c06f2d8ea7b42d311e74327b5d.jpg","taxonConceptID":39677}]}]}]}]},{"name":"mollusks<br\/><i>Mollusca<\/i>","depth":2,"taxonConceptID":2195,"children":[{"name":"Snails and slugs<br\/><i>Gastropoda<\/i>","depth":3,"taxonConceptID":2366,"children":[{"name":"nudibranchs<br\/><i>Nudibranchia<\/i>","depth":4,"taxonConceptID":2538,"children":[{"name":"Polyceridae","depth":5,"taxonConceptID":2580,"children":[{"name":"Greilada","depth":6,"taxonConceptID":57888,"children":[{"name":"Blue spot slug<br\/><i>Greilada elegans<\/i>","depth":7,"terminal":true,"image":"e529d5f9348bc76074296d9600b380cb.jpg","taxonConceptID":451683}]}]}]}]}]},{"name":"cnidarians<br\/><i>Cnidaria<\/i>","depth":2,"taxonConceptID":1745,"children":[{"name":"jellyfish<br\/><i>Scyphozoa<\/i>","depth":3,"taxonConceptID":1802,"children":[{"name":"Rhizostomeae","depth":4,"taxonConceptID":6596,"children":[{"name":"Mastigiidae","depth":5,"taxonConceptID":6597,"children":[{"name":"Phyllorhiza","depth":6,"taxonConceptID":23728,"children":[{"name":"Golden medusa<br\/><i>Phyllorhiza punctata Von Lendenfeld, 1884<\/i>","depth":7,"terminal":true,"image":"ecab276d1aa121f4f40acc8ea8fbd027.jpg","taxonConceptID":203452}]}]}]}]}]}]},{"name":"mushrooms, sac fungi, lichens, yeast, molds, rusts, etc.<br\/><i>Fungi<\/i>","depth":1,"taxonConceptID":5559,"children":[{"name":"Basidiomycetes<br\/><i>Basidiomycota<\/i>","depth":2,"taxonConceptID":5664,"children":[{"name":"Mushroom-Forming Fungi<br\/><i>Agaricomycetes<\/i>","depth":3,"taxonConceptID":2865511,"children":[{"name":"Gilled Fungi<br\/><i>Agaricales<\/i>","depth":4,"taxonConceptID":5676,"children":[{"name":"Amanitaceae","depth":5,"taxonConceptID":2861424,"children":[{"name":"Amanita","depth":6,"taxonConceptID":18878,"children":[{"name":"Fly Agaric<br\/><i>Amanita muscaria<\/i>","depth":7,"terminal":true,"image":"e6a246dd4474209c4ce92b6abc2237a8.jpg","taxonConceptID":2866150}]}]}]}]}]}]}]}