{"47508641":{"collectionid":12225,"pageid":445,"taxonConceptId":47508641,"taxonName":"Hippoboscidae","textDesc":{"objectId":"9c6d73900a60ec1f82fec58ad69aad66","identifier":"9c6d73900a60ec1f82fec58ad69aad66","title":"Statistics of barcoding coverage","licence":"http:\/\/creativecommons.org\/licenses\/by\/3.0\/","rights":null,"credits":"&copy; Barcode of Life Data Systems","description":"Barcode of Life Data Systems (BOLD) Stats <br> &nbsp;\t\t\t\t\t\t\t\t\t\t\t\t\t\t&nbsp;\t\t\t\t\t\t\t\t\t\t\t\t\t\t\t<table>&nbsp;\t\t\t\t\t\t\t\t\t\t\t\t\t\t\t\t<tr>&nbsp;\t\t\t\t\t\t\t\t\t\t\t\t\t\t\t\t\t<td <br\/>width=\u002241%\u0022>Specimen Records:<\/td>&nbsp;\t\t\t\t\t\t\t\t\t\t\t\t\t\t\t\t\t<td width=\u002217%\u0022>457<\/td>&nbsp;\t\t\t\t\t\t\t\t\t\t\t\t\t\t\t\t\t<td <br\/>width=\u002229%\u0022>Public Records:<\/td>&nbsp;\t\t\t\t\t\t\t\t\t\t\t\t\t\t\t\t\t<td width=\u002213%\u0022>70<\/td>&nbsp;\t\t\t\t\t\t\t\t\t\t\t\t\t\t\t\t<\/tr>&nbsp;\t\t\t\t\t\t\t\t\t\t\t\t\t\t\t\t<tr>&nbsp;\t\t\t\t\t\t\t\t\t\t\t\t\t\t\t\t\t<td>Specimens <br\/>with Sequences:<\/td>&nbsp;\t\t\t\t\t\t\t\t\t\t\t\t\t\t\t\t\t<td>388<\/td>&nbsp;\t\t\t\t\t\t\t\t\t\t\t\t\t\t\t\t\t<td>Public Species:<\/td>&nbsp;\t\t\t\t\t\t\t\t\t\t\t\t\t\t\t\t\t<td>23<\/td>&nbsp;\t\t\t\t\t\t\t\t\t\t\t\t\t\t\t\t<\/tr>&nbsp;\t\t\t\t\t\t\t\t\t\t\t\t\t\t\t\t<tr>&nbsp;\t\t\t\t\t\t\t\t\t\t\t\t\t\t\t\t\t<td>Specimens <br\/>with Barcodes:<\/td>&nbsp;\t\t\t\t\t\t\t\t\t\t\t\t\t\t\t\t\t<td>336<\/td>&nbsp;\t\t\t\t\t\t\t\t\t\t\t\t\t\t\t\t\t<td>Public BINs:<\/td>&nbsp;\t\t\t\t\t\t\t\t\t\t\t\t\t\t\t\t\t<td>18<\/td>&nbsp;\t\t\t\t\t\t\t\t\t\t\t\t\t\t\t\t<\/tr>&nbsp;\t\t\t\t\t\t\t\t\t\t\t\t\t\t\t\t<tr>&nbsp;\t\t\t\t\t\t\t\t\t\t\t\t\t\t\t\t\t<td>Species:<\/td>&nbsp;\t\t\t\t\t\t\t\t\t\t\t\t\t\t\t\t\t<td>38<\/td>&nbsp;\t\t\t\t\t\t\t\t\t\t\t\t\t\t\t\t\t<td>&nbsp;&nbsp;&nbsp;&nbsp;&nbsp;&nbsp;&nbsp;&nbsp;\t\t\t\t\t\t\t\t\t\t\t\t\t\t\t\t\t\t\t\t\t\t\t\t\t\t\t\t\t\t\t\t\t\t\t<\/td>&nbsp;\t\t\t\t\t\t\t\t\t\t\t\t\t\t\t\t\t<td>&nbsp;<\/td>&nbsp;\t\t\t\t\t\t\t\t\t\t\t\t\t\t\t\t<\/tr>&nbsp;\t\t\t\t\t\t\t\t\t\t\t\t\t\t\t\t<tr>&nbsp;\t\t\t\t\t\t\t\t\t\t\t\t\t\t\t\t\t<td>Species <br\/>With Barcodes:<\/td>&nbsp;\t\t\t\t\t\t\t\t\t\t\t\t\t\t\t\t\t<td>29<\/td>&nbsp;\t\t\t\t\t\t\t\t\t\t\t\t\t\t\t\t\t<td>&nbsp;&nbsp;&nbsp;&nbsp;&nbsp;&nbsp;&nbsp;&nbsp;\t\t\t\t\t\t\t\t\t\t\t\t\t\t\t\t\t\t\t\t\t\t\t\t\t\t\t\t\t\t\t\t\t\t\t<\/td>&nbsp;\t\t\t\t\t\t\t\t\t\t\t\t\t\t\t\t\t<td>&nbsp;<\/td>&nbsp;\t\t\t\t\t\t\t\t\t\t\t\t\t\t\t\t<\/tr>&nbsp;\t\t\t\t\t\t\t\t\t\t\t\t\t\t\t\t<tr>&nbsp;\t\t\t\t\t\t\t\t\t\t\t\t\t\t\t\t\t<td>&nbsp;<\/td>&nbsp;\t\t\t\t\t\t\t\t\t\t\t\t\t\t\t\t\t<td><\/td>&nbsp;\t\t\t\t\t\t\t\t\t\t\t\t\t\t\t\t\t<td>&nbsp;&nbsp;&nbsp;&nbsp;&nbsp;&nbsp;&nbsp;&nbsp;\t\t\t\t\t\t\t\t\t\t\t\t\t\t\t\t\t\t\t\t\t\t\t\t\t\t\t\t\t\t\t\t\t\t\t<\/td>&nbsp;\t\t\t\t\t\t\t\t\t\t\t\t\t\t\t\t\t<td>&nbsp;<\/td>&nbsp;\t\t\t\t\t\t\t\t\t\t\t\t\t\t\t\t<\/tr>&nbsp;\t\t\t\t\t\t\t\t\t\t\t\t\t\t\t\t<tr>&nbsp;\t\t\t\t\t\t\t\t\t\t\t\t\t\t\t\t\t<td><\/td><\/tr><\/table> <br\/>"},"flathierarchy":null,"preferredCommonNames":{"vernacularName":"louse flies","language":"en","eol_preferred":true},"commonNames":[{"vernacularName":"keds","language":"","eol_preferred":true},{"vernacularName":"louseflies","language":"","eol_preferred":true},{"vernacularName":"Lausfliegen","language":"de","eol_preferred":true},{"vernacularName":"louse flies","language":"en","eol_preferred":true},{"vernacularName":"Deer Keds","language":"en"},{"vernacularName":"Forest Flies","language":"en"}],"image":{"objectId":"28147c955b3aae084cb8fa2b3bf0d80b","identifier":"28147c955b3aae084cb8fa2b3bf0d80b","title":"Wings up and back - dorsal view - highly enlarged - grey background","licence":"http:\/\/creativecommons.org\/licenses\/by-nc-sa\/3.0\/","rights":null,"credits":"&copy; ","description":null,"mimeType":"jpg","fileName":"28147c955b3aae084cb8fa2b3bf0d80b.jpg","URL":"http:\/\/media.eol.org\/content\/2012\/12\/05\/21\/78150_orig.jpg"},"iucnStatus":""},"47444051":{"collectionid":12225,"pageid":709776,"taxonConceptId":47444051,"taxonName":"Auchmeromyia senegalensis (Macquart, 1851 )","textDesc":"","flathierarchy":null,"preferredCommonNames":false,"commonNames":[],"image":"","iucnStatus":""},"48044027":{"collectionid":12225,"pageid":1062,"taxonConceptId":48044027,"taxonName":"Siphonaptera","textDesc":"","flathierarchy":null,"preferredCommonNames":{"vernacularName":"fleas","language":"en","eol_preferred":true},"commonNames":[{"vernacularName":"Fl\u00f6he","language":"de","eol_preferred":true},{"vernacularName":"fleas","language":"en","eol_preferred":true},{"vernacularName":"pulga","language":"pt","eol_preferred":true}],"image":{"objectId":"6742bfae68bc6245109ad2d7f0991202","identifier":"6742bfae68bc6245109ad2d7f0991202","title":"6742bfae68bc6245109ad2d7f0991202","licence":"http:\/\/creativecommons.org\/licenses\/by-nc-sa\/3.0\/","rights":null,"credits":"&copy; Natural History Museum, London","description":null,"mimeType":"jpg","fileName":"6742bfae68bc6245109ad2d7f0991202.jpg","URL":"http:\/\/media.eol.org\/content\/2011\/07\/21\/05\/71877_orig.jpg"},"iucnStatus":""},"48153301":{"collectionid":12225,"pageid":104546,"taxonConceptId":48153301,"taxonName":"Buphagus","textDesc":{"objectId":"2587265cec37a7099a69f54f518ca333","identifier":"2587265cec37a7099a69f54f518ca333","title":"Statistics of barcoding coverage","licence":"http:\/\/creativecommons.org\/licenses\/by\/3.0\/","rights":null,"credits":"&copy; Barcode of Life Data Systems","description":"Barcode of Life Data Systems (BOLD) Stats <br> &nbsp;\t\t\t\t\t\t\t\t\t\t\t\t\t\t&nbsp;\t\t\t\t\t\t\t\t\t\t\t\t\t\t\t<table>&nbsp;\t\t\t\t\t\t\t\t\t\t\t\t\t\t\t\t<tr>&nbsp;\t\t\t\t\t\t\t\t\t\t\t\t\t\t\t\t\t<td <br\/>width=\u002241%\u0022>Specimen Records:<\/td>&nbsp;\t\t\t\t\t\t\t\t\t\t\t\t\t\t\t\t\t<td width=\u002217%\u0022>2<\/td>&nbsp;\t\t\t\t\t\t\t\t\t\t\t\t\t\t\t\t\t<td <br\/>width=\u002229%\u0022>Public Records:<\/td>&nbsp;\t\t\t\t\t\t\t\t\t\t\t\t\t\t\t\t\t<td width=\u002213%\u0022>1<\/td>&nbsp;\t\t\t\t\t\t\t\t\t\t\t\t\t\t\t\t<\/tr>&nbsp;\t\t\t\t\t\t\t\t\t\t\t\t\t\t\t\t<tr>&nbsp;\t\t\t\t\t\t\t\t\t\t\t\t\t\t\t\t\t<td>Specimens <br\/>with Sequences:<\/td>&nbsp;\t\t\t\t\t\t\t\t\t\t\t\t\t\t\t\t\t<td>1<\/td>&nbsp;\t\t\t\t\t\t\t\t\t\t\t\t\t\t\t\t\t<td>Public Species:<\/td>&nbsp;\t\t\t\t\t\t\t\t\t\t\t\t\t\t\t\t\t<td>1<\/td>&nbsp;\t\t\t\t\t\t\t\t\t\t\t\t\t\t\t\t<\/tr>&nbsp;\t\t\t\t\t\t\t\t\t\t\t\t\t\t\t\t<tr>&nbsp;\t\t\t\t\t\t\t\t\t\t\t\t\t\t\t\t\t<td>Specimens <br\/>with Barcodes:<\/td>&nbsp;\t\t\t\t\t\t\t\t\t\t\t\t\t\t\t\t\t<td>1<\/td>&nbsp;\t\t\t\t\t\t\t\t\t\t\t\t\t\t\t\t\t<td>Public BINs:<\/td>&nbsp;\t\t\t\t\t\t\t\t\t\t\t\t\t\t\t\t\t<td>1<\/td>&nbsp;\t\t\t\t\t\t\t\t\t\t\t\t\t\t\t\t<\/tr>&nbsp;\t\t\t\t\t\t\t\t\t\t\t\t\t\t\t\t<tr>&nbsp;\t\t\t\t\t\t\t\t\t\t\t\t\t\t\t\t\t<td>Species:<\/td>&nbsp;\t\t\t\t\t\t\t\t\t\t\t\t\t\t\t\t\t<td>1<\/td>&nbsp;\t\t\t\t\t\t\t\t\t\t\t\t\t\t\t\t\t<td>&nbsp;&nbsp;&nbsp;&nbsp;&nbsp;&nbsp;&nbsp;&nbsp;\t\t\t\t\t\t\t\t\t\t\t\t\t\t\t\t\t\t\t\t\t\t\t\t\t\t\t\t\t\t\t\t\t\t\t<\/td>&nbsp;\t\t\t\t\t\t\t\t\t\t\t\t\t\t\t\t\t<td>&nbsp;<\/td>&nbsp;\t\t\t\t\t\t\t\t\t\t\t\t\t\t\t\t<\/tr>&nbsp;\t\t\t\t\t\t\t\t\t\t\t\t\t\t\t\t<tr>&nbsp;\t\t\t\t\t\t\t\t\t\t\t\t\t\t\t\t\t<td>Species <br\/>With Barcodes:<\/td>&nbsp;\t\t\t\t\t\t\t\t\t\t\t\t\t\t\t\t\t<td>1<\/td>&nbsp;\t\t\t\t\t\t\t\t\t\t\t\t\t\t\t\t\t<td>&nbsp;&nbsp;&nbsp;&nbsp;&nbsp;&nbsp;&nbsp;&nbsp;\t\t\t\t\t\t\t\t\t\t\t\t\t\t\t\t\t\t\t\t\t\t\t\t\t\t\t\t\t\t\t\t\t\t\t<\/td>&nbsp;\t\t\t\t\t\t\t\t\t\t\t\t\t\t\t\t\t<td>&nbsp;<\/td>&nbsp;\t\t\t\t\t\t\t\t\t\t\t\t\t\t\t\t<\/tr>&nbsp;\t\t\t\t\t\t\t\t\t\t\t\t\t\t\t\t<tr>&nbsp;\t\t\t\t\t\t\t\t\t\t\t\t\t\t\t\t\t<td>&nbsp;<\/td>&nbsp;\t\t\t\t\t\t\t\t\t\t\t\t\t\t\t\t\t<td><\/td>&nbsp;\t\t\t\t\t\t\t\t\t\t\t\t\t\t\t\t\t<td>&nbsp;&nbsp;&nbsp;&nbsp;&nbsp;&nbsp;&nbsp;&nbsp;\t\t\t\t\t\t\t\t\t\t\t\t\t\t\t\t\t\t\t\t\t\t\t\t\t\t\t\t\t\t\t\t\t\t\t<\/td>&nbsp;\t\t\t\t\t\t\t\t\t\t\t\t\t\t\t\t\t<td>&nbsp;<\/td>&nbsp;\t\t\t\t\t\t\t\t\t\t\t\t\t\t\t\t<\/tr>&nbsp;\t\t\t\t\t\t\t\t\t\t\t\t\t\t\t\t<tr>&nbsp;\t\t\t\t\t\t\t\t\t\t\t\t\t\t\t\t\t<td><\/td><\/tr><\/table> <br\/>"},"flathierarchy":null,"preferredCommonNames":false,"commonNames":[],"image":{"objectId":"ca88c5dba3815f217cecac123d8307fc","identifier":"ca88c5dba3815f217cecac123d8307fc","title":"File:Flickr - Rainbirder - Yellow-billed Oxpecker (Buphagus africanus).jpg","licence":"http:\/\/creativecommons.org\/licenses\/by-sa\/3.0\/","rights":null,"credits":"Steve Garvie from Dunfermline, Fife, Scotland&copy; ","description":null,"mimeType":"jpg","fileName":"ca88c5dba3815f217cecac123d8307fc.jpg","URL":"http:\/\/media.eol.org\/content\/2012\/06\/13\/21\/43437_orig.jpg"},"iucnStatus":""},"47637507":{"collectionid":12225,"pageid":568,"taxonConceptId":47637507,"taxonName":"Cimicidae","textDesc":{"objectId":"35f7142f8cef33ab48c4e9d16431e5da","identifier":"35f7142f8cef33ab48c4e9d16431e5da","title":"Barcode data","licence":"http:\/\/creativecommons.org\/licenses\/by\/3.0\/","rights":null,"credits":"&copy; Barcode of Life Data Systems","description":"<a target='fasta' href='http:\/\/www.boldsystems.org\/pcontr.php?action=doPublicSequenceDownload&taxids=88652'>Download <br\/>FASTA File<\/a> "},"flathierarchy":null,"preferredCommonNames":{"vernacularName":"bed bugs","language":"en","eol_preferred":true},"commonNames":[{"vernacularName":"bedbugs","language":"","eol_preferred":true},{"vernacularName":"bed bugs","language":"en","eol_preferred":true},{"vernacularName":"bat bugs","language":"en"}],"image":{"objectId":"a415cbe3f5655842da89fd46cf722841","identifier":"a415cbe3f5655842da89fd46cf722841","title":"a415cbe3f5655842da89fd46cf722841","licence":"http:\/\/creativecommons.org\/licenses\/publicdomain\/","rights":"<B>None<\/b> - This image is in the public domain and thus free of any copyright restrictions. As a matter of courtesy we request that the content provider be credited and notified in any public or private usage of this image.","credits":"Piotr Naskrecki&copy; Public Health Image Library","description":null,"mimeType":"jpg","fileName":"a415cbe3f5655842da89fd46cf722841.jpg","URL":"http:\/\/media.eol.org\/content\/2009\/11\/25\/02\/10442_orig.jpg"},"iucnStatus":""},"48061965":{"collectionid":12225,"pageid":1002,"taxonConceptId":48061965,"taxonName":"Phthiraptera","textDesc":{"objectId":"712844c0240d012f8d940361a65320de","identifier":"712844c0240d012f8d940361a65320de","title":"Overview","licence":"http:\/\/creativecommons.org\/licenses\/by\/3.0\/","rights":null,"credits":"&copy; Vince Smith","description":"Lice (Insecta: Phthiraptera) are small, wingless insects, permanently parasitic on mammals and birds. The <br\/>order is one of approximately thirty major groups of insects, and is divided into four suborders, three of which <br\/>(the Amblycera, Ischnocera, and Rhynchophthirina) are known as chewing or biting lice, and the fourth (the Anoplura) <br\/>as sucking lice. Amblycera and Ischnocera are found on both mammals and birds where as species of Rhynchophthirina <br\/>and Anoplura are confined to mammals. In total there are approximately 5,000 known species, of which just under <br\/>70% are recorded from a single host species. "},"flathierarchy":null,"preferredCommonNames":{"vernacularName":"Lice","language":"en","eol_preferred":true},"commonNames":[{"vernacularName":"Tierl\u00e4use","language":"de","eol_preferred":true},{"vernacularName":"Lice","language":"en","eol_preferred":true},{"vernacularName":"biting lice","language":"en"},{"vernacularName":"chewing lice","language":"en"},{"vernacularName":"sucking lice","language":"en"}],"image":{"objectId":"fa4693e8da0f7198c738a666d2857e80","identifier":"fa4693e8da0f7198c738a666d2857e80","title":"File:Male human head louse.jpg","licence":"http:\/\/creativecommons.org\/licenses\/by-sa\/3.0\/","rights":null,"credits":"Gilles San Martin&copy; ","description":null,"mimeType":"jpg","fileName":"fa4693e8da0f7198c738a666d2857e80.jpg","URL":"http:\/\/media.eol.org\/content\/2012\/06\/19\/06\/94412_orig.jpg"},"iucnStatus":""},"47947338":{"collectionid":12225,"pageid":68102,"taxonConceptId":47947338,"taxonName":"Calyptra","textDesc":{"objectId":"a4dcfb91d464ed884aefd200966c9ba2","identifier":"a4dcfb91d464ed884aefd200966c9ba2","title":"Comprehensive Description","licence":"http:\/\/creativecommons.org\/licenses\/by-nc-sa\/3.0\/","rights":null,"credits":"&copy; Shapiro, Leo","description":"<p>Moths in the genus <em>Calyptra<\/em> are sometimes known as vampire moths, a colorful name referring to the <br\/>ability of at least some species to pierce mammalian flesh and feed on blood. <em>Calyptra<\/em> species have <br\/>wingspans ranging from 35 to 72 mm. They are found in southern Europe, eastern Africa, sub-Himalayan southern <br\/>Asia, Manchuria, and broadly throughout southeast Asia; a single species, <em>Calyptra canadensis<\/em>, <br\/>is found in eastern North America (Covell 1984; Wagner 2005; Zaspel et al. 2007). The modified proboscis of these <br\/>moths has strongly sclerotized erectile barbed hooks (at the distal end of the galeae) used for piercing both <br\/>thick and hard-skinned fruits such as peaches, plums, and citrus fruits--and sometimes the skin of mammals (Bu\u0308ttiker <br\/>et al. 1996 and references therein). It is likely that blood-feeding moths engage in this behavior facultatively, <br\/>depending on regional availability of mammalian versus plant hosts. (Zaspel et al. 2007 and references therein)<\/p><p>Eight <br\/>of the 17 to 19 described species have been reported to pierce mammalian skin under natural conditions: <em>C. <br\/>eustrigata<\/em> (Hampson), <em>C. minuticornis minuticornis<\/em> (Guen\u00e9e), <em>C. orthograpta<\/em>, <br\/>(Butler), <em>C. bicolor<\/em> (Moore), <em>C. fasciata<\/em> (Moore), <em>C. ophideroides<\/em> (Guen\u00e9e), <br\/><em>C. parva<\/em> B\u00e4nziger and <em>C. pseudobicolor<\/em> B\u00e4nziger (5 of these 8 have been known to pierce <br\/>human skin) and two additional species (<em>C. fletcheri<\/em> and <em>C. thalictri<\/em>) have shown this behavior <br\/>in experiments or under semi-natural conditions. (Zaspel et al. 2007 and references therein)<\/p><p>Zaspel <br\/>et al. (2007) documented the first example of blood-feeding by <em>Calyptra<\/em> in a temperate region, by <em>C. <br\/>thalictri<\/em> in Far Eastern Russia. Individuals from one site exhibited blood-feeding behavior in experimental <br\/>trials while individuals from a second site did not. Such variation has been observed for other <em>Calyptra<\/em> <br\/>species as well. (Zaspel et al. 2007 and references therein)<\/p><p>In subtropical and tropical Asia, <em>Calyptra<\/em> <br\/>moths are considered facultative or opportunistic blood-feeders, typically feeding on ungulates (hoofed <br\/>mammals) such as tapirs, rhinos, and cattle, and occasionally on elephants and humans. Interestingly, female <br\/><em>Calyptra<\/em> adults have not been documented feeding on blood. (B\u00e4nziger 1975; Zaspel et al. 2007 and <br\/>references therein)<\/p><p>Images of <em>Calyptra thalictri<\/em> larvae, cocoons, and adults taken by Eduard <br\/>Berlov can be seen <a title=\u0022Oleg Berlov's Catocalinae\u0022 href=\u0022http:\/\/olegberlov.narod.ru\/catocal.html\u0022 <br\/>target=\u0022_blank\u0022>here.<\/a><\/p> "},"flathierarchy":null,"preferredCommonNames":{"vernacularName":"vampire moths","language":"en","eol_preferred":true},"commonNames":[{"vernacularName":"vampire moths","language":"en","eol_preferred":true}],"image":{"objectId":"61c50291e198f0316a1905b26da82dbf","identifier":"61c50291e198f0316a1905b26da82dbf","title":"Canadian Owlet (Calyptra canadensis) larva (Essex, Ontario, Canada)","licence":"http:\/\/creativecommons.org\/licenses\/by-nc\/3.0\/","rights":null,"credits":"J.C. Lucier&copy; ","description":null,"mimeType":"jpg","fileName":"61c50291e198f0316a1905b26da82dbf.jpg","URL":"http:\/\/media.eol.org\/content\/2011\/10\/06\/00\/14472_orig.jpg"},"iucnStatus":""},"47451640":{"collectionid":12225,"pageid":486,"taxonConceptId":47451640,"taxonName":"Ceratopogonidae","textDesc":"","flathierarchy":null,"preferredCommonNames":{"vernacularName":"biting midges","language":"en","eol_preferred":true},"commonNames":[{"vernacularName":"punkies","language":"","eol_preferred":true},{"vernacularName":"no-see-ums","language":""},{"vernacularName":"Gnitzen","language":"de","eol_preferred":true},{"vernacularName":"biting midges","language":"en","eol_preferred":true},{"vernacularName":"br\u02dalots","language":"fr","eol_preferred":true},{"vernacularName":"br\u00fblots","language":"fr"},{"vernacularName":"c\u00e9ratopogonid\u00e9s","language":"fr"},{"vernacularName":"moucherons piqueurs","language":"fr"}],"image":{"objectId":"21f34ed58567f12a3e29ffe4b83fd95c","identifier":"21f34ed58567f12a3e29ffe4b83fd95c","title":"21f34ed58567f12a3e29ffe4b83fd95c","licence":"http:\/\/creativecommons.org\/licenses\/by\/3.0\/","rights":null,"credits":"<a href='http:\/\/www.biolib.cz\/en\/person\/id200\/'>Miroslav Deml<\/a>&copy; ","description":null,"mimeType":"jpg","fileName":"21f34ed58567f12a3e29ffe4b83fd95c.jpg","URL":"http:\/\/media.eol.org\/content\/2010\/03\/24\/10\/71137_orig.jpg"},"iucnStatus":""},"47569861":{"collectionid":12225,"pageid":9010,"taxonConceptId":47569861,"taxonName":"Simuliidae","textDesc":{"objectId":"b0cf18071c7ebd6e110665da1ed0ef35","identifier":"b0cf18071c7ebd6e110665da1ed0ef35","title":"Statistics of barcoding coverage","licence":"http:\/\/creativecommons.org\/licenses\/by\/3.0\/","rights":null,"credits":"&copy; Barcode of Life Data Systems","description":"Barcode of Life Data Systems (BOLD) Stats <br> &nbsp;\t\t\t\t\t\t\t\t\t\t\t\t\t\t&nbsp;\t\t\t\t\t\t\t\t\t\t\t\t\t\t\t<table>&nbsp;\t\t\t\t\t\t\t\t\t\t\t\t\t\t\t\t<tr>&nbsp;\t\t\t\t\t\t\t\t\t\t\t\t\t\t\t\t\t<td <br\/>width=\u002241%\u0022>Specimen Records:<\/td>&nbsp;\t\t\t\t\t\t\t\t\t\t\t\t\t\t\t\t\t<td width=\u002217%\u0022>9,405<\/td>&nbsp;\t\t\t\t\t\t\t\t\t\t\t\t\t\t\t\t\t<td <br\/>width=\u002229%\u0022>Public Records:<\/td>&nbsp;\t\t\t\t\t\t\t\t\t\t\t\t\t\t\t\t\t<td width=\u002213%\u0022>745<\/td>&nbsp;\t\t\t\t\t\t\t\t\t\t\t\t\t\t\t\t<\/tr>&nbsp;\t\t\t\t\t\t\t\t\t\t\t\t\t\t\t\t<tr>&nbsp;\t\t\t\t\t\t\t\t\t\t\t\t\t\t\t\t\t<td>Specimens <br\/>with Sequences:<\/td>&nbsp;\t\t\t\t\t\t\t\t\t\t\t\t\t\t\t\t\t<td>9,000<\/td>&nbsp;\t\t\t\t\t\t\t\t\t\t\t\t\t\t\t\t\t<td>Public Species:<\/td>&nbsp;\t\t\t\t\t\t\t\t\t\t\t\t\t\t\t\t\t<td>121<\/td>&nbsp;\t\t\t\t\t\t\t\t\t\t\t\t\t\t\t\t<\/tr>&nbsp;\t\t\t\t\t\t\t\t\t\t\t\t\t\t\t\t<tr>&nbsp;\t\t\t\t\t\t\t\t\t\t\t\t\t\t\t\t\t<td>Specimens <br\/>with Barcodes:<\/td>&nbsp;\t\t\t\t\t\t\t\t\t\t\t\t\t\t\t\t\t<td>8,237<\/td>&nbsp;\t\t\t\t\t\t\t\t\t\t\t\t\t\t\t\t\t<td>Public BINs:<\/td>&nbsp;\t\t\t\t\t\t\t\t\t\t\t\t\t\t\t\t\t<td>125<\/td>&nbsp;\t\t\t\t\t\t\t\t\t\t\t\t\t\t\t\t<\/tr>&nbsp;\t\t\t\t\t\t\t\t\t\t\t\t\t\t\t\t<tr>&nbsp;\t\t\t\t\t\t\t\t\t\t\t\t\t\t\t\t\t<td>Species:<\/td>&nbsp;\t\t\t\t\t\t\t\t\t\t\t\t\t\t\t\t\t<td>494<\/td>&nbsp;\t\t\t\t\t\t\t\t\t\t\t\t\t\t\t\t\t<td>&nbsp;&nbsp;&nbsp;&nbsp;&nbsp;&nbsp;&nbsp;&nbsp;\t\t\t\t\t\t\t\t\t\t\t\t\t\t\t\t\t\t\t\t\t\t\t\t\t\t\t\t\t\t\t\t\t\t\t<\/td>&nbsp;\t\t\t\t\t\t\t\t\t\t\t\t\t\t\t\t\t<td>&nbsp;<\/td>&nbsp;\t\t\t\t\t\t\t\t\t\t\t\t\t\t\t\t<\/tr>&nbsp;\t\t\t\t\t\t\t\t\t\t\t\t\t\t\t\t<tr>&nbsp;\t\t\t\t\t\t\t\t\t\t\t\t\t\t\t\t\t<td>Species <br\/>With Barcodes:<\/td>&nbsp;\t\t\t\t\t\t\t\t\t\t\t\t\t\t\t\t\t<td>444<\/td>&nbsp;\t\t\t\t\t\t\t\t\t\t\t\t\t\t\t\t\t<td>&nbsp;&nbsp;&nbsp;&nbsp;&nbsp;&nbsp;&nbsp;&nbsp;\t\t\t\t\t\t\t\t\t\t\t\t\t\t\t\t\t\t\t\t\t\t\t\t\t\t\t\t\t\t\t\t\t\t\t<\/td>&nbsp;\t\t\t\t\t\t\t\t\t\t\t\t\t\t\t\t\t<td>&nbsp;<\/td>&nbsp;\t\t\t\t\t\t\t\t\t\t\t\t\t\t\t\t<\/tr>&nbsp;\t\t\t\t\t\t\t\t\t\t\t\t\t\t\t\t<tr>&nbsp;\t\t\t\t\t\t\t\t\t\t\t\t\t\t\t\t\t<td>&nbsp;<\/td>&nbsp;\t\t\t\t\t\t\t\t\t\t\t\t\t\t\t\t\t<td><\/td>&nbsp;\t\t\t\t\t\t\t\t\t\t\t\t\t\t\t\t\t<td>&nbsp;&nbsp;&nbsp;&nbsp;&nbsp;&nbsp;&nbsp;&nbsp;\t\t\t\t\t\t\t\t\t\t\t\t\t\t\t\t\t\t\t\t\t\t\t\t\t\t\t\t\t\t\t\t\t\t\t<\/td>&nbsp;\t\t\t\t\t\t\t\t\t\t\t\t\t\t\t\t\t<td>&nbsp;<\/td>&nbsp;\t\t\t\t\t\t\t\t\t\t\t\t\t\t\t\t<\/tr>&nbsp;\t\t\t\t\t\t\t\t\t\t\t\t\t\t\t\t<tr>&nbsp;\t\t\t\t\t\t\t\t\t\t\t\t\t\t\t\t\t<td><\/td><\/tr><\/table> <br\/>"},"flathierarchy":null,"preferredCommonNames":{"vernacularName":"black flies","language":"en","eol_preferred":true},"commonNames":[{"vernacularName":"Kriebelm\u00fccken","language":"de","eol_preferred":true},{"vernacularName":"black flies","language":"en","eol_preferred":true},{"vernacularName":"black flies and buffalo gnats","language":"en"},{"vernacularName":"buffalo gnats","language":"en"},{"vernacularName":"simulies","language":"fr","eol_preferred":true},{"vernacularName":"mouches noires","language":"fr"},{"vernacularName":"namu poto","language":"mi","eol_preferred":true}],"image":{"objectId":"ac77c3890b5ba4cbe4df3dfc88bd9e72","identifier":"ac77c3890b5ba4cbe4df3dfc88bd9e72","title":"Lateral view - highly enlarged","licence":"http:\/\/creativecommons.org\/licenses\/by-nc-sa\/3.0\/","rights":null,"credits":"&copy; ","description":null,"mimeType":"jpg","fileName":"ac77c3890b5ba4cbe4df3dfc88bd9e72.jpg","URL":"http:\/\/media.eol.org\/content\/2012\/12\/05\/13\/73938_orig.jpg"},"iucnStatus":""},"47486057":{"collectionid":12225,"pageid":473,"taxonConceptId":47486057,"taxonName":"Culicidae","textDesc":"","flathierarchy":null,"preferredCommonNames":{"vernacularName":"mosquitoes","language":"en","eol_preferred":true},"commonNames":[{"vernacularName":"mosquito","language":""},{"vernacularName":"Moskitos","language":"de","eol_preferred":true},{"vernacularName":"Stechm\u00fccken","language":"de"},{"vernacularName":"mosquitoes","language":"en","eol_preferred":true},{"vernacularName":"Mosquitos","language":"en"},{"vernacularName":"mosquitos and mosquitoes","language":"en"},{"vernacularName":"Culicidae","language":"fr","eol_preferred":true},{"vernacularName":"maringouins","language":"fr"},{"vernacularName":"moustiques","language":"fr"},{"vernacularName":"namu katipo","language":"mi","eol_preferred":true}],"image":{"objectId":"5584a02132c4e47e17a1819d7a78a372","identifier":"5584a02132c4e47e17a1819d7a78a372","title":"File:CulexNil.jpg","licence":"http:\/\/creativecommons.org\/licenses\/publicdomain\/","rights":null,"credits":"&copy; ","description":null,"mimeType":"jpg","fileName":"5584a02132c4e47e17a1819d7a78a372.jpg","URL":"http:\/\/media.eol.org\/content\/2012\/06\/15\/04\/47112_orig.jpg"},"iucnStatus":""},"48159866":{"collectionid":12225,"pageid":1050331,"taxonConceptId":48159866,"taxonName":"Geospiza difficilis","textDesc":{"objectId":"5ea2cdf284d7fd684973a498b0017466","identifier":"5ea2cdf284d7fd684973a498b0017466","title":"Biology","licence":"http:\/\/creativecommons.org\/licenses\/by-nc-sa\/3.0\/","rights":"Copyright Wildscreen 2003-2008","credits":"&copy; Wildscreen","description":"Owing to the availability of different food types, the sharp-beaked ground-finch's diet varies between the <br\/>high islands and the low islands (2). Although populations on the low, dry islands mainly feed on seeds (7), they <br\/>are also known to augment their diet from several unusual sources. It is on the small and remote islands of Wolf <br\/>and Darwin that this species frequently drinks the blood of large seabirds, especially boobies (<i>Sula<\/i> <br\/>spp.). Alighting on the backs of the larger birds, it pecks at the feather shafts with its long, pointed beak until <br\/>blood begins to flow (3) (4) (5) (6) (8). In addition, it likes to feed on the eggs of seabirds, which it cracks open <br\/>against rocks (5) (8), or alternatively forage for nectar from <i>Opuntia<\/i> catci (Wolf and Darwin) and the <br\/>small flowers of <i>Waltheria ovata <\/i>(Genovesa) (6). In contrast, while populations at high elevations <br\/>also take seeds, they concentrate most of their foraging efforts in areas of deep ground litter where invertebrate <br\/>prey is abundant (7).&nbsp;Darwin's finches generally breed opportunistically, with egg-laying being most <br\/>profuse when rainfall is high and food abundant (2). Pairs are typically monogamous and maintain small territories <br\/>within which they build a small dome-shaped nest in a bush or cactus. On average each clutch comprises three eggs <br\/>that are incubated for around 12 days before hatching. The nestlings are mostly raised on insects and leave the <br\/>nest after about two weeks (8).&nbsp;During the breeding season, competition for resources between different <br\/>species of finch can be extremely intense. In promoting ever increasing levels of specialisation, competition <br\/>for resources has been the driving force behind the evolution of Darwin's finches. This is exemplified by the <br\/>widely divergent beak sizes of different finch species co-inhabiting one island, compared with much more convergent <br\/>beak sizes when the same species are isolated from each other on separate islands (8). "},"flathierarchy":null,"preferredCommonNames":{"vernacularName":"Sharp-beaked Ground Finch","language":"en","eol_preferred":true},"commonNames":[{"vernacularName":"Penkavka \u0161\u00eddlozob\u00e1","language":"cs","eol_preferred":true},{"vernacularName":"p\u011bnkavka ostrozob\u00e1","language":"cs"},{"vernacularName":"Spidsn\u00e6bbet Darwinfinke","language":"da","eol_preferred":true},{"vernacularName":"Spitzschnabel-Grungfink","language":"de","eol_preferred":true},{"vernacularName":"Spitzschnabel-Grundfink","language":"de"},{"vernacularName":"Sharp-beaked Ground Finch","language":"en","eol_preferred":true},{"vernacularName":"Sharp Beaked Ground Finch","language":"en"},{"vernacularName":"Sharp-beaked Ground-Finch","language":"en"},{"vernacularName":"Sharp-beaked Groundfinch","language":"en"},{"vernacularName":"Pinz\u00f3n terrestre piquiagudo","language":"es","eol_preferred":true},{"vernacularName":"Pinz\u00f3n de Darwin Picofino","language":"es"},{"vernacularName":"Pinz\u00f3n de Darwin de Pico Afilado","language":"es"},{"vernacularName":"vampiir-maasirk","language":"et","eol_preferred":true},{"vernacularName":"Vampyyrisirkku","language":"fi","eol_preferred":true},{"vernacularName":"G\u00e9ospize \u00e0 bec pointu","language":"fr","eol_preferred":true},{"vernacularName":"G\u00e9ospize des Galapagos","language":"fr"},{"vernacularName":"Pinson de Darwin \u00e0 bec pointu","language":"fr"},{"vernacularName":"Fringuello terricolo beccotagliente","language":"it","eol_preferred":true},{"vernacularName":"Fringuello beccoaguzzo","language":"it"},{"vernacularName":"\u30cf\u30b7\u30dc\u30bd\u30ac\u30e9\u30d1\u30b4\u30b9\u30d5\u30a3\u30f3\u30c1","language":"ja","eol_preferred":true},{"vernacularName":"hashibosogarapagosufinchi","language":"ja"},{"vernacularName":"Spitssnavel-grondvink","language":"nl","eol_preferred":true},{"vernacularName":"Spitssnavelgrondvink","language":"nl"},{"vernacularName":"Spissnebbjordspurv","language":"no","eol_preferred":true},{"vernacularName":"darwinka ostrodzioba","language":"pl","eol_preferred":true},{"vernacularName":"\u041e\u0441\u0442\u0440\u043e\u043a\u043b\u044e\u0432\u044b\u0439 \u0437\u0435\u043c\u043b\u044f\u043d\u043e\u0439 \u0432\u044c\u044e\u0440\u043e\u043a","language":"ru","eol_preferred":true},{"vernacularName":"ostrov\u010dan klinozob\u00fd","language":"sk","eol_preferred":true},{"vernacularName":"ostrovcan klinozob\u00fd","language":"sk"},{"vernacularName":"Spetsn\u00e4bbad Darwinfink","language":"sv","eol_preferred":true}],"image":{"objectId":"f9333d83298c0237f33adfb3bdfbd207","identifier":"f9333d83298c0237f33adfb3bdfbd207","title":"f9333d83298c0237f33adfb3bdfbd207","licence":"http:\/\/creativecommons.org\/licenses\/by-nc-sa\/3.0\/","rights":"To support the Manzanita Project, please notify Manzanita@calacademy.org of any use of this image under the Creative Common License. High res images are also available upon request.","credits":"<a href='http:\/\/calphotos.berkeley.edu\/cgi\/photographer_query?where-name_full=Robert+I.+Bowman&one=T'>Robert I. Bowman<\/a>&copy; 2010 California Academy of Sciences","description":null,"mimeType":"jpg","fileName":"f9333d83298c0237f33adfb3bdfbd207.jpg","URL":"http:\/\/media.eol.org\/content\/2011\/08\/04\/12\/09488_orig.jpg"},"iucnStatus":""},"47523689":{"collectionid":12225,"pageid":738244,"taxonConceptId":47523689,"taxonName":"Symphoromyia atripes","textDesc":"","flathierarchy":null,"preferredCommonNames":{"vernacularName":"blood-sucking snipe fly","language":"en","eol_preferred":true},"commonNames":[{"vernacularName":"blood-sucking snipe fly","language":"en","eol_preferred":true}],"image":{"objectId":"80c2981329230b2b1cdf3e70324a8706","identifier":"80c2981329230b2b1cdf3e70324a8706","title":"Blood-sucking Snipe Fly, Symphoromyia atripes, female fly (length 5.5 mm)","licence":"http:\/\/creativecommons.org\/licenses\/publicdomain\/3.0\/","rights":null,"credits":"Snodgrass, R. E.&copy; ","description":null,"mimeType":"jpg","fileName":"80c2981329230b2b1cdf3e70324a8706.jpg","URL":"http:\/\/media.eol.org\/content\/2012\/09\/03\/04\/19625_orig.jpg"},"iucnStatus":""},"47582940":{"collectionid":12225,"pageid":9018,"taxonConceptId":47582940,"taxonName":"Tabanidae","textDesc":{"objectId":"499f6c014dd06136f7e16ea929d0d724","identifier":"499f6c014dd06136f7e16ea929d0d724","title":"Description","licence":"http:\/\/creativecommons.org\/licenses\/by-nc-sa\/3.0\/","rights":"Copyright Wildscreen 2003-2008","credits":"&copy; Wildscreen","description":"Apart from entomologists, there are probably few people who would actively look for horse-flies. For their size, <br\/>they have one of the most painful bites of any insect and the bite can result in a painful swelling. The genus <i>Tabanidae<\/i> <br\/>is called deer-flies in the USA and horse-flies in Great Britain. They can cause problems in grazing animals by <br\/>transmitting various diseases, including anthrax, and reducing milk output in dairy cattle. Blood-sucking <br\/>is carried out only by the females and their mouth-parts have blade-like appendages that can cut through tough <br\/>animal skin with ease. However, the flies themselves are not unattractive in appearance. <i>Chrysops relictus<\/i> <br\/>is a stoutly-built insect, mostly shiny black but with variable yellow-orange bands around the upper part of <br\/>the abdomen. "},"flathierarchy":null,"preferredCommonNames":{"vernacularName":"horse flies","language":"en","eol_preferred":true},"commonNames":[{"vernacularName":"clegs","language":"","eol_preferred":true},{"vernacularName":"horseflies and deerflies","language":"","eol_preferred":true},{"vernacularName":"Horse fly","language":""},{"vernacularName":"deerflies","language":""},{"vernacularName":"Steekvleig","language":"af","eol_preferred":true},{"vernacularName":"Bremsen","language":"de","eol_preferred":true},{"vernacularName":"horse flies","language":"en","eol_preferred":true},{"vernacularName":"Elephant Flies","language":"en"},{"vernacularName":"Gad Flies","language":"en"},{"vernacularName":"Green Heads","language":"en"},{"vernacularName":"Hippo Flies","language":"en"},{"vernacularName":"Horseflies","language":"en"},{"vernacularName":"deer flies","language":"en"},{"vernacularName":"Tabanidae","language":"fr","eol_preferred":true},{"vernacularName":"mouches \u00e0 cheval","language":"fr"},{"vernacularName":"mouches \u00e0 chevreuil","language":"fr"},{"vernacularName":"taons","language":"fr"}],"image":{"objectId":"7ef4f4b63d601603393b5aeafc98b3bb","identifier":"7ef4f4b63d601603393b5aeafc98b3bb","title":"7ef4f4b63d601603393b5aeafc98b3bb","licence":"http:\/\/creativecommons.org\/licenses\/by-nc\/3.0\/","rights":null,"credits":"&copy; ","description":null,"mimeType":"jpg","fileName":"7ef4f4b63d601603393b5aeafc98b3bb.jpg","URL":"http:\/\/media.eol.org\/content\/2012\/05\/23\/06\/74962_orig.jpg"},"iucnStatus":""},"47181864":{"collectionid":12225,"pageid":217,"taxonConceptId":47181864,"taxonName":"Ixodida","textDesc":{"objectId":"5afe02c5e115e9131e5ad1490c8fbc90","identifier":"5afe02c5e115e9131e5ad1490c8fbc90","title":"Statistics of barcoding coverage","licence":"http:\/\/creativecommons.org\/licenses\/by\/3.0\/","rights":null,"credits":"&copy; Barcode of Life Data Systems","description":"Barcode of Life Data Systems (BOLD) Stats <br> &nbsp;\t\t\t\t\t\t\t\t\t\t\t\t\t\t&nbsp;\t\t\t\t\t\t\t\t\t\t\t\t\t\t\t<table>&nbsp;\t\t\t\t\t\t\t\t\t\t\t\t\t\t\t\t<tr>&nbsp;\t\t\t\t\t\t\t\t\t\t\t\t\t\t\t\t\t<td <br\/>width=\u002241%\u0022>Specimen Records:<\/td>&nbsp;\t\t\t\t\t\t\t\t\t\t\t\t\t\t\t\t\t<td width=\u002217%\u0022>1,407<\/td>&nbsp;\t\t\t\t\t\t\t\t\t\t\t\t\t\t\t\t\t<td <br\/>width=\u002229%\u0022>Public Records:<\/td>&nbsp;\t\t\t\t\t\t\t\t\t\t\t\t\t\t\t\t\t<td width=\u002213%\u0022>366<\/td>&nbsp;\t\t\t\t\t\t\t\t\t\t\t\t\t\t\t\t<\/tr>&nbsp;\t\t\t\t\t\t\t\t\t\t\t\t\t\t\t\t<tr>&nbsp;\t\t\t\t\t\t\t\t\t\t\t\t\t\t\t\t\t<td>Specimens <br\/>with Sequences:<\/td>&nbsp;\t\t\t\t\t\t\t\t\t\t\t\t\t\t\t\t\t<td>1,150<\/td>&nbsp;\t\t\t\t\t\t\t\t\t\t\t\t\t\t\t\t\t<td>Public Species:<\/td>&nbsp;\t\t\t\t\t\t\t\t\t\t\t\t\t\t\t\t\t<td>60<\/td>&nbsp;\t\t\t\t\t\t\t\t\t\t\t\t\t\t\t\t<\/tr>&nbsp;\t\t\t\t\t\t\t\t\t\t\t\t\t\t\t\t<tr>&nbsp;\t\t\t\t\t\t\t\t\t\t\t\t\t\t\t\t\t<td>Specimens <br\/>with Barcodes:<\/td>&nbsp;\t\t\t\t\t\t\t\t\t\t\t\t\t\t\t\t\t<td>983<\/td>&nbsp;\t\t\t\t\t\t\t\t\t\t\t\t\t\t\t\t\t<td>Public BINs:<\/td>&nbsp;\t\t\t\t\t\t\t\t\t\t\t\t\t\t\t\t\t<td>95<\/td>&nbsp;\t\t\t\t\t\t\t\t\t\t\t\t\t\t\t\t<\/tr>&nbsp;\t\t\t\t\t\t\t\t\t\t\t\t\t\t\t\t<tr>&nbsp;\t\t\t\t\t\t\t\t\t\t\t\t\t\t\t\t\t<td>Species:<\/td>&nbsp;\t\t\t\t\t\t\t\t\t\t\t\t\t\t\t\t\t<td>119<\/td>&nbsp;\t\t\t\t\t\t\t\t\t\t\t\t\t\t\t\t\t<td>&nbsp;&nbsp;&nbsp;&nbsp;&nbsp;&nbsp;&nbsp;&nbsp;\t\t\t\t\t\t\t\t\t\t\t\t\t\t\t\t\t\t\t\t\t\t\t\t\t\t\t\t\t\t\t\t\t\t\t<\/td>&nbsp;\t\t\t\t\t\t\t\t\t\t\t\t\t\t\t\t\t<td>&nbsp;<\/td>&nbsp;\t\t\t\t\t\t\t\t\t\t\t\t\t\t\t\t<\/tr>&nbsp;\t\t\t\t\t\t\t\t\t\t\t\t\t\t\t\t<tr>&nbsp;\t\t\t\t\t\t\t\t\t\t\t\t\t\t\t\t\t<td>Species <br\/>With Barcodes:<\/td>&nbsp;\t\t\t\t\t\t\t\t\t\t\t\t\t\t\t\t\t<td>104<\/td>&nbsp;\t\t\t\t\t\t\t\t\t\t\t\t\t\t\t\t\t<td>&nbsp;&nbsp;&nbsp;&nbsp;&nbsp;&nbsp;&nbsp;&nbsp;\t\t\t\t\t\t\t\t\t\t\t\t\t\t\t\t\t\t\t\t\t\t\t\t\t\t\t\t\t\t\t\t\t\t\t<\/td>&nbsp;\t\t\t\t\t\t\t\t\t\t\t\t\t\t\t\t\t<td>&nbsp;<\/td>&nbsp;\t\t\t\t\t\t\t\t\t\t\t\t\t\t\t\t<\/tr>&nbsp;\t\t\t\t\t\t\t\t\t\t\t\t\t\t\t\t<tr>&nbsp;\t\t\t\t\t\t\t\t\t\t\t\t\t\t\t\t\t<td>&nbsp;<\/td>&nbsp;\t\t\t\t\t\t\t\t\t\t\t\t\t\t\t\t\t<td><\/td>&nbsp;\t\t\t\t\t\t\t\t\t\t\t\t\t\t\t\t\t<td>&nbsp;&nbsp;&nbsp;&nbsp;&nbsp;&nbsp;&nbsp;&nbsp;\t\t\t\t\t\t\t\t\t\t\t\t\t\t\t\t\t\t\t\t\t\t\t\t\t\t\t\t\t\t\t\t\t\t\t<\/td>&nbsp;\t\t\t\t\t\t\t\t\t\t\t\t\t\t\t\t\t<td>&nbsp;<\/td>&nbsp;\t\t\t\t\t\t\t\t\t\t\t\t\t\t\t\t<\/tr>&nbsp;\t\t\t\t\t\t\t\t\t\t\t\t\t\t\t\t<tr>&nbsp;\t\t\t\t\t\t\t\t\t\t\t\t\t\t\t\t\t<td><\/td><\/tr><\/table> <br\/>"},"flathierarchy":null,"preferredCommonNames":false,"commonNames":[{"vernacularName":"ticks","language":"","eol_preferred":true}],"image":{"objectId":"d9cf214650223040a2f942080309b8fa","identifier":"d9cf214650223040a2f942080309b8fa","title":"d9cf214650223040a2f942080309b8fa","licence":"http:\/\/creativecommons.org\/licenses\/publicdomain\/","rights":"<B>None<\/b> - This image is in the public domain and thus free of any copyright restrictions. As a matter of courtesy we request that the content provider be credited and notified in any public or private usage of this image.","credits":"James Gathany&copy; Public Health Image Library","description":null,"mimeType":"jpg","fileName":"d9cf214650223040a2f942080309b8fa.jpg","URL":"http:\/\/media.eol.org\/content\/2009\/11\/25\/03\/32867_orig.jpg"},"iucnStatus":""},"48177451":{"collectionid":12225,"pageid":25880,"taxonConceptId":48177451,"taxonName":"Vandellia","textDesc":"","flathierarchy":null,"preferredCommonNames":false,"commonNames":[],"image":{"objectId":"2164509d672e6ac3cb7caeacb54d4b94","identifier":"2164509d672e6ac3cb7caeacb54d4b94","title":"2164509d672e6ac3cb7caeacb54d4b94","licence":"http:\/\/creativecommons.org\/licenses\/by-sa\/3.0\/","rights":"<p>Attribution Share Alike (by-sa)<\/p>","credits":"Peter Henderson, PISCES Conservation Ltd&copy; ","description":null,"mimeType":"jpg","fileName":"2164509d672e6ac3cb7caeacb54d4b94.jpg","URL":"http:\/\/media.eol.org\/content\/2011\/01\/27\/12\/57691_orig.jpg"},"iucnStatus":""},"48267236":{"collectionid":12225,"pageid":45,"taxonConceptId":48267236,"taxonName":"Hirudinidae","textDesc":{"objectId":"05b350e909cf372356cf981e7d865740","identifier":"05b350e909cf372356cf981e7d865740","title":"Statistics of barcoding coverage","licence":"http:\/\/creativecommons.org\/licenses\/by\/3.0\/","rights":null,"credits":"&copy; Barcode of Life Data Systems","description":"Barcode of Life Data Systems (BOLD) Stats <br> &nbsp;\t\t\t\t\t\t\t\t\t\t\t\t\t\t&nbsp;\t\t\t\t\t\t\t\t\t\t\t\t\t\t\t<table>&nbsp;\t\t\t\t\t\t\t\t\t\t\t\t\t\t\t\t<tr>&nbsp;\t\t\t\t\t\t\t\t\t\t\t\t\t\t\t\t\t<td <br\/>width=\u002241%\u0022>Specimen Records:<\/td>&nbsp;\t\t\t\t\t\t\t\t\t\t\t\t\t\t\t\t\t<td width=\u002217%\u0022>88<\/td>&nbsp;\t\t\t\t\t\t\t\t\t\t\t\t\t\t\t\t\t<td <br\/>width=\u002229%\u0022>Public Records:<\/td>&nbsp;\t\t\t\t\t\t\t\t\t\t\t\t\t\t\t\t\t<td width=\u002213%\u0022>88<\/td>&nbsp;\t\t\t\t\t\t\t\t\t\t\t\t\t\t\t\t<\/tr>&nbsp;\t\t\t\t\t\t\t\t\t\t\t\t\t\t\t\t<tr>&nbsp;\t\t\t\t\t\t\t\t\t\t\t\t\t\t\t\t\t<td>Specimens <br\/>with Sequences:<\/td>&nbsp;\t\t\t\t\t\t\t\t\t\t\t\t\t\t\t\t\t<td>88<\/td>&nbsp;\t\t\t\t\t\t\t\t\t\t\t\t\t\t\t\t\t<td>Public Species:<\/td>&nbsp;\t\t\t\t\t\t\t\t\t\t\t\t\t\t\t\t\t<td>28<\/td>&nbsp;\t\t\t\t\t\t\t\t\t\t\t\t\t\t\t\t<\/tr>&nbsp;\t\t\t\t\t\t\t\t\t\t\t\t\t\t\t\t<tr>&nbsp;\t\t\t\t\t\t\t\t\t\t\t\t\t\t\t\t\t<td>Specimens <br\/>with Barcodes:<\/td>&nbsp;\t\t\t\t\t\t\t\t\t\t\t\t\t\t\t\t\t<td>87<\/td>&nbsp;\t\t\t\t\t\t\t\t\t\t\t\t\t\t\t\t\t<td>Public BINs:<\/td>&nbsp;\t\t\t\t\t\t\t\t\t\t\t\t\t\t\t\t\t<td>32<\/td>&nbsp;\t\t\t\t\t\t\t\t\t\t\t\t\t\t\t\t<\/tr>&nbsp;\t\t\t\t\t\t\t\t\t\t\t\t\t\t\t\t<tr>&nbsp;\t\t\t\t\t\t\t\t\t\t\t\t\t\t\t\t\t<td>Species:<\/td>&nbsp;\t\t\t\t\t\t\t\t\t\t\t\t\t\t\t\t\t<td>28<\/td>&nbsp;\t\t\t\t\t\t\t\t\t\t\t\t\t\t\t\t\t<td>&nbsp;&nbsp;&nbsp;&nbsp;&nbsp;&nbsp;&nbsp;&nbsp;\t\t\t\t\t\t\t\t\t\t\t\t\t\t\t\t\t\t\t\t\t\t\t\t\t\t\t\t\t\t\t\t\t\t\t<\/td>&nbsp;\t\t\t\t\t\t\t\t\t\t\t\t\t\t\t\t\t<td>&nbsp;<\/td>&nbsp;\t\t\t\t\t\t\t\t\t\t\t\t\t\t\t\t<\/tr>&nbsp;\t\t\t\t\t\t\t\t\t\t\t\t\t\t\t\t<tr>&nbsp;\t\t\t\t\t\t\t\t\t\t\t\t\t\t\t\t\t<td>Species <br\/>With Barcodes:<\/td>&nbsp;\t\t\t\t\t\t\t\t\t\t\t\t\t\t\t\t\t<td>28<\/td>&nbsp;\t\t\t\t\t\t\t\t\t\t\t\t\t\t\t\t\t<td>&nbsp;&nbsp;&nbsp;&nbsp;&nbsp;&nbsp;&nbsp;&nbsp;\t\t\t\t\t\t\t\t\t\t\t\t\t\t\t\t\t\t\t\t\t\t\t\t\t\t\t\t\t\t\t\t\t\t\t<\/td>&nbsp;\t\t\t\t\t\t\t\t\t\t\t\t\t\t\t\t\t<td>&nbsp;<\/td>&nbsp;\t\t\t\t\t\t\t\t\t\t\t\t\t\t\t\t<\/tr>&nbsp;\t\t\t\t\t\t\t\t\t\t\t\t\t\t\t\t<tr>&nbsp;\t\t\t\t\t\t\t\t\t\t\t\t\t\t\t\t\t<td>&nbsp;<\/td>&nbsp;\t\t\t\t\t\t\t\t\t\t\t\t\t\t\t\t\t<td><\/td>&nbsp;\t\t\t\t\t\t\t\t\t\t\t\t\t\t\t\t\t<td>&nbsp;&nbsp;&nbsp;&nbsp;&nbsp;&nbsp;&nbsp;&nbsp;\t\t\t\t\t\t\t\t\t\t\t\t\t\t\t\t\t\t\t\t\t\t\t\t\t\t\t\t\t\t\t\t\t\t\t<\/td>&nbsp;\t\t\t\t\t\t\t\t\t\t\t\t\t\t\t\t\t<td>&nbsp;<\/td>&nbsp;\t\t\t\t\t\t\t\t\t\t\t\t\t\t\t\t<\/tr>&nbsp;\t\t\t\t\t\t\t\t\t\t\t\t\t\t\t\t<tr>&nbsp;\t\t\t\t\t\t\t\t\t\t\t\t\t\t\t\t\t<td><\/td><\/tr><\/table> <br\/>"},"flathierarchy":null,"preferredCommonNames":false,"commonNames":[],"image":{"objectId":"6d4b1ce483359e0161bcc9dba968ff73","identifier":"6d4b1ce483359e0161bcc9dba968ff73","title":"6d4b1ce483359e0161bcc9dba968ff73","licence":"http:\/\/creativecommons.org\/licenses\/publicdomain\/","rights":null,"credits":"<a href='http:\/\/www.biolib.cz\/en\/person\/id210\/'>Pavla Tochorov\u00e1<\/a>&copy; ","description":null,"mimeType":"jpg","fileName":"6d4b1ce483359e0161bcc9dba968ff73.jpg","URL":"http:\/\/media.eol.org\/content\/2010\/03\/24\/04\/43347_orig.jpg"},"iucnStatus":""},"47546345":{"collectionid":12225,"pageid":22050,"taxonConceptId":47546345,"taxonName":"Phlebotomus","textDesc":{"objectId":"a831d83513a8e0e2cd34171ef69ad4cb","identifier":"a831d83513a8e0e2cd34171ef69ad4cb","title":"Statistics of barcoding coverage","licence":"http:\/\/creativecommons.org\/licenses\/by\/3.0\/","rights":null,"credits":"&copy; Barcode of Life Data Systems","description":"Barcode of Life Data Systems (BOLD) Stats <br> &nbsp;\t\t\t\t\t\t\t\t\t\t\t\t\t\t&nbsp;\t\t\t\t\t\t\t\t\t\t\t\t\t\t\t<table>&nbsp;\t\t\t\t\t\t\t\t\t\t\t\t\t\t\t\t<tr>&nbsp;\t\t\t\t\t\t\t\t\t\t\t\t\t\t\t\t\t<td <br\/>width=\u002241%\u0022>Specimen Records:<\/td>&nbsp;\t\t\t\t\t\t\t\t\t\t\t\t\t\t\t\t\t<td width=\u002217%\u0022>208<\/td>&nbsp;\t\t\t\t\t\t\t\t\t\t\t\t\t\t\t\t\t<td <br\/>width=\u002229%\u0022>Public Records:<\/td>&nbsp;\t\t\t\t\t\t\t\t\t\t\t\t\t\t\t\t\t<td width=\u002213%\u0022>52<\/td>&nbsp;\t\t\t\t\t\t\t\t\t\t\t\t\t\t\t\t<\/tr>&nbsp;\t\t\t\t\t\t\t\t\t\t\t\t\t\t\t\t<tr>&nbsp;\t\t\t\t\t\t\t\t\t\t\t\t\t\t\t\t\t<td>Specimens <br\/>with Sequences:<\/td>&nbsp;\t\t\t\t\t\t\t\t\t\t\t\t\t\t\t\t\t<td>184<\/td>&nbsp;\t\t\t\t\t\t\t\t\t\t\t\t\t\t\t\t\t<td>Public Species:<\/td>&nbsp;\t\t\t\t\t\t\t\t\t\t\t\t\t\t\t\t\t<td>6<\/td>&nbsp;\t\t\t\t\t\t\t\t\t\t\t\t\t\t\t\t<\/tr>&nbsp;\t\t\t\t\t\t\t\t\t\t\t\t\t\t\t\t<tr>&nbsp;\t\t\t\t\t\t\t\t\t\t\t\t\t\t\t\t\t<td>Specimens <br\/>with Barcodes:<\/td>&nbsp;\t\t\t\t\t\t\t\t\t\t\t\t\t\t\t\t\t<td>181<\/td>&nbsp;\t\t\t\t\t\t\t\t\t\t\t\t\t\t\t\t\t<td>Public BINs:<\/td>&nbsp;\t\t\t\t\t\t\t\t\t\t\t\t\t\t\t\t\t<td>8<\/td>&nbsp;\t\t\t\t\t\t\t\t\t\t\t\t\t\t\t\t<\/tr>&nbsp;\t\t\t\t\t\t\t\t\t\t\t\t\t\t\t\t<tr>&nbsp;\t\t\t\t\t\t\t\t\t\t\t\t\t\t\t\t\t<td>Species:<\/td>&nbsp;\t\t\t\t\t\t\t\t\t\t\t\t\t\t\t\t\t<td>23<\/td>&nbsp;\t\t\t\t\t\t\t\t\t\t\t\t\t\t\t\t\t<td>&nbsp;&nbsp;&nbsp;&nbsp;&nbsp;&nbsp;&nbsp;&nbsp;\t\t\t\t\t\t\t\t\t\t\t\t\t\t\t\t\t\t\t\t\t\t\t\t\t\t\t\t\t\t\t\t\t\t\t<\/td>&nbsp;\t\t\t\t\t\t\t\t\t\t\t\t\t\t\t\t\t<td>&nbsp;<\/td>&nbsp;\t\t\t\t\t\t\t\t\t\t\t\t\t\t\t\t<\/tr>&nbsp;\t\t\t\t\t\t\t\t\t\t\t\t\t\t\t\t<tr>&nbsp;\t\t\t\t\t\t\t\t\t\t\t\t\t\t\t\t\t<td>Species <br\/>With Barcodes:<\/td>&nbsp;\t\t\t\t\t\t\t\t\t\t\t\t\t\t\t\t\t<td>22<\/td>&nbsp;\t\t\t\t\t\t\t\t\t\t\t\t\t\t\t\t\t<td>&nbsp;&nbsp;&nbsp;&nbsp;&nbsp;&nbsp;&nbsp;&nbsp;\t\t\t\t\t\t\t\t\t\t\t\t\t\t\t\t\t\t\t\t\t\t\t\t\t\t\t\t\t\t\t\t\t\t\t<\/td>&nbsp;\t\t\t\t\t\t\t\t\t\t\t\t\t\t\t\t\t<td>&nbsp;<\/td>&nbsp;\t\t\t\t\t\t\t\t\t\t\t\t\t\t\t\t<\/tr>&nbsp;\t\t\t\t\t\t\t\t\t\t\t\t\t\t\t\t<tr>&nbsp;\t\t\t\t\t\t\t\t\t\t\t\t\t\t\t\t\t<td>&nbsp;<\/td>&nbsp;\t\t\t\t\t\t\t\t\t\t\t\t\t\t\t\t\t<td><\/td>&nbsp;\t\t\t\t\t\t\t\t\t\t\t\t\t\t\t\t\t<td>&nbsp;&nbsp;&nbsp;&nbsp;&nbsp;&nbsp;&nbsp;&nbsp;\t\t\t\t\t\t\t\t\t\t\t\t\t\t\t\t\t\t\t\t\t\t\t\t\t\t\t\t\t\t\t\t\t\t\t<\/td>&nbsp;\t\t\t\t\t\t\t\t\t\t\t\t\t\t\t\t\t<td>&nbsp;<\/td>&nbsp;\t\t\t\t\t\t\t\t\t\t\t\t\t\t\t\t<\/tr>&nbsp;\t\t\t\t\t\t\t\t\t\t\t\t\t\t\t\t<tr>&nbsp;\t\t\t\t\t\t\t\t\t\t\t\t\t\t\t\t\t<td><\/td><\/tr><\/table> <br\/>"},"flathierarchy":null,"preferredCommonNames":false,"commonNames":[],"image":{"objectId":"cc0fa640f436844e14820a9088044c26","identifier":"cc0fa640f436844e14820a9088044c26","title":"cc0fa640f436844e14820a9088044c26","licence":"http:\/\/creativecommons.org\/licenses\/by-nc-sa\/3.0\/","rights":null,"credits":"&copy; Natural History Museum, London","description":null,"mimeType":"jpg","fileName":"cc0fa640f436844e14820a9088044c26.jpg","URL":"http:\/\/media.eol.org\/content\/2011\/07\/21\/05\/27221_orig.jpg"},"iucnStatus":""}}