{"name":"animals<br\/><i>Animalia<\/i>","depth":0,"taxonConceptID":1,"children":[{"name":"Chordates<br\/><i>Chordata<\/i>","depth":1,"taxonConceptID":694,"children":[{"name":"reptiles<br\/><i>Reptilia<\/i>","depth":2,"taxonConceptID":1703,"children":[{"name":"lizards and snakes<br\/><i>Squamata<\/i>","depth":3,"taxonConceptID":1704,"children":[{"name":"iguanids<br\/><i>Iguanidae<\/i>","depth":4,"taxonConceptID":1709,"children":[{"name":"Galapagos Land Iguanas<br\/><i>Conolophus<\/i>","depth":5,"taxonConceptID":58205,"children":[{"name":"Galapagos Land Iguana<br\/><i>Conolophus subcristatus GRAY 1831<\/i>","depth":6,"terminal":true,"image":"62b5442f06e086ec31c9739daff80581.jpg","taxonConceptID":454869}]}]},{"name":"geckos<br\/><i>Gekkonidae<\/i>","depth":4,"taxonConceptID":1715,"children":[{"name":"house geckos<br\/><i>Hemidactylus<\/i>","depth":5,"taxonConceptID":794539,"children":[{"name":"common house gecko<br\/><i>Hemidactylus frenatus SCHLEGEL 1836<\/i>","depth":6,"terminal":true,"image":"92c96971c112efa14103111ffe285087.jpg","taxonConceptID":793350}]},{"name":"day geckos<br\/><i>Phelsuma<\/i>","depth":5,"taxonConceptID":37114,"children":[{"name":"Golddust Day Gecko<br\/><i>Phelsuma laticauda Boettger, 1880<\/i>","depth":6,"terminal":true,"image":"4e79a89e4ea792328b976c558e5bfba5.jpg","taxonConceptID":791149}]}]}]}]},{"name":"birds<br\/><i>Aves<\/i>","depth":2,"taxonConceptID":695,"children":[{"name":"Storks and Allies<br\/><i>Ciconiiformes<\/i>","depth":3,"taxonConceptID":7981,"children":[{"name":"snipes<br\/><i>Scolopacidae<\/i>","depth":4,"taxonConceptID":7988,"children":[{"name":"ruffs<br\/><i>Philomachus<\/i>","depth":5,"taxonConceptID":104372,"children":[{"name":"Ruff<br\/><i>Philomachus pugnax (Linnaeus, 1758)<\/i>","depth":6,"terminal":true,"image":"b07d686581aee309d6a65cd32656b716.jpg","taxonConceptID":1049551}]}]},{"name":"falcons<br\/><i>Falconidae<\/i>","depth":4,"taxonConceptID":8007,"children":[{"name":"falcons<br\/><i>Falco<\/i>","depth":5,"taxonConceptID":19166,"children":[{"name":"Lanner Falcon<br\/><i>Falco biarmicus Temminck 1825<\/i>","depth":6,"terminal":true,"image":"0e6cc73a42db8c364e6cd6ec89f10415.jpg","taxonConceptID":1049182},{"name":"Merlin<br\/><i>Falco columbarius Linnaeus 1758<\/i>","depth":6,"terminal":true,"image":"27ef139fba7ce5a8d376f7b3c36a128b.jpg","taxonConceptID":1049166}]},{"name":"Daptrius","depth":5,"taxonConceptID":104329,"children":[{"name":"Yellow-throated Caracara<br\/><i>Daptrius ater Vieillot 1816<\/i>","depth":6,"terminal":true,"image":"db69e8a40ab8f0a2a0b9ebd46a3ccdab.jpg","taxonConceptID":1049215}]}]},{"name":"hawks, eagles, and relatives<br\/><i>Accipitridae<\/i>","depth":4,"taxonConceptID":8016,"children":[{"name":"black-shouldered kites<br\/><i>Elanus<\/i>","depth":5,"taxonConceptID":80691,"children":[{"name":"Black-shouldered Kite<br\/><i>Elanus axillaris (Latham, 1802)<\/i>","depth":6,"terminal":true,"image":"608ee80592308a5f223c5a7fbcff8bee.jpg","taxonConceptID":1048008}]}]},{"name":"anhingas and darters<br\/><i>Anhingidae<\/i>","depth":4,"taxonConceptID":8014,"children":[{"name":"Anhingas<br\/><i>Anhinga<\/i>","depth":5,"taxonConceptID":84460,"children":[{"name":"Australasian Darter<br\/><i>Anhinga novaehollandiae (Gould, 1847)<\/i>","depth":6,"terminal":true,"image":"87eda70454af7a11295ea46c7e5edb19.jpg","taxonConceptID":1048969}]}]},{"name":"Gulls and Allies<br\/><i>Laridae<\/i>","depth":4,"taxonConceptID":8001,"children":[{"name":"seagulls<br\/><i>Larus<\/i>","depth":5,"taxonConceptID":19933,"children":[{"name":"Herring Gull<br\/><i>Larus argentatus Pontoppidan 1763<\/i>","depth":6,"terminal":true,"image":"d5553ea845a57b4cfdeac3305765abea.jpg","taxonConceptID":1049581}]}]}]},{"name":"Cranes and Rails<br\/><i>Gruiformes<\/i>","depth":3,"taxonConceptID":7578,"children":[{"name":"Waterhens<br\/><i>Rallidae<\/i>","depth":4,"taxonConceptID":7581,"children":[{"name":"coots<br\/><i>Fulica<\/i>","depth":5,"taxonConceptID":83299,"children":[{"name":"American Coot<br\/><i>Fulica americana Gmelin 1789<\/i>","depth":6,"terminal":true,"image":"2f0886244ae169b8a1d113c709dedb25.jpg","taxonConceptID":1049311}]}]}]}]},{"name":"mammals<br\/><i>Mammalia<\/i>","depth":2,"taxonConceptID":1642,"children":[{"name":"carnivores<br\/><i>Carnivora<\/i>","depth":3,"taxonConceptID":7662,"children":[{"name":"Pinnipeds<br\/><i>Phocidae<\/i>","depth":4,"taxonConceptID":7666,"children":[{"name":"elephant seals<br\/><i>Mirounga<\/i>","depth":5,"taxonConceptID":42397,"children":[{"name":"northern elephant seal<br\/><i>Mirounga angustirostris (Gill, 1866)<\/i>","depth":6,"terminal":true,"image":"d8446abf452ea3584f185046c57845cf.jpg","taxonConceptID":328640}]}]},{"name":"badgers, otters, weasels, and relatives<br\/><i>Mustelidae<\/i>","depth":4,"taxonConceptID":7670,"children":[{"name":"weasels<br\/><i>Mustela<\/i>","depth":5,"taxonConceptID":14116,"children":[{"name":"Weasel<br\/><i>Mustela nivalis Linnaeus, 1766<\/i>","depth":6,"terminal":true,"image":"f3be100558de89794fb02b7e57477765.jpg","taxonConceptID":328586}]}]},{"name":"mongooses<br\/><i>Herpestidae<\/i>","depth":4,"taxonConceptID":7673,"children":[{"name":"Suricata","depth":5,"taxonConceptID":35950,"children":[{"name":"Meerkat<br\/><i>Suricata suricatta (Schreber, 1776)<\/i>","depth":6,"terminal":true,"image":"42f180248d5bdee10c18482abc637d95.jpg","taxonConceptID":311580}]}]}]},{"name":"horses, rhinoceroses, and tapirs<br\/><i>Perissodactyla<\/i>","depth":3,"taxonConceptID":1667,"children":[{"name":"asses, horses, and zebras<br\/><i>Equidae<\/i>","depth":4,"taxonConceptID":1670,"children":[{"name":"horses<br\/><i>Equus<\/i>","depth":5,"taxonConceptID":15580,"children":[{"name":"plains zebra<br\/><i>Equus quagga Boddaert, 1785<\/i>","depth":6,"terminal":true,"image":"2969c268399041e19de8eff0dbbddf58.jpg","taxonConceptID":311502}]}]}]},{"name":"even-toed ungulates<br\/><i>Artiodactyla<\/i>","depth":3,"taxonConceptID":7678,"children":[{"name":"deer, elk, moose, and caribou<br\/><i>Cervidae<\/i>","depth":4,"taxonConceptID":7685,"children":[{"name":"wapiti<br\/><i>Cervus<\/i>","depth":5,"taxonConceptID":34545,"children":[{"name":"sika deer<br\/><i>Cervus nippon Temminck, 1838<\/i>","depth":6,"terminal":true,"image":"9b8eb29e0fd4f297793e20a235ddeea3.jpg","taxonConceptID":328650}]}]},{"name":"camels, llamas, and relatives<br\/><i>Camelidae<\/i>","depth":4,"taxonConceptID":7686,"children":[{"name":"llamas<br\/><i>Lama<\/i>","depth":5,"taxonConceptID":38900,"children":[{"name":"Guanaco<br\/><i>Lama guanicoe (M\u00fcller, 1776)<\/i>","depth":6,"terminal":true,"image":"550ab931d7b7cc803742b847550692c1.jpg","taxonConceptID":309017}]}]},{"name":"giraffes and okapis<br\/><i>Giraffidae<\/i>","depth":4,"taxonConceptID":7684,"children":[{"name":"Giraffa","depth":5,"taxonConceptID":38813,"children":[{"name":"Giraffe<br\/><i>Giraffa camelopardalis (Linnaeus, 1758)<\/i>","depth":6,"terminal":true,"image":"7149c30071de85c031d3519963da0385.jpg","taxonConceptID":308378}]}]},{"name":"antelopes, cattle, gazelles, goats, sheep, and relatives<br\/><i>Bovidae<\/i>","depth":4,"taxonConceptID":7687,"children":[{"name":"wildebeests<br\/><i>Connochaetes<\/i>","depth":5,"taxonConceptID":38830,"children":[{"name":"Blue Wildebeest<br\/><i>Connochaetes taurinus (Burchell, 1823)<\/i>","depth":6,"terminal":true,"image":"133820cc2b2b668d01c0f8c69731e668.jpg","taxonConceptID":308531}]},{"name":"elands<br\/><i>Taurotragus<\/i>","depth":5,"taxonConceptID":103529,"children":[{"name":"Common Eland<br\/><i>Taurotragus oryx (Pallas, 1766)<\/i>","depth":6,"terminal":true,"image":"9ee463d29e6c667b0160b7ed08502d8d.jpg","taxonConceptID":1038784}]}]}]},{"name":"American marsupials<br\/><i>Didelphimorphia<\/i>","depth":3,"taxonConceptID":7621,"children":[{"name":"American opossums and opossums<br\/><i>Didelphidae<\/i>","depth":4,"taxonConceptID":7622,"children":[{"name":"Common opossums<br\/><i>Didelphis<\/i>","depth":5,"taxonConceptID":34779,"children":[{"name":"Common opossum<br\/><i>Didelphis marsupialis Linnaeus, 1758<\/i>","depth":6,"terminal":true,"image":"533a7beaff51795a5b44b73a69e085bb.jpg","taxonConceptID":328504}]}]}]}]}]},{"name":"cnidarians<br\/><i>Cnidaria<\/i>","depth":1,"taxonConceptID":1745,"children":[{"name":"anemones and corals<br\/><i>Anthozoa<\/i>","depth":2,"taxonConceptID":1746,"children":[{"name":"sea anemones<br\/><i>Actiniaria<\/i>","depth":3,"taxonConceptID":1747,"children":[{"name":"Actiniidae","depth":4,"taxonConceptID":1750,"children":[{"name":"rock anemone<br\/><i>Anthopleura<\/i>","depth":5,"taxonConceptID":27761,"children":[{"name":"Sunburst anemone<br\/><i>Anthopleura sola Pearse and Francis, 2000<\/i>","depth":6,"terminal":true,"image":"87971451183b684db291a7a778d9b118.jpg","taxonConceptID":421565}]}]}]}]}]},{"name":"arthropods<br\/><i>Arthropoda<\/i>","depth":1,"taxonConceptID":164,"children":[{"name":"crabs, krill, pill bugs, shrimp, and relatives<br\/><i>Malacostraca<\/i>","depth":2,"taxonConceptID":1157,"children":[{"name":"Decapoda","depth":3,"taxonConceptID":10948079,"children":[{"name":"Ocypodidae<br\/><i>Ocypodidae<\/i>","depth":4,"taxonConceptID":7165,"children":[{"name":"fiddler crabs<br\/><i>Uca<\/i>","depth":5,"taxonConceptID":15178,"children":[{"name":"Atlantic sand fiddler<br\/><i>Uca pugilator (Bosc, 1802)<\/i>","depth":6,"terminal":true,"image":"166e4ae2262dcbf65d92cf57027c29cb.jpg","taxonConceptID":347724}]}]}]}]},{"name":"insects<br\/><i>Insecta<\/i>","depth":2,"taxonConceptID":344,"children":[{"name":"beetles<br\/><i>Coleoptera<\/i>","depth":3,"taxonConceptID":345,"children":[{"name":"scarab beetles<br\/><i>Scarabaeoidea<\/i>","depth":4,"taxonConceptID":369,"children":[{"name":"scarab beetles<br\/><i>Scarabaeidae<\/i>","depth":5,"taxonConceptID":8134,"children":[{"name":"Coprophanaeus","depth":6,"taxonConceptID":17093,"children":[{"name":"Coprophanaeus lancifer (Linnaeus, 1767)","depth":7,"terminal":true,"image":"1bfa7a83a22c3af24f2d2b974dbfba31.jpg","taxonConceptID":1044659}]}]}]}]}]}]}]}