{"48135715":{"collectionid":26517,"pageid":1056842,"taxonConceptId":48135715,"taxonName":"Glyptemys muhlenbergii","textDesc":{"objectId":"7eadcefde4505235f30d816452bb8ac3","identifier":"7eadcefde4505235f30d816452bb8ac3","title":"Biology","licence":"http:\/\/creativecommons.org\/licenses\/by-nc-sa\/3.0\/","rights":"Copyright Wildscreen 2003-2008","credits":"&copy; Wildscreen","description":"Like many cold-blooded reptiles, the bog turtle is active only during the warmer parts of the day.  It emerges from <br\/>its night-time shelter and basks for some time in the sun before commencing its search for food (2).  This semi-aquatic <br\/>turtle forages both on land and underwater (2).   Its highly varied and omnivorous diet consists primarily of insects, <br\/>such as beetles, millipedes, dragonflies, and ants, but it also feeds on snails, slugs, earthworms and spiders <br\/>(5), and even frogs, nestling birds, mice and voles.  Berries, seeds, and other plant parts comprise the vegetarian <br\/>part of its diet (2).&nbsp;Mating takes place from March until June, and begins with a male searching out a female, <br\/>identifying her sex by using sight and smell.  Whilst circling the female, the male probes her tail and cloacal <br\/>area with his nose, and may bite at her head and neck.  The female may move away, resulting in a chase, with the male <br\/>biting at her legs and head to stop her.   Finally, the male will mount the female, accompanied by more bites to the <br\/>head and neck, and mating lasts for 5 to 20 minutes (2).&nbsp;The bog turtle lays eggs in June and July (2), usually <br\/>in the late afternoon or early evening (5).  The single clutch of one to six white eggs are laid either into a cavity <br\/>dug by the female, or under moss or grass tussocks (2).  The eggs hatch in August or September, and while most hatchlings <br\/>emerge from the nest immediately, some may remain in the nest over winter (2).  Both the eggs and hatchlings are <br\/>preyed upon by a number of birds and mammals, including foxes, raccoons, and opossum (4).&nbsp;In October (4), <br\/>the bog turtle retreats into areas of dense vegetation to hibernate (5).  Resting in soft mud, often just below <br\/>a frozen surface, in the old burrow of a muskrat or meadow vole, amongst rocks, roots or under vegetation (5), the <br\/>bog turtle will remain in hibernation until April (4).  As well as burrowing for hibernation, this proficient <br\/>digger will quickly burrow into the muddy ground whenever it is alarmed (2). "},"flathierarchy":null,"preferredCommonNames":{"vernacularName":"bog turtle","language":"en","eol_preferred":true},"commonNames":[{"vernacularName":"Muhlenberg-Schildkrote","language":"de","eol_preferred":true},{"vernacularName":"M\u00fchlenberg-Schildkr\u00f6te","language":"de"},{"vernacularName":"bog turtle","language":"en","eol_preferred":true},{"vernacularName":"\u0427\u0435\u0440\u0435\u043f\u0430\u0445\u0430 \u0431\u043e\u043b\u043e\u0442\u043d\u0430\u044f","language":"ru","eol_preferred":true}],"image":{"objectId":"1e9ee5a128cf74a6a11409d278c1131d","identifier":"1e9ee5a128cf74a6a11409d278c1131d","title":"1e9ee5a128cf74a6a11409d278c1131d","licence":"http:\/\/creativecommons.org\/licenses\/by-nc-sa\/3.0\/","rights":null,"credits":"<a href='http:\/\/calphotos.berkeley.edu\/cgi\/photographer_query?where-name_full=Todd+Pierson&one=T'>Todd Pierson<\/a>&copy; 2011 Todd Pierson","description":null,"mimeType":"jpg","fileName":"1e9ee5a128cf74a6a11409d278c1131d.jpg","URL":"http:\/\/media.eol.org\/content\/2011\/10\/06\/05\/81967_orig.jpg"},"iucnStatus":""},"48135718":{"collectionid":26517,"pageid":815711,"taxonConceptId":48135718,"taxonName":"Dermochelys coriacea","textDesc":{"objectId":"7ea22c72686aef5127ef5b7a7b151bac","identifier":"7ea22c72686aef5127ef5b7a7b151bac","title":"Description","licence":"http:\/\/creativecommons.org\/licenses\/by-nc-sa\/3.0\/","rights":"Copyright Wildscreen 2003-2008","credits":"&copy; Wildscreen","description":"The leatherback is the world's largest turtle; the largest recorded individual weighed a massive 916 kilograms <br\/>(5). This turtle earned its common name because it lacks the typical bony plates on its carapace.  Instead, its <br\/>shell is flexible and covered in a thin layer of leathery skin. This turtle is dark in colour with white and pink <br\/>spots. Leatherbacks are easily recognisable by the seven narrow ridges running the length of the carapace, and <br\/>by their particularly large front flippers. Females also have a characteristic 'pink spot' on the top of their <br\/>heads (6). "},"flathierarchy":null,"preferredCommonNames":{"vernacularName":"leatherback sea turtle","language":"en","eol_preferred":true},"commonNames":[{"vernacularName":"\u0633\u0644\u062d\u0641\u0627\u0629 \u0628\u062d\u0631\u064a\u0629 \u062c\u0644\u062f\u064a\u0629","language":"ar","eol_preferred":true},{"vernacularName":"\u041a\u043e\u0436\u0435\u0441\u0442\u0430 \u043a\u043e\u0441\u0442\u0435\u043d\u0443\u0440\u043a\u0430","language":"bg","eol_preferred":true},{"vernacularName":"kozhest\u0430 kostenurk\u0430","language":"bg"},{"vernacularName":"crwban m\u00f4r cefn-lledr","language":"cy","eol_preferred":true},{"vernacularName":"L\u00e6derskildpadde","language":"da","eol_preferred":true},{"vernacularName":"Lederschildkr\u00f6te","language":"de","eol_preferred":true},{"vernacularName":"Lederschildkrote","language":"de"},{"vernacularName":"\u0394\u03b5\u03c1\u03bc\u03b1\u03c4\u03bf\u03c7\u03b5\u03bb\u03ce\u03bd\u03b1","language":"el","eol_preferred":true},{"vernacularName":"leatherback sea turtle","language":"en","eol_preferred":true},{"vernacularName":"Leatherback Turtle","language":"en"},{"vernacularName":"Leathery turtle","language":"en"},{"vernacularName":"Luth","language":"en"},{"vernacularName":"Trunkback turtle","language":"en"},{"vernacularName":"leatherback","language":"en"},{"vernacularName":"leatherback; tinglar","language":"en"},{"vernacularName":"tinglar","language":"en"},{"vernacularName":"Siete quillas","language":"es","eol_preferred":true},{"vernacularName":"Baula","language":"es"},{"vernacularName":"Canal","language":"es"},{"vernacularName":"Cardon","language":"es"},{"vernacularName":"Tinglada","language":"es"},{"vernacularName":"Tortuga laud","language":"es"},{"vernacularName":"Tortuga la\u00fad","language":"es"},{"vernacularName":"Tortuga-marina la\u00fad","language":"es"},{"vernacularName":"card\u00f3n","language":"es"},{"vernacularName":"tinglar","language":"es"},{"vernacularName":"tortue luth","language":"fr","eol_preferred":true},{"vernacularName":"\u05e6\u05d1 \u05d2\u05dc\u05d3\u05d9","language":"he","eol_preferred":true},{"vernacularName":"Tartaruga liuto","language":"it","eol_preferred":true},{"vernacularName":"\u30aa\u30b5\u30ac\u30e1","language":"ja","eol_preferred":true},{"vernacularName":"Kietaodis v\u0117\u017elys","language":"lt","eol_preferred":true},{"vernacularName":"Havl\u00e6rskilpadde","language":"nb","eol_preferred":true},{"vernacularName":"lederschildpad","language":"nl","eol_preferred":true},{"vernacularName":"havl\u00earskilpadde","language":"nn","eol_preferred":true},{"vernacularName":"Havl\u00e6rskilpadde","language":"no","eol_preferred":true},{"vernacularName":"\u017c\u00f3\u0142w sk\u00f3rzasty","language":"pl","eol_preferred":true},{"vernacularName":"\u043a\u043e\u0436\u0438\u0441\u0442\u0430\u044f \u0447\u0435\u0440\u0435\u043f\u0430\u0445\u0430","language":"ru","eol_preferred":true},{"vernacularName":"\u0427\u0435\u0440\u0435\u043f\u0430\u0445\u0430 \u043a\u043e\u0436\u0438\u0441\u0442\u0430\u044f","language":"ru"},{"vernacularName":"Usnja\u010da","language":"sl","eol_preferred":true},{"vernacularName":"breshka e detit l\u00ebkurore","language":"sq","eol_preferred":true},{"vernacularName":"Havsl\u00e4dersk\u00f6ldpadda","language":"sv","eol_preferred":true},{"vernacularName":"deri s\u0131rtl\u0131 kaplumba\u011fa","language":"tr","eol_preferred":true},{"vernacularName":"Deri sirtli kaplumbaga","language":"tr"},{"vernacularName":"Deri s\u0131rtl\u0131 deniz kaplumba\u011fas\u0131","language":"tr"},{"vernacularName":"\u0428\u043a\u0456\u0440\u044f\u0441\u0442\u0430 \u0447\u0435\u0440\u0435\u043f\u0430\u0445\u0430","language":"uk","eol_preferred":true},{"vernacularName":"\u0427\u0435\u0440\u0435\u043f\u0430\u0445\u0430 \u0448\u043a\u0456\u0440\u044f\u0441\u0442\u0430","language":"uk"}],"image":{"objectId":"8cea2ccaccd81a0891442c5a78b3c46e","identifier":"8cea2ccaccd81a0891442c5a78b3c46e","title":"Leatherback sea turtle on the beach \/Tinglar","licence":"http:\/\/creativecommons.org\/licenses\/by\/2.0\/","rights":null,"credits":"<a href='http:\/\/www.flickr.com\/photos\/41464593@N02'>U.S. Fish and Wildlife Service Southeast Region<\/a>&copy; ","description":null,"mimeType":"jpg","fileName":"8cea2ccaccd81a0891442c5a78b3c46e.jpg","URL":"http:\/\/media.eol.org\/content\/2012\/03\/21\/00\/05032_orig.jpg"},"iucnStatus":""},"48148435":{"collectionid":26517,"pageid":1286394,"taxonConceptId":48148435,"taxonName":"Cyclura nubila lewisi","textDesc":{"objectId":"4551226073aae79efc605a3eed580766","identifier":"4551226073aae79efc605a3eed580766","title":"Description","licence":"http:\/\/creativecommons.org\/licenses\/by-nc-sa\/3.0\/","rights":"Copyright Wildscreen 2003-2008","credits":"&copy; Wildscreen","description":"Endemic to Grand Cayman, this magnificently striking blue iguana is one of the most endangered lizards on Earth <br\/>(4). Indeed, at the time of its original description in 1940 the Cayman Island blue iguana was already considered <br\/>to be on the brink of extinction (5). Blue iguanas normally possess a blue-grey complexion when resting (6) but <br\/>are better known for the stunning azure blue they turn during the breeding season or when excited (4) (6). The Cayman <br\/>Island blue iguana is a relatively large iguana (7), with males larger than females (2). Previously listed as <br\/>the subspecies <i>Cyclura nubila lewisi<\/i>, this iguana has recently been recognized as a full species, <i>Cyclura <br\/>lewisi<\/i> (1). "},"flathierarchy":null,"preferredCommonNames":{"vernacularName":"Grand Cayman Blue Iguana","language":"en","eol_preferred":true},"commonNames":[{"vernacularName":"Grand Cayman Blue Iguana","language":"en","eol_preferred":true},{"vernacularName":"Cayman Island blue iguana","language":"en"},{"vernacularName":"Cayman island ground iguana","language":"en"},{"vernacularName":"Grand Cayman ground iguana","language":"en"},{"vernacularName":"Grand Cayman iguana","language":"en"},{"vernacularName":"Grand Cayman rock iguana","language":"en"}],"image":{"objectId":"b79697976027b2b61ac3a6218ff09936","identifier":"b79697976027b2b61ac3a6218ff09936","title":"Blue in the Face","licence":"http:\/\/creativecommons.org\/licenses\/by-sa\/2.0\/","rights":null,"credits":"<a href='http:\/\/www.flickr.com\/photos\/98528214@N00'>Matt Reinbold<\/a>&copy; ","description":null,"mimeType":"jpg","fileName":"b79697976027b2b61ac3a6218ff09936.jpg","URL":"http:\/\/media.eol.org\/content\/2011\/12\/07\/01\/69305_orig.jpg"},"iucnStatus":""},"48135337":{"collectionid":26517,"pageid":795711,"taxonConceptId":48135337,"taxonName":"Aspideretes nigricans","textDesc":{"objectId":"22f47fb88dee22b9c8770473c778f60b","identifier":"22f47fb88dee22b9c8770473c778f60b","title":"Range Description","licence":"http:\/\/creativecommons.org\/licenses\/by-nc-sa\/3.0\/","rights":"\u00a9 International Union for Conservation of Nature and Natural Resources","credits":"&copy; International Union for Conservation of Nature and Natural Resources","description":"This species is only known to exist in an artificial pond (Baizid Bostami shrine) near Chittagong, Bangladesh. <br\/>In 1912, its distribution was given as in between the Brahmaputra river system and the Arakan streams, but this <br\/>may have been an incorrect assumption based on the distributions of <em>A. gangenticus, A. leithi,<\/em> and <br\/><em>A. hurum<\/em> (Asmat, pers. comm). "},"flathierarchy":null,"preferredCommonNames":{"vernacularName":"Black Softshell","language":"en","eol_preferred":true},"commonNames":[{"vernacularName":"Tempel-Weichschildkr\u00f6te","language":"de","eol_preferred":true},{"vernacularName":"Dunkle Weichschildkrote","language":"de"},{"vernacularName":"Dunkle Weichschildkr\u00f6te","language":"de"},{"vernacularName":"Black Softshell","language":"en","eol_preferred":true},{"vernacularName":"Black Soft-shelled Turtle","language":"en"},{"vernacularName":"Black Soft-shelled Turtle, Bostami Turtle","language":"en"},{"vernacularName":"Black soft-shell turtle","language":"en"},{"vernacularName":"black softshell turtle","language":"en"}],"image":"","iucnStatus":""},"48143797":{"collectionid":26517,"pageid":790700,"taxonConceptId":48143797,"taxonName":"Xenosaurus platyceps","textDesc":{"objectId":"21497b6dbe8e0f81bab582621589c798","identifier":"21497b6dbe8e0f81bab582621589c798","title":"Range Description","licence":"http:\/\/creativecommons.org\/licenses\/by-nc-sa\/3.0\/","rights":"\u00a9 International Union for Conservation of Nature and Natural Resources","credits":"&copy; International Union for Conservation of Nature and Natural Resources","description":"This species is endemic to the Sierra Madre Oriental of Mexico, where it is restricted to extreme southeastern <br\/>Tamaulipas. It is thought to occur between 1,300 and 1,400 m asl. "},"flathierarchy":null,"preferredCommonNames":{"vernacularName":"Flathead Knob-scaled Lizard","language":"en","eol_preferred":true},"commonNames":[{"vernacularName":"Flathead Knob-scaled Lizard","language":"en","eol_preferred":true},{"vernacularName":"Escorpi\u00f3n","language":"es","eol_preferred":true},{"vernacularName":"Xenosaurio cabeza plana","language":"es"}],"image":"","iucnStatus":""},"48144406":{"collectionid":26517,"pageid":790174,"taxonConceptId":48144406,"taxonName":"Varanus olivaceus","textDesc":{"objectId":"70595e385a9047468a6dbf6a45800ea2","identifier":"70595e385a9047468a6dbf6a45800ea2","title":"Etymology","licence":"http:\/\/creativecommons.org\/licenses\/by\/3.0\/","rights":null,"credits":"&copy; Siler, Cameron","description":"<p>The specific epithet is likely derived from the olive-green ground color often exhibited by this species.<\/p> <br\/>"},"flathierarchy":null,"preferredCommonNames":{"vernacularName":"Ornate monitor","language":"en","eol_preferred":true},"commonNames":[{"vernacularName":"Butaan","language":"de","eol_preferred":true},{"vernacularName":"Ornate monitor","language":"en","eol_preferred":true},{"vernacularName":"Butaan","language":"en"},{"vernacularName":"Gray's Monitor","language":"en"},{"vernacularName":"Gray's monitor lizard","language":"en"},{"vernacularName":"Gray\u2019s Monitor Lizard","language":"en"},{"vernacularName":"Varan de gray","language":"fr","eol_preferred":true}],"image":{"objectId":"56bd18df93b724fbe9b9578911779c12","identifier":"56bd18df93b724fbe9b9578911779c12","title":"Varanus olivaceus","licence":"http:\/\/creativecommons.org\/licenses\/by-nc-sa\/3.0\/","rights":null,"credits":"Welton, Luke&copy; ","description":null,"mimeType":"jpg","fileName":"56bd18df93b724fbe9b9578911779c12.jpg","URL":"http:\/\/media.eol.org\/content\/2011\/12\/29\/19\/82890_orig.jpg"},"iucnStatus":""},"48144401":{"collectionid":26517,"pageid":790179,"taxonConceptId":48144401,"taxonName":"Varanus komodoensis","textDesc":{"objectId":"220f5539064794cacc331e9b8a6e0fcc","identifier":"220f5539064794cacc331e9b8a6e0fcc","title":"Description","licence":"http:\/\/creativecommons.org\/licenses\/by-nc-sa\/3.0\/","rights":"Copyright Wildscreen 2003-2008","credits":"&copy; Wildscreen","description":"The Komodo dragons are the largest lizards in the world (4), and with their ancient appearance and evocative name <br\/>they conjure up the stuff of legends. The heavy-set body is long with stocky legs and a long muscular tail; the scaly <br\/>skin is greyish-brown all over (4). Dragons from the island of Flores however, are earthen-red in colour with <br\/>a yellow head (2). Juveniles have a more striking pattern with very variable combinations of bands and speckling <br\/>in yellow, green, grey and brown (4). Komodos have a well-developed sense of smell and their long, forked yellow <br\/>tongue resembles the mythical, fire-breathing dragons of their name. "},"flathierarchy":null,"preferredCommonNames":{"vernacularName":"komodo dragon","language":"en","eol_preferred":true},"commonNames":[{"vernacularName":"Komodowaran","language":"de","eol_preferred":true},{"vernacularName":"komodo dragon","language":"en","eol_preferred":true},{"vernacularName":"Komodo Island monitor","language":"en"},{"vernacularName":"Komodo monitor","language":"en"},{"vernacularName":"Ora","language":"en"},{"vernacularName":"Varano de komodo","language":"es","eol_preferred":true},{"vernacularName":"Varan de komodo","language":"fr","eol_preferred":true},{"vernacularName":"Dragon des komodos","language":"fr"},{"vernacularName":"Komodo varaan","language":"nl","eol_preferred":true}],"image":{"objectId":"f85fd851184ac0e4540e51236db88fa5","identifier":"f85fd851184ac0e4540e51236db88fa5","title":"f85fd851184ac0e4540e51236db88fa5","licence":"http:\/\/creativecommons.org\/licenses\/by-nc-sa\/3.0\/","rights":"To support the Manzanita Project, please notify Manzanita@calacademy.org of any use of this image under the Creative Common License. High res images are also available upon request.","credits":"<a href='http:\/\/calphotos.berkeley.edu\/cgi\/photographer_query?where-name_full=Gerald+and+Buff+Corsi&one=T'>Gerald and Buff Corsi<\/a>&copy; 2001 California Academy of Sciences","description":null,"mimeType":"jpg","fileName":"f85fd851184ac0e4540e51236db88fa5.jpg","URL":"http:\/\/media.eol.org\/content\/2011\/08\/04\/18\/92900_orig.jpg"},"iucnStatus":""},"48143929":{"collectionid":26517,"pageid":462108,"taxonConceptId":48143929,"taxonName":"Vipera albizona","textDesc":{"objectId":"6296626e63f91636a7178b2de8316643","identifier":"6296626e63f91636a7178b2de8316643","title":"Range Description","licence":"http:\/\/creativecommons.org\/licenses\/by-nc-sa\/3.0\/","rights":"\u00a9 International Union for Conservation of Nature and Natural Resources","credits":"&copy; International Union for Conservation of Nature and Natural Resources","description":"This species is known from between Kulma\u00e7 Daglari and Yama Dagi, province of Sivas and from another location <br\/>about 250 km south in Kahramanmaras, all in Turkey (G\u00f6\u00e7men in press). It is possibly present in between these <br\/>two locations. It has been recorded from 1,500 to 1,800m asl. "},"flathierarchy":null,"preferredCommonNames":{"vernacularName":"Mountain Viper","language":"en","eol_preferred":true},"commonNames":[{"vernacularName":"Mountain Viper","language":"en","eol_preferred":true}],"image":"","iucnStatus":""},"48135450":{"collectionid":26517,"pageid":794300,"taxonConceptId":48135450,"taxonName":"Geochelone nigra","textDesc":{"objectId":"68f6b0b871c113ba765e120fde741bdb","identifier":"68f6b0b871c113ba765e120fde741bdb","title":"Geographic Range","licence":"http:\/\/creativecommons.org\/licenses\/by-nc-sa\/3.0\/","rights":"\u00a91995-2012, The Regents of the University of Michigan and its licensors","credits":"&copy; The Regents of the University of Michigan and its licensors","description":"<p>The bulk of the animals live in the center of the Galapagos archipelego; of the living subspecies, six can be <br\/>found on Albermale, and six on each of the islands of James, Indefatigable, Duncan, Hood, Chatham, and Abingdon.<\/p><p><strong>Biogeographic <br\/>Regions: <\/strong> oceanic islands  (Native )<\/p> "},"flathierarchy":null,"preferredCommonNames":{"vernacularName":"Galapagos giant tortoise","language":"en","eol_preferred":true},"commonNames":[{"vernacularName":"Elefantenchildkr\u00f6te; Galapagos-Riesenschildkr\u00f6te","language":"de","eol_preferred":true},{"vernacularName":"Elefantenchildkrote; Galapagos-Riesenschildkrote","language":"de"},{"vernacularName":"Galapagos-Riesenschildkr\u00f6te","language":"de"},{"vernacularName":"Lonesome George","language":"de"},{"vernacularName":"Galapagos giant tortoise","language":"en","eol_preferred":true},{"vernacularName":"Abingdon Island Giant Tortoise","language":"en"},{"vernacularName":"Abingdon island tortoise","language":"en"},{"vernacularName":"Cape Berkeley Giant Tortoise","language":"en"},{"vernacularName":"Cerro Azul Giant Tortoise","language":"en"},{"vernacularName":"Charles island tortoise","language":"en"},{"vernacularName":"Chatham island tortoise","language":"en"},{"vernacularName":"Duncan Island Giant Tortoise","language":"en"},{"vernacularName":"Duncan island tortoise","language":"en"},{"vernacularName":"Galapagos (giant) Tortoise","language":"en"},{"vernacularName":"Hood Island Giant Tortoise","language":"en"},{"vernacularName":"Hood island tortoise","language":"en"},{"vernacularName":"Iguana cove tortoise","language":"en"},{"vernacularName":"Indefatigable island tortoise","language":"en"},{"vernacularName":"James Island Giant Tortoise","language":"en"},{"vernacularName":"James island tortoise","language":"en"},{"vernacularName":"Nigra","language":"en"},{"vernacularName":"Sierra Negra Giant Tortoise","language":"en"},{"vernacularName":"Sierra negra tortoise","language":"en"},{"vernacularName":"Volcan Alcedo Giant Tortoise","language":"en"},{"vernacularName":"Volcan Darwin Giant Tortoise","language":"en"},{"vernacularName":"Volcan alcedo tortoise","language":"en"},{"vernacularName":"Volcan darwin tortoise","language":"en"},{"vernacularName":"Volcan wolf tortoise","language":"en"},{"vernacularName":"abingdonii: Abingdon Island Giant Tortoise","language":"en"},{"vernacularName":"becki: Cape Berkeley Giant Tortoise","language":"en"},{"vernacularName":"darwini James Island Giant Tortoise","language":"en"},{"vernacularName":"ephippium: Duncan Island Giant Tortoise","language":"en"},{"vernacularName":"galapagos tortoise","language":"en"},{"vernacularName":"guntheri: Sierra Negra Giant Tortoise","language":"en"},{"vernacularName":"hoodensis: Hood Island Giant Tortoise","language":"en"},{"vernacularName":"microphyes: Volcan Darwin Giant Tortoise","language":"en"},{"vernacularName":"nigra: Cerro Azul Giant Tortoise","language":"en"},{"vernacularName":"vandenburghi: Volcan Alcedo Giant Tortoise","language":"en"},{"vernacularName":"Geochelone nigra","language":"es","eol_preferred":true},{"vernacularName":"Tortuga gigante de las gal\u00e1pagos","language":"es"},{"vernacularName":"Tortue g\u00e9ante des galapagos","language":"fr","eol_preferred":true},{"vernacularName":"Tortue \u00e9l\u00e9phantine","language":"fr"},{"vernacularName":"\u0421\u043b\u043e\u043d\u043e\u0432\u0430\u044f \u0447\u0435\u0440\u0435\u043f\u0430\u0445\u0430","language":"ru","eol_preferred":true},{"vernacularName":"\u0427\u0435\u0440\u0435\u043f\u0430\u0445\u0430 \u0441\u043b\u043e\u043d\u043e\u0432\u0430\u044f","language":"ru"},{"vernacularName":"\u0433\u0438\u0433\u0430\u043d\u0442\u0441\u043a\u0430\u044f \u0433\u0430\u043b\u0430\u043f\u0430\u0433\u043e\u0441\u0441\u043a\u0430\u044f \u0447\u0435\u0440\u0435\u043f\u0430\u0445\u0430","language":"ru"}],"image":{"objectId":"2a81c37c8cb7be312f6ef93339c0a788","identifier":"2a81c37c8cb7be312f6ef93339c0a788","title":"2a81c37c8cb7be312f6ef93339c0a788","licence":"http:\/\/creativecommons.org\/licenses\/by-sa\/3.0\/","rights":null,"credits":"<a href='http:\/\/www.biolib.cz\/en\/person\/id1832\/'>Petr Baum<\/a>&copy; ","description":null,"mimeType":"jpg","fileName":"2a81c37c8cb7be312f6ef93339c0a788.jpg","URL":"http:\/\/media.eol.org\/content\/2009\/07\/24\/12\/86037_orig.jpg"},"iucnStatus":""},"48149215":{"collectionid":26517,"pageid":795275,"taxonConceptId":48149215,"taxonName":"Crocodylus siamensis","textDesc":{"objectId":"dcb6ff9d2743b6d25ce82ae953180c71","identifier":"dcb6ff9d2743b6d25ce82ae953180c71","title":"Biology","licence":"http:\/\/creativecommons.org\/licenses\/by-nc-sa\/3.0\/","rights":"Copyright Wildscreen 2003-2008","credits":"&copy; Wildscreen","description":"Adults feed mainly on fish but may also eat amphibians, reptiles and small mammals (2). Very little else is known <br\/>about the natural history of this species in the wild, but females do appear to build mound-nests constructed <br\/>from scraped-up plant debris mixed with mud (3). In captivity, these crocodiles breed during the wet season (April <br\/>to May), laying between 20 - 50 eggs which are then guarded until they hatch (4). After incubation, the female will <br\/>assist her young as they break out of their eggs and then carry the hatchlings to the water in her jaws (5). "},"flathierarchy":null,"preferredCommonNames":{"vernacularName":"Siamese crocodile","language":"en","eol_preferred":true},"commonNames":[{"vernacularName":"Siamkrokodil","language":"de","eol_preferred":true},{"vernacularName":"Siamese crocodile","language":"en","eol_preferred":true},{"vernacularName":"Siamese freshwater crocodile","language":"en"},{"vernacularName":"Crocodylus siamensis","language":"es","eol_preferred":true},{"vernacularName":"Cocodrilo de siam","language":"es"},{"vernacularName":"Crocodile du siam","language":"fr","eol_preferred":true},{"vernacularName":"\u041a\u0440\u043e\u043a\u043e\u0434\u0438\u043b \u0441\u0438\u0430\u043c\u0441\u043a\u0438\u0439","language":"ru","eol_preferred":true}],"image":{"objectId":"1e2ec54e05ca4bc35af10f4724b0d471","identifier":"1e2ec54e05ca4bc35af10f4724b0d471","title":"1e2ec54e05ca4bc35af10f4724b0d471","licence":"http:\/\/creativecommons.org\/licenses\/by-nc\/3.0\/","rights":null,"credits":"&copy; ","description":null,"mimeType":"jpg","fileName":"1e2ec54e05ca4bc35af10f4724b0d471.jpg","URL":"http:\/\/media.eol.org\/content\/2012\/05\/23\/10\/00634_orig.jpg"},"iucnStatus":""},"48149212":{"collectionid":26517,"pageid":795277,"taxonConceptId":48149212,"taxonName":"Crocodylus palustris","textDesc":{"objectId":"f4af51d811d06ee007bfdac9edd4ca68","identifier":"f4af51d811d06ee007bfdac9edd4ca68","title":"Biology","licence":"http:\/\/creativecommons.org\/licenses\/by-nc-sa\/3.0\/","rights":"Copyright Wildscreen 2003-2008","credits":"&copy; Wildscreen","description":"The mugger is a highly social species that communicates through visual and audible signals, has a dominance hierarchy <br\/>and exhibits territoriality. Males thrash their tails and lift their snouts to establish territories and gain <br\/>dominance before courtship and mating. One month after mating, between February and April, the female lays 10 <br\/>\u2013 48 eggs in a nest site that she returns to every year for much of her life. After 55 \u2013 75 days of incubation, the <br\/>eggs hatch and the hatchlings are carried to water by the female and sometimes even the male (5). The sex of the hatchlings <br\/>is determined by the temperature at which they incubate. Males result from eggs incubated at 32.5 \u00baC and females <br\/>result from eggs incubated either above or below 32.5 \u00baC (2). The juvenile muggers remain in the territory for <br\/>up to a year. They reach sexual maturity at six years (5).&nbsp;Muggers consume crustaceans, insects and small <br\/>fish when young, and move on to a diet of fish, frogs, crustaceans, birds, monkeys and squirrels in adulthood (2) <br\/>(5). "},"flathierarchy":null,"preferredCommonNames":{"vernacularName":"marsh crocodile","language":"en","eol_preferred":true},"commonNames":[{"vernacularName":"Sumpfkrokodil","language":"de","eol_preferred":true},{"vernacularName":"marsh crocodile","language":"en","eol_preferred":true},{"vernacularName":"Broad-snouted crocodile","language":"en"},{"vernacularName":"Indian Swamp Crocodile","language":"en"},{"vernacularName":"Mugger","language":"en"},{"vernacularName":"Mugger crocodile, Swamp crocodile","language":"en"},{"vernacularName":"muggar","language":"en"},{"vernacularName":"mugger crocodile","language":"en"},{"vernacularName":"swamp crocodile","language":"en"},{"vernacularName":"Crocodylus palustris","language":"es","eol_preferred":true},{"vernacularName":"Cocodrilo del marjal","language":"es"},{"vernacularName":"Cocodrilo marisme\u00f1o","language":"es"},{"vernacularName":"Crocodile palustre","language":"fr","eol_preferred":true},{"vernacularName":"Crocodile des marais","language":"fr"},{"vernacularName":"Crocodile palud\u00e9en","language":"fr"},{"vernacularName":"\u0438\u043d\u0434\u0438\u0439\u0441\u043a\u0438\u0439","language":"ru","eol_preferred":true},{"vernacularName":"\u041a\u0440\u043e\u043a\u043e\u0434\u0438\u043b \u0432\u043e\u0441\u0442\u043e\u0447\u043d\u044b\u0439","language":"ru"}],"image":{"objectId":"636b51ef139a8aec920cad0d50357508","identifier":"636b51ef139a8aec920cad0d50357508","title":"Mugger crocodile (Crocodylus palustris)","licence":"http:\/\/creativecommons.org\/licenses\/by\/2.0\/","rights":null,"credits":"<a href='http:\/\/www.flickr.com\/photos\/19731486@N07'>Brian Gratwicke<\/a>&copy; ","description":null,"mimeType":"jpg","fileName":"636b51ef139a8aec920cad0d50357508.jpg","URL":"http:\/\/media.eol.org\/content\/2011\/11\/02\/07\/06323_orig.jpg"},"iucnStatus":""},"48143780":{"collectionid":26517,"pageid":795590,"taxonConceptId":48143780,"taxonName":"Acrantophis madagascariensis","textDesc":{"objectId":"7b8db470950dcd3daa4cce33afb1887a","identifier":"7b8db470950dcd3daa4cce33afb1887a","title":"Biology","licence":"http:\/\/creativecommons.org\/licenses\/by-nc-sa\/3.0\/","rights":"Copyright Wildscreen 2003-2008","credits":"&copy; Wildscreen","description":"Boa constrictors kill their prey by coiling their body around the victim and suffocating it to death, before stretching <br\/>their jaw to swallow it whole. Boas use their forked tongues to trail their prey, collecting particles from the <br\/>air and passing them to the Jacobson's organ in their mouth, which can detect distinct chemical compounds. They <br\/>also possess heat sensory organs that allow them to hunt, or to detect danger, even in the dark. The diet in the wild <br\/>consists of birds, chickens, lizards, rats and a variety of other mammals (5).&nbsp;Boas breed shortly after <br\/>the rainy season (5) and, after a gestation period of four to six months, females give birth to 10 to 25 live young <br\/>of around 30 cm (2). "},"flathierarchy":null,"preferredCommonNames":{"vernacularName":"Madagascar ground boa","language":"en","eol_preferred":true},"commonNames":[{"vernacularName":"nordliche Madagaskarboa","language":"de","eol_preferred":true},{"vernacularName":"n\u00f6rdliche Madagaskarboa","language":"de"},{"vernacularName":"Madagascar ground boa","language":"en","eol_preferred":true},{"vernacularName":"Madagascar Boa","language":"en"},{"vernacularName":"Malagasy ground boa","language":"en"},{"vernacularName":"Boa de madagascar meridional","language":"es","eol_preferred":true},{"vernacularName":"Boa des savanes de madagascar","language":"fr","eol_preferred":true},{"vernacularName":"Boa de madagascar","language":"fr"}],"image":"","iucnStatus":""},"48143950":{"collectionid":26517,"pageid":289373,"taxonConceptId":48143950,"taxonName":"Vipera kaznakovi","textDesc":{"objectId":"f2b318c785a24ae0ff1bd82a080719f8","identifier":"f2b318c785a24ae0ff1bd82a080719f8","title":"Range Description","licence":"http:\/\/creativecommons.org\/licenses\/by-nc-sa\/3.0\/","rights":"\u00a9 International Union for Conservation of Nature and Natural Resources","credits":"&copy; International Union for Conservation of Nature and Natural Resources","description":"This species is endemic to the Caucasus. The distribution range is stretched along the Black Sea coast, covering <br\/>the forested foothills of the Caucasus up to 900m asl, from the settlement of Khopa in Turkey and Suramsky pass <br\/>in the east across Colchis up to Mikhailovsky pass in the west. From here the species ranges to the northern slope <br\/>of the Great Caucasus. Populations are found along the foothills up to the settlement Ubinskaya in the west, to <br\/>the town Maikop in the north and to the mouth of the Urushten River in the east. In general, the distribution is divided <br\/>into two parts, Ajaro-Lazistan (Turkey and Ajaria) and north-Colchis (western Georgia, Abkhazia and the Krasnodar <br\/>Territory of Russia). "},"flathierarchy":null,"preferredCommonNames":{"vernacularName":"Kaznakow's Viper","language":"en","eol_preferred":true},"commonNames":[{"vernacularName":"Kaukasusotter","language":"de","eol_preferred":true},{"vernacularName":"Kaznakow's Viper","language":"en","eol_preferred":true},{"vernacularName":"Caucasian (caucasus) viper","language":"en"},{"vernacularName":"Caucasian viper","language":"en"},{"vernacularName":"Caucasus Viper","language":"en"},{"vernacularName":"Vipere du caucase","language":"fr","eol_preferred":true}],"image":"","iucnStatus":""},"48143971":{"collectionid":26517,"pageid":790154,"taxonConceptId":48143971,"taxonName":"Vipera ursinii","textDesc":{"objectId":"7b4041c198fcf26079588773b139c7e9","identifier":"7b4041c198fcf26079588773b139c7e9","title":"Biology","licence":"http:\/\/creativecommons.org\/licenses\/by-nc-sa\/3.0\/","rights":"Copyright Wildscreen 2003-2008","credits":"&copy; Wildscreen","description":"The meadow viper feeds upon a variety of animal species, most commonly orthopterans (such as grasshoppers and <br\/>crickets), followed by rodents, lizards, birds, spiders and beetles. However, significant seasonal variations <br\/>in the diet exist, with invertebrates predominating only between July and September, and vertebrates playing <br\/>a more important role at other times of the year (9). One poisonous bite is usually enough to kill the prey (2).&nbsp;Mating <br\/>occurs from April to May and females give birth to four to eight (sometimes up to 12 or 15) live young from August <br\/>to September (2). Clutch size appears to be positively correlated with female body size (10). "},"flathierarchy":null,"preferredCommonNames":{"vernacularName":"Meadow viper","language":"en","eol_preferred":true},"commonNames":[{"vernacularName":"Wiesenotter","language":"de","eol_preferred":true},{"vernacularName":"Wiesenotter; rakosiensis: Ungarische Wiesenotter","language":"de"},{"vernacularName":"Meadow viper","language":"en","eol_preferred":true},{"vernacularName":"Meadow Viper, Orsinis Viper","language":"en"},{"vernacularName":"Orsini's Viper","language":"en"},{"vernacularName":"Orsinis viper","language":"en"},{"vernacularName":"Vip\u00e8re d'orsini","language":"fr","eol_preferred":true},{"vernacularName":"Vip\u00e8re des steppes","language":"fr"}],"image":{"objectId":"66f39f12a6279b007daa16b68165cc8c","identifier":"66f39f12a6279b007daa16b68165cc8c","title":"66f39f12a6279b007daa16b68165cc8c","licence":"http:\/\/creativecommons.org\/licenses\/publicdomain\/","rights":null,"credits":"<a href='http:\/\/calphotos.berkeley.edu\/cgi\/photographer_query?where-name_full=Barbod+Safaei&one=T'>Barbod Safaei<\/a>&copy; 2012 Barbod Safaei","description":null,"mimeType":"jpg","fileName":"66f39f12a6279b007daa16b68165cc8c.jpg","URL":"http:\/\/media.eol.org\/content\/2012\/06\/14\/15\/12355_orig.jpg"},"iucnStatus":""},"48135316":{"collectionid":26517,"pageid":455968,"taxonConceptId":48135316,"taxonName":"Eretmochelys imbricata","textDesc":{"objectId":"6460da290a382148acd0743ef04befcb","identifier":"6460da290a382148acd0743ef04befcb","title":"Description","licence":"http:\/\/creativecommons.org\/licenses\/by-nc-sa\/3.0\/","rights":"Copyright Wildscreen 2003-2008","credits":"&copy; Wildscreen","description":"This Critically Endangered marine turtle has been exploited for thousands of years as the sole source of commercial <br\/>tortoiseshell. The beautiful carapace is generally streaked and marbled with amber, yellow or brown and often <br\/>has a strongly serrated edge (5). Unlike other species, the scales (or scutes) of the carapace overlap. The narrow <br\/>head and strongly hooked beak give rise to this turtle's common name (6), while the imbricate nature of the (overlapping) <br\/>scutes give rise to the Latin species name of '<i>imbricata<\/i>' (7). "},"flathierarchy":null,"preferredCommonNames":{"vernacularName":"hawksbill sea turtle","language":"en","eol_preferred":true},"commonNames":[{"vernacularName":"\u0633\u0644\u062d\u0641\u0627\u0629 \u0628\u062d\u0631\u064a\u0629 \u0635\u0642\u0631\u064a\u0647","language":"ar","eol_preferred":true},{"vernacularName":"\u0411\u0438\u0441\u0430","language":"bg","eol_preferred":true},{"vernacularName":"bis\u0430","language":"bg"},{"vernacularName":"crwban m\u00f4r gwalchbig","language":"cy","eol_preferred":true},{"vernacularName":"Echte Karettschildkr\u00f6te","language":"de","eol_preferred":true},{"vernacularName":"Echte Karettschildkrote","language":"de"},{"vernacularName":"\u039a\u03b5\u03c1\u03b1\u03bc\u03bf\u03c7\u03b5\u03bb\u03ce\u03bd\u03b1","language":"el","eol_preferred":true},{"vernacularName":"hawksbill sea turtle","language":"en","eol_preferred":true},{"vernacularName":"Atlantic Hawksbill Sea Turtle","language":"en"},{"vernacularName":"Hawksbill Turtle","language":"en"},{"vernacularName":"bissa: Pacific Hawksbill","language":"en"},{"vernacularName":"carey","language":"en"},{"vernacularName":"hawksbill","language":"en"},{"vernacularName":"imbricata: Atlantic Hawksbill","language":"en"},{"vernacularName":"Tortuga de carey","language":"es","eol_preferred":true},{"vernacularName":"Eretmochelys imbricata","language":"es"},{"vernacularName":"Tortuga carey","language":"es"},{"vernacularName":"Tortuga-marina de carey","language":"es"},{"vernacularName":"Tortue caret","language":"fr","eol_preferred":true},{"vernacularName":"Caret","language":"fr"},{"vernacularName":"Tortue imbriqu\u00e9e","language":"fr"},{"vernacularName":"Tortue \u00e0 bec faucon","language":"fr"},{"vernacularName":"Tortue \u00e0 \u00e9cailles","language":"fr"},{"vernacularName":"Tartaruga embricata","language":"it","eol_preferred":true},{"vernacularName":"\u30bf\u30a4\u30de\u30a4","language":"ja","eol_preferred":true},{"vernacularName":"Bisa","language":"lt","eol_preferred":true},{"vernacularName":"Karetschildpad","language":"nl","eol_preferred":true},{"vernacularName":"\u017c\u00f3\u0142w szylkretowy","language":"pl","eol_preferred":true},{"vernacularName":"\u0431\u0438\u0441\u0441\u0430","language":"ru","eol_preferred":true},{"vernacularName":"\u0411\u0438\u0441\u0441\u0430","language":"ru"},{"vernacularName":"\u043d\u0430\u0441\u0442\u043e\u044f\u0449\u0430\u044f \u043a\u0430\u0440\u0435\u0442\u0442\u0430","language":"ru"},{"vernacularName":"prava kareta","language":"sl","eol_preferred":true},{"vernacularName":"\u015eahin gagal\u0131 kaplumba\u011fa","language":"tr","eol_preferred":true},{"vernacularName":"\u041a\u0430\u0440\u0435\u0442\u0430 \u0441\u043f\u0440\u0430\u0432\u0436\u043d\u044f","language":"uk","eol_preferred":true},{"vernacularName":"\u0411\u0456\u0441\u0430","language":"uk"},{"vernacularName":"\u0411\u0456\u0441\u0441\u0430","language":"uk"},{"vernacularName":"\u0441\u043f\u0440\u0430\u0432\u0436\u043d\u044f \u043a\u0430\u0440\u0435\u0442\u0442\u0430","language":"uk"}],"image":{"objectId":"204c329af1819e302ede38a2ce33dea8","identifier":"204c329af1819e302ede38a2ce33dea8","title":"Hawksbill Sea Turtle\/ Carey de Concha","licence":"http:\/\/creativecommons.org\/licenses\/by\/2.0\/","rights":null,"credits":"<a href='http:\/\/www.flickr.com\/photos\/41464593@N02'>U.S. Fish and Wildlife Service Southeast Region<\/a>&copy; ","description":null,"mimeType":"jpg","fileName":"204c329af1819e302ede38a2ce33dea8.jpg","URL":"http:\/\/media.eol.org\/content\/2012\/03\/21\/00\/29563_orig.jpg"},"iucnStatus":""},"48135304":{"collectionid":26517,"pageid":454546,"taxonConceptId":48135304,"taxonName":"Chelonia mydas","textDesc":{"objectId":"afedd4e221f04334fd9383287c0c23aa","identifier":"afedd4e221f04334fd9383287c0c23aa","title":"Biology","licence":"http:\/\/creativecommons.org\/licenses\/by-nc-sa\/3.0\/","rights":"Copyright Wildscreen 2003-2008","credits":"&copy; Wildscreen","description":"Green turtles are long-lived and may take up to 59 years to reach sexual maturity (6) Undertaking tremendous feats <br\/>of navigation, adults return to the same beach to breed each season, part of the population in Brazil astonishingly <br\/>migrates around 2,250 kilometres across the open ocean to breed on the Ascension Islands (12). Mating tends to <br\/>occur just offshore of the nesting beaches; using a curved claw on each front flipper and a flat nail at the end of <br\/>the tail, males are able to grip their mates (2). Females haul out onto the beach at night and dig large nests with <br\/>their back flippers beyond the high tide mark, they typically lay between 100 and 150 eggs in one nest and then proceed <br\/>to cover the eggs with sand; the whole process takes around two hours (6). A single female returns to breed only <br\/>once every two to five years but will lay up to nine nests in that one season (2). Incubation takes between 45 and <br\/>70 days, and temperature has been shown to determine of the sex of hatchlings; with females being produced at warmer <br\/>temperatures (6). Breaking open their eggs with a special hooked 'egg tooth' that will subsequently be lost; <br\/>hatchlings use their powerful front flippers to reach the surface, and then proceed to the sea (7).  The soft-bodied <br\/>juveniles are particularly vulnerable at this time from a variety of predators, such as ghost crabs and gulls <br\/>on the beach to sharks and dolphins in the water (7).&nbsp;Unlike other marine turtles, adult green turtles are <br\/>almost exclusively herbivorous, grazing on seagrasses and algae (8); it is assumed that juveniles are more omnivorous <br\/>although the exact composition of their diet is unknown (6) "},"flathierarchy":null,"preferredCommonNames":{"vernacularName":"Green Turtle","language":"en","eol_preferred":true},"commonNames":[{"vernacularName":"green seaturtle","language":"","eol_preferred":true},{"vernacularName":"greenturtle","language":""},{"vernacularName":"\u0633\u0644\u062d\u0641\u0627\u0629 \u0628\u062d\u0631\u064a\u0629 \u062e\u0636\u0631\u0627\u0621","language":"ar","eol_preferred":true},{"vernacularName":"\u0417\u0435\u043b\u0435\u043d\u0430 \u043c\u043e\u0440\u0441\u043a\u0430 \u043a\u043e\u0441\u0442\u0435\u043d\u0443\u0440\u043a\u0430","language":"bg","eol_preferred":true},{"vernacularName":"zelen\u0430 morsk\u0430 kostenurk\u0430","language":"bg"},{"vernacularName":"crwban m\u00f4r gwyrdd","language":"cy","eol_preferred":true},{"vernacularName":"Suppenschildkr\u00f6te","language":"de","eol_preferred":true},{"vernacularName":"Suppenschildkrote","language":"de"},{"vernacularName":"\u03a0\u03c1\u03ac\u03c3\u03b9\u03bd\u03b7 \u03b8\u03b1\u03bb\u03b1\u03c3\u03c3\u03bf\u03c7\u03b5\u03bb\u03ce\u03bd\u03b1","language":"el","eol_preferred":true},{"vernacularName":"Green Turtle","language":"en","eol_preferred":true},{"vernacularName":"Common Green Turtle","language":"en"},{"vernacularName":"Eastern Pacific green turtle","language":"en"},{"vernacularName":"common green sea turtle","language":"en"},{"vernacularName":"green sea turtle","language":"en"},{"vernacularName":"Tortuga verde","language":"es","eol_preferred":true},{"vernacularName":"Tortuga blanca","language":"es"},{"vernacularName":"Tortuga prieta","language":"es"},{"vernacularName":"Tortuga-marina verde-del Atl\u00e1ntico","language":"es"},{"vernacularName":"Tortue verte du Pacifique est","language":"fr","eol_preferred":true},{"vernacularName":"Tortue comestible","language":"fr"},{"vernacularName":"Tortue franche","language":"fr"},{"vernacularName":"Tortue verte","language":"fr"},{"vernacularName":"\u05e6\u05d1-\u05d9\u05dd \u05d9\u05e8\u05d5\u05e7","language":"he","eol_preferred":true},{"vernacularName":"Tartaruga verde","language":"it","eol_preferred":true},{"vernacularName":"\u30a2\u30aa\u30a6\u30df\u30ac\u30e1","language":"ja","eol_preferred":true},{"vernacularName":"\u017daliasis v\u0117\u017elys","language":"lt","eol_preferred":true},{"vernacularName":"groene zeeschildpad","language":"nl","eol_preferred":true},{"vernacularName":"soepschildpad","language":"nl"},{"vernacularName":"\u017c\u00f3\u0142w zielony","language":"pl","eol_preferred":true},{"vernacularName":"\u017c\u00f3\u0142w jadalny","language":"pl"},{"vernacularName":"\u0417\u0435\u043b\u0451\u043d\u0430\u044f \u0447\u0435\u0440\u0435\u043f\u0430\u0445\u0430","language":"ru","eol_preferred":true},{"vernacularName":"\u0427\u0435\u0440\u0435\u043f\u0430\u0445\u0430 \u0437\u0435\u043b\u0435\u043d\u0430\u044f \u043c\u043e\u0440\u0441\u043a\u0430\u044f","language":"ru"},{"vernacularName":"Orja\u0161ka \u010drepaha","language":"sl","eol_preferred":true},{"vernacularName":"breshka e gjelb\u00ebrt e detit","language":"sq","eol_preferred":true},{"vernacularName":"Ye\u015fil kaplumba\u011fa","language":"tr","eol_preferred":true},{"vernacularName":"Yesil kaplumbaga","language":"tr"},{"vernacularName":"ye\u015fil deniz kaplumba\u011fas\u0131","language":"tr"},{"vernacularName":"\u0427\u0435\u0440\u0435\u043f\u0430\u0445\u0430 \u043c\u043e\u0440\u0441\u044c\u043a\u0430 \u0437\u0435\u043b\u0435\u043d\u0430","language":"uk","eol_preferred":true},{"vernacularName":"\u0417\u0435\u043b\u0435\u043d\u0430 \u0447\u0435\u0440\u0435\u043f\u0430\u0445\u0430","language":"uk"}],"image":{"objectId":"1d76517f01a6b6479d04b526104d122f","identifier":"1d76517f01a6b6479d04b526104d122f","title":"File:Green turtle John Pennekamp.jpg","licence":"http:\/\/creativecommons.org\/licenses\/by-sa\/3.0\/","rights":null,"credits":"<a href='http:\/\/commons.wikimedia.org\/wiki\/User:Dschwen'>Daniel Schwen<\/a>&copy; ","description":null,"mimeType":"jpg","fileName":"1d76517f01a6b6479d04b526104d122f.jpg","URL":"http:\/\/media.eol.org\/content\/2012\/06\/14\/18\/60815_orig.jpg"},"iucnStatus":""},"48135312":{"collectionid":26517,"pageid":1056566,"taxonConceptId":48135312,"taxonName":"Caretta caretta","textDesc":{"objectId":"4f6a35cd512c1ac294ead957ee5f217f","identifier":"4f6a35cd512c1ac294ead957ee5f217f","title":"Biology","licence":"http:\/\/creativecommons.org\/licenses\/by-nc-sa\/3.0\/","rights":"Copyright Wildscreen 2003-2008","credits":"&copy; Wildscreen","description":"Adults are primarily carnivorous, using their powerful jaws to crack open crustaceans such as crabs and even <br\/>seemingly impenetrable molluscs such as the queen conch (<i>Strombus gigas<\/i>) and giant clam (<i>Tridacna<\/i> <br\/>spp.) (7). Loggerheads may reach sexual maturity at around 35 years old, and females appear to nest an average <br\/>of three to five times in one breeding season, returning to breed every couple of years (8).  Nesting occurs at night <br\/>throughout the summer; females drag themselves out onto beaches beyond the high-tide mark and dig nests (around <br\/>40 centimetres deep) into which around 100 eggs are laid (2). Hatchlings and small juveniles appear to spend some <br\/>time in pelagic environments, often drifting amongst rafts of sargassum (brown algae) and\/or flotsam in the <br\/>open ocean before migrating to benthic habitats in shallower, coastal waters (6). "},"flathierarchy":null,"preferredCommonNames":{"vernacularName":"loggerhead sea turtle","language":"en","eol_preferred":true},"commonNames":[{"vernacularName":"red sea turtle","language":"","eol_preferred":true},{"vernacularName":"\u062a\u0631\u0633\u0629","language":"ar","eol_preferred":true},{"vernacularName":"\u041a\u0430\u0440\u0435\u0442\u0430","language":"bg","eol_preferred":true},{"vernacularName":"k\u0430ret\u0430","language":"bg"},{"vernacularName":"crwban m\u00f4r pendew","language":"cy","eol_preferred":true},{"vernacularName":"U\u00e6gte karette","language":"da","eol_preferred":true},{"vernacularName":"Unechte Karettschildkr\u00f6te","language":"de","eol_preferred":true},{"vernacularName":"Unechte Karettschildkrote","language":"de"},{"vernacularName":"\u039a\u03b1\u03c1\u03ad\u03c4\u03c4\u03b1","language":"el","eol_preferred":true},{"vernacularName":"loggerhead sea turtle","language":"en","eol_preferred":true},{"vernacularName":"Loggerhead Turtle","language":"en"},{"vernacularName":"logerhead sea turtle","language":"en"},{"vernacularName":"loggerhead","language":"en"},{"vernacularName":"Tortuga boba","language":"es","eol_preferred":true},{"vernacularName":"Cayuma","language":"es"},{"vernacularName":"Tortuga-marina caguama","language":"es"},{"vernacularName":"Tortue caouanne","language":"fr","eol_preferred":true},{"vernacularName":"Caouanne","language":"fr"},{"vernacularName":"\u05e6\u05d1-\u05d9\u05dd \u05d7\u05d5\u05dd","language":"he","eol_preferred":true},{"vernacularName":"Tartaruga marina","language":"it","eol_preferred":true},{"vernacularName":"Tartaruga caretta","language":"it"},{"vernacularName":"Tartaruga comune","language":"it"},{"vernacularName":"\u30a2\u30ab\u30a6\u30df\u30ac\u30e1","language":"ja","eol_preferred":true},{"vernacularName":"kareta","language":"lt","eol_preferred":true},{"vernacularName":"glattkarett","language":"nb","eol_preferred":true},{"vernacularName":"Dikkopschildpad","language":"nl","eol_preferred":true},{"vernacularName":"onechte karetschildpad","language":"nl"},{"vernacularName":"glattkarett","language":"nn","eol_preferred":true},{"vernacularName":"glattkarett","language":"no","eol_preferred":true},{"vernacularName":"karetta","language":"pl","eol_preferred":true},{"vernacularName":"\u043b\u043e\u0433\u0433\u0435\u0440\u0445\u0435\u0434","language":"ru","eol_preferred":true},{"vernacularName":"\u0427\u0435\u0440\u0435\u043f\u0430\u0445\u0430 \u0430\u0442\u043b\u0430\u043d\u0442\u0438\u0447\u0435\u0441\u043a\u0430\u044f \u0431\u043e\u043b\u044c\u0448\u0435\u0433\u043e\u043b\u043e\u0432\u0430\u044f \u043c\u043e\u0440\u0441\u043a\u0430\u044f","language":"ru"},{"vernacularName":"Glavata kareta","language":"sl","eol_preferred":true},{"vernacularName":"breshka e detit","language":"sq","eol_preferred":true},{"vernacularName":"iriba\u015fl\u0131 deniz kaplumba\u011fas\u0131","language":"tr","eol_preferred":true},{"vernacularName":"Deniz kaplumbagasi","language":"tr"},{"vernacularName":"Iribasli deniz kamlumbagasi","language":"tr"},{"vernacularName":"deniz kaplumba\u011fas\u0131","language":"tr"},{"vernacularName":"\u043c\u043e\u0440\u0441\u044c\u043a\u0430 \u0447\u0435\u0440\u0435\u043f\u0430\u0445\u0430 \u043b\u043e\u0433\u0433\u0435\u0440\u0445\u0435\u0434","language":"uk","eol_preferred":true},{"vernacularName":"\u0414\u043e\u0432\u0433\u043e\u0433\u043e\u043b\u043e\u0432\u0430 \u043c\u043e\u0440\u0441\u044c\u043a\u0430 \u0447\u0435\u0440\u0435\u043f\u0430\u0445\u0430","language":"uk"}],"image":{"objectId":"39479a72fc14a76cde6a293868b9e071","identifier":"39479a72fc14a76cde6a293868b9e071","title":"File:Caretta caretta01.jpg","licence":"http:\/\/creativecommons.org\/licenses\/publicdomain\/","rights":null,"credits":"&copy; ","description":null,"mimeType":"jpg","fileName":"39479a72fc14a76cde6a293868b9e071.jpg","URL":"http:\/\/media.eol.org\/content\/2012\/06\/14\/18\/97087_orig.jpg"},"iucnStatus":""},"48135321":{"collectionid":26517,"pageid":1056176,"taxonConceptId":48135321,"taxonName":"Lepidochelys kempii","textDesc":{"objectId":"3dcb2782d98abe74e629d24426b68b92","identifier":"3dcb2782d98abe74e629d24426b68b92","title":"Description","licence":"http:\/\/creativecommons.org\/licenses\/by-nc-sa\/3.0\/","rights":"Copyright Wildscreen 2003-2008","credits":"&copy; Wildscreen","description":"Kemp's ridley turtle is the most severely endangered marine turtle in the world; in the 1980s only a few hundred <br\/>females were observed nesting, although the population is now showing signs of recovery (3). It is also one of <br\/>the smallest turtles, with adults weighing less than 45 kilograms (4). Kemp's ridley turtle differs from the <br\/>olive ridley by its parrot-like beak and flatter, almost completely round carapace (3). Hatchlings are grey-black <br\/>all over, whilst adults have a lighter grey-olive carapace and are creamy-white underneath (4). "},"flathierarchy":null,"preferredCommonNames":{"vernacularName":"Atlantic Ridley, Kemp\u0092s Ridley Seaturtle","language":"en","eol_preferred":true},"commonNames":[{"vernacularName":"crwban m\u00f4r pendew Kemp","language":"cy","eol_preferred":true},{"vernacularName":"Kemps ridley","language":"da","eol_preferred":true},{"vernacularName":"Atlantik-Bastardschildkr\u00f6te","language":"de","eol_preferred":true},{"vernacularName":"Atlantik-Bastardschildkrote","language":"de"},{"vernacularName":"Kemps Schildkr\u00f6te","language":"de"},{"vernacularName":"\u0398\u03b1\u03bb\u03b1\u03c3\u03c3\u03bf\u03c7\u03b5\u03bb\u03ce\u03bda \u03c4\u03bf\u03c5 Kemp","language":"el","eol_preferred":true},{"vernacularName":"Atlantic Ridley, Kemp\u0092s Ridley Seaturtle","language":"en","eol_preferred":true},{"vernacularName":"Atlantic Ridley, Kemp\u2019s Ridley Seaturtle","language":"en"},{"vernacularName":"Atlantic ridley sea turtle","language":"en"},{"vernacularName":"Gulf ridley","language":"en"},{"vernacularName":"Kemp's Ridely","language":"en"},{"vernacularName":"Kemp's Ridley Turtle","language":"en"},{"vernacularName":"Kemp's ridley","language":"en"},{"vernacularName":"Kemp's ridley sea turtle","language":"en"},{"vernacularName":"Mexican ridley","language":"en"},{"vernacularName":"atlantic ridley","language":"en"},{"vernacularName":"Tortuga golfina","language":"es","eol_preferred":true},{"vernacularName":"Cotorra","language":"es"},{"vernacularName":"Tortuga iora","language":"es"},{"vernacularName":"Tortuga marina bastarda","language":"es"},{"vernacularName":"Tortue de kemp","language":"fr","eol_preferred":true},{"vernacularName":"L\u00e9pidochelyde de kemp","language":"fr"},{"vernacularName":"Ridley de kemp","language":"fr"},{"vernacularName":"Tartaruga di Kemp","language":"it","eol_preferred":true},{"vernacularName":"Tartaruga bastarda","language":"it"},{"vernacularName":"Atlanto ridl\u0117ja","language":"lt","eol_preferred":true},{"vernacularName":"atlantin\u0117 ridl\u0117ja","language":"lt"},{"vernacularName":"Kemp's zeeschildpad","language":"nl","eol_preferred":true},{"vernacularName":"Kemps schildpad","language":"nl"},{"vernacularName":"\u043c\u043e\u0440\u0441\u043a\u0430\u044f \u0447\u0435\u0440\u0435\u043f\u0430\u0445\u0430 \u043a\u0435\u043c\u043f\u0430","language":"ru","eol_preferred":true},{"vernacularName":"atlantska morska \u017eelva","language":"sl","eol_preferred":true},{"vernacularName":"orta Amerika nehir kaplumba\u011fas\u0131","language":"tr","eol_preferred":true},{"vernacularName":"\u0427\u0435\u0440\u0435\u043f\u0430\u0445\u0430 \u0430\u0442\u043b\u0430\u043d\u0442\u0438\u0447\u043d\u0430 \u0420\u0438\u0434\u043b\u0435\u044f","language":"uk","eol_preferred":true},{"vernacularName":"\u0410\u0442\u043b\u0430\u043d\u0442\u0438\u0447\u043d\u0430 \u0447\u0435\u0440\u0435\u043f\u0430\u0445\u0430 \u0420\u0456\u0434\u043b\u0456","language":"uk"}],"image":{"objectId":"6e312b88d1b25f40198a6992778614e9","identifier":"6e312b88d1b25f40198a6992778614e9","title":"Ross_20100511_5997","licence":"http:\/\/creativecommons.org\/licenses\/by-sa\/2.0\/","rights":null,"credits":"<a href='http:\/\/www.flickr.com\/photos\/78272611@N00'>Terry Ross<\/a>&copy; ","description":null,"mimeType":"jpg","fileName":"6e312b88d1b25f40198a6992778614e9.jpg","URL":"http:\/\/media.eol.org\/content\/2011\/11\/02\/01\/34612_orig.jpg"},"iucnStatus":""},"48135322":{"collectionid":26517,"pageid":1056177,"taxonConceptId":48135322,"taxonName":"Lepidochelys olivacea","textDesc":{"objectId":"2335739a16fbaac8dd0ed528fa3c5dfa","identifier":"2335739a16fbaac8dd0ed528fa3c5dfa","title":"Description","licence":"http:\/\/creativecommons.org\/licenses\/by-nc-sa\/3.0\/","rights":"Copyright Wildscreen 2003-2008","credits":"&copy; Wildscreen","description":"The olive ridley turtle is the smallest of the marine turtles (2). The carapace of this turtle is olive coloured <br\/>and relatively heart-shaped, whilst the undersurface is a greenish white (6). It can be distinguished from the <br\/>closely related Kemp's ridley turtle (<i>Lepidochelys kempii<\/i>) by the possession of more than five bony <br\/>plates, or scutes, running the length of the carapace; Kemp's ridley has only five (6). "},"flathierarchy":null,"preferredCommonNames":{"vernacularName":"Olive Ridley Turtle","language":"en","eol_preferred":true},"commonNames":[{"vernacularName":"\u0633\u0644\u062d\u0641\u0627\u0629 \u0628\u062d\u0631\u064a\u0629 \u0632\u064a\u062a\u0648\u0646\u064a\u0629","language":"ar","eol_preferred":true},{"vernacularName":"Oliv-Bastardschildkr\u00f6te","language":"de","eol_preferred":true},{"vernacularName":"Olive Ridley Turtle","language":"en","eol_preferred":true},{"vernacularName":"Olive Ridely","language":"en"},{"vernacularName":"Pacific Ridley; Olive Ridley Sea Turtle","language":"en"},{"vernacularName":"Pacific ridley","language":"en"},{"vernacularName":"Pacific ridley sea turtle","language":"en"},{"vernacularName":"Pacific ridley turtle","language":"en"},{"vernacularName":"olive ridley","language":"en"},{"vernacularName":"olive ridley sea turtle","language":"en"},{"vernacularName":"Tortuga-marina escamosa-del Pac\u00ccfico","language":"es","eol_preferred":true},{"vernacularName":"Tortuga carpintera","language":"es"},{"vernacularName":"Tortuga golfina","language":"es"},{"vernacularName":"Tortuga guaragu\u00e1","language":"es"},{"vernacularName":"Tortuga lora","language":"es"},{"vernacularName":"Tortuga manila","language":"es"},{"vernacularName":"Tortuga mulato","language":"es"},{"vernacularName":"Tortuga olivacea","language":"es"},{"vernacularName":"Tortuga parlama","language":"es"},{"vernacularName":"Tortuga-marina escamosa-del Pac\u00edfico","language":"es"},{"vernacularName":"Tortue oliv\u00e2tre","language":"fr","eol_preferred":true},{"vernacularName":"Ridley du pacifique","language":"fr"},{"vernacularName":"Tortue b\u00e2tarde","language":"fr"},{"vernacularName":"Tortue de ridley","language":"fr"},{"vernacularName":"\u30d2\u30e1\u30a6\u30df\u30ac\u30e1","language":"ja","eol_preferred":true},{"vernacularName":"Warana","language":"nl","eol_preferred":true},{"vernacularName":"\u0427\u0435\u0440\u0435\u043f\u0430\u0445\u0430 \u0420\u0438\u0434\u043b\u0435\u044f \u043e\u043b\u0438\u0432\u043a\u043e\u0432\u0430\u044f \u043c\u043e\u0440\u0441\u043a\u0430\u044f","language":"ru","eol_preferred":true},{"vernacularName":"Zeytin renkli kaplumbaga","language":"tr","eol_preferred":true}],"image":{"objectId":"3bcd8e3a038a6f502a8a9eacbbf6a9a9","identifier":"3bcd8e3a038a6f502a8a9eacbbf6a9a9","title":"3bcd8e3a038a6f502a8a9eacbbf6a9a9","licence":"http:\/\/creativecommons.org\/licenses\/by-nc-sa\/3.0\/","rights":null,"credits":"Alvaro Herrera&copy; Instituto Nacional de Biodiversidad - INBio, Costa Rica.","description":null,"mimeType":"jpg","fileName":"3bcd8e3a038a6f502a8a9eacbbf6a9a9.jpg","URL":"http:\/\/media.eol.org\/content\/2011\/08\/11\/14\/20435_orig.jpg"},"iucnStatus":""},"48135475":{"collectionid":26517,"pageid":794291,"taxonConceptId":48135475,"taxonName":"Astrochelys yniphora","textDesc":{"objectId":"b0bb0bb81856326a0550bd9fd7b24004","identifier":"b0bb0bb81856326a0550bd9fd7b24004","title":"Biology","licence":"http:\/\/creativecommons.org\/licenses\/by-nc-sa\/3.0\/","rights":"Copyright Wildscreen 2003-2008","credits":"&copy; Wildscreen","description":"This species feeds on grasses and a wide range of other plants (2). Males compete for access to females; during <br\/>these wrestling matches, males try to flip their opponent over using the plough-like projection of the lower <br\/>shell below the neck (9). Each breeding season, females lay up to seven clutches of between two and six eggs (6). <br\/>She lays the eggs in a pit that she digs with her hind legs, covers them with soil and abandons them (2). Young ploughshare <br\/>tortoises are around the size of a ping pong ball when they hatch at the beginning of the wet season (5) (6). They <br\/>are fully independent immediately after emerging, but it takes as long as 20 years for them to reach sexual maturity <br\/>(6). "},"flathierarchy":null,"preferredCommonNames":{"vernacularName":"Ploughshare tortoise","language":"en","eol_preferred":true},"commonNames":[{"vernacularName":"Madagassische Schnabelbrustschildkr\u00f6te","language":"de","eol_preferred":true},{"vernacularName":"Madagassische Schnabelbrustschildkrote","language":"de"},{"vernacularName":"Ploughshare tortoise","language":"en","eol_preferred":true},{"vernacularName":"Madagascan (Plowshare) Tortoise","language":"en"},{"vernacularName":"Madagascan Tortoise","language":"en"},{"vernacularName":"Madagascar angulated tortoise","language":"en"},{"vernacularName":"Madagascar tortoise","language":"en"},{"vernacularName":"angonoka","language":"en"},{"vernacularName":"angulated tortoise","language":"en"},{"vernacularName":"Tortuga globulosa malagache","language":"es","eol_preferred":true},{"vernacularName":"Tortuga de madagascar","language":"es"},{"vernacularName":"Tortue de madagascar","language":"fr","eol_preferred":true},{"vernacularName":"Tortue \u00e0 plastron \u00e9peronn\u00e9","language":"fr"},{"vernacularName":"Tortue \u00e0 soc de madagascar","language":"fr"},{"vernacularName":"Tortue \u00e0 \u00e9peron","language":"fr"}],"image":"","iucnStatus":""},"48149228":{"collectionid":26517,"pageid":794627,"taxonConceptId":48149228,"taxonName":"Gavialis gangeticus","textDesc":{"objectId":"60b00ac891cae2f6bb1238bf1c3d9201","identifier":"60b00ac891cae2f6bb1238bf1c3d9201","title":"Biology","licence":"http:\/\/creativecommons.org\/licenses\/by-nc-sa\/3.0\/","rights":"Copyright Wildscreen 2003-2008","credits":"&copy; Wildscreen","description":"The distinctive narrow snout of the gharial is a superb adaptation for catching prey underwater. By providing <br\/>very little resistance to water, it enables the gharial to whip its head sideways through the water to snatch fish <br\/>with its small, razor-sharp teeth (2) (7). Although adults feed primarily on fish, juvenile gharials sustain <br\/>themselves on a vast array of invertebrates (5).&nbsp;Adult females, which reach maturity and become sexually <br\/>receptive at around ten years old, are defended in harems by individual males (5). Although its precise function <br\/>is poorly understood, it is thought that the male's bulbous ghara may be a visual sex indicator, sound resonator <br\/>or bubbling device utilised during courtship (6). Nesting occurs during the dry season when the females drag <br\/>themselves onto dry land to excavate holes into which around 40 large eggs are buried (2) (5). The eggs are naturally <br\/>incubated in the nest hole but the female remains near the nest to guard it from  predators such as pigs, jackals, <br\/>lizards and mongooses,. After around 70 days when the hatchlings are ready to emerge, they call out from inside <br\/>the eggs, alerting the mother to dig the eggs out of the nest hole. While the gharial does not display the crocodilian <br\/>habit of transporting hatchlings in its jaws, the young stay with their mother for several weeks to several months <br\/>(2). "},"flathierarchy":null,"preferredCommonNames":{"vernacularName":"gavial","language":"en","eol_preferred":true},"commonNames":[{"vernacularName":"true gharial","language":"","eol_preferred":true},{"vernacularName":"Gangesgavial","language":"de","eol_preferred":true},{"vernacularName":"gavial","language":"en","eol_preferred":true},{"vernacularName":"Fish-eating crocodile","language":"en"},{"vernacularName":"Indian gavial","language":"en"},{"vernacularName":"Indian gharial","language":"en"},{"vernacularName":"Long-nosed crocodile","language":"en"},{"vernacularName":"gharial","language":"en"},{"vernacularName":"Gavialis gangeticus","language":"es","eol_preferred":true},{"vernacularName":"Gavial del ganges","language":"es"},{"vernacularName":"Gavial du gange","language":"fr","eol_preferred":true},{"vernacularName":"\u0413\u0430\u0432\u0438\u0430\u043b","language":"ru","eol_preferred":true},{"vernacularName":"\u0413\u0430\u0432\u0438\u0430\u043b (\u0433\u0445\u0430\u0440\u0438\u0430\u043b) \u0433\u0430\u043d\u0433\u0441\u043a\u0438\u0439","language":"ru"}],"image":{"objectId":"e6228f2948495e5928901233ebf6e376","identifier":"e6228f2948495e5928901233ebf6e376","title":"e6228f2948495e5928901233ebf6e376","licence":"http:\/\/creativecommons.org\/licenses\/by-nc-sa\/3.0\/","rights":"To support the Manzanita Project, please notify Manzanita@calacademy.org of any use of this image under the Creative Common License. High res images are also available upon request.","credits":"<a href='http:\/\/calphotos.berkeley.edu\/cgi\/photographer_query?where-name_full=Gerald+and+Buff+Corsi&one=T'>Gerald and Buff Corsi<\/a>&copy; 2001 California Academy of Sciences","description":null,"mimeType":"jpg","fileName":"e6228f2948495e5928901233ebf6e376.jpg","URL":"http:\/\/media.eol.org\/content\/2011\/08\/04\/12\/51037_orig.jpg"},"iucnStatus":""},"48149198":{"collectionid":26517,"pageid":1056415,"taxonConceptId":48149198,"taxonName":"Crocodylus acutus","textDesc":{"objectId":"ea7132f34909dbc5839c0eef3069e5ae","identifier":"ea7132f34909dbc5839c0eef3069e5ae","title":"Biology","licence":"http:\/\/creativecommons.org\/licenses\/by-nc-sa\/3.0\/","rights":"Copyright Wildscreen 2003-2008","credits":"&copy; Wildscreen","description":"Reaching sexual maturity at 2.5 m, females prepare nests during the dry season either in holes or on mounds of mud <br\/>or sand (3). After two months of surprisingly gentle courtship, during which the female must reduce the male's <br\/>territorial aggression by making audible signals and by lifting her head to expose her throat, and nuzzling his <br\/>head and neck (6), the female lays between 30 and 60 eggs. These are covered with sand and left to incubate under <br\/>the heat of the sun for 90 days (3). The female guards the nest and assists during the hatching process, which coincides <br\/>with the start of the annual rains. Both parents may guard the hatchlings (6) although they can fend for themselves <br\/>immediately (2). Only a few survive due to predation particularly by raccoons (7).&nbsp;Adults make dens, dug <br\/>3 \u2013 9 m into the river bank, near their nest site, but move inland during the winter, as they are unable to tolerate <br\/>water temperatures of much below 18 \u00baC (6). The American crocodile's diet consists mainly of fish, but birds, <br\/>small mammals, crabs and turtles are also taken and eaten underwater (3). Crocodiles hunt by waiting motionless <br\/>in the water until their prey is close enough, then attacking the prey and drowning it. They will even regurgitate <br\/>small amounts of food to attract fish. During winter, the digestion rate is very slow, so they can go for months <br\/>without food (2). "},"flathierarchy":null,"preferredCommonNames":{"vernacularName":"American crocodile","language":"en","eol_preferred":true},"commonNames":[{"vernacularName":"Acuetzapalin","language":"","eol_preferred":true},{"vernacularName":"Itzam can ain","language":"","eol_preferred":true},{"vernacularName":"Spitzkrokodil","language":"de","eol_preferred":true},{"vernacularName":"American crocodile","language":"en","eol_preferred":true},{"vernacularName":"Central American alligator","language":"en"},{"vernacularName":"caiman","language":"en"},{"vernacularName":"caiman de la costa","language":"es","eol_preferred":true},{"vernacularName":"Caiman, caiman de costa, caiman aguja","language":"es"},{"vernacularName":"Cocodrilo americano","language":"es"},{"vernacularName":"Cocodrilo de r\u00edo","language":"es"},{"vernacularName":"Lagarto amarillo","language":"es"},{"vernacularName":"Lagarto enchaquirado","language":"es"},{"vernacularName":"Lagarto real","language":"es"},{"vernacularName":"caiman","language":"es"},{"vernacularName":"cocodrilo","language":"es"},{"vernacularName":"lagarto","language":"es"},{"vernacularName":"Crocodile d'am\u00e9rique","language":"fr","eol_preferred":true},{"vernacularName":"Crocodile americain","language":"fr"},{"vernacularName":"\u041e\u0441\u0442\u0440\u043e\u0440\u044b\u043b\u044b\u0439 \u043a\u0440\u043e\u043a\u043e\u0434\u0438\u043b","language":"ru","eol_preferred":true},{"vernacularName":"\u041a\u0440\u043e\u043a\u043e\u0434\u0438\u043b \u0430\u043c\u0435\u0440\u0438\u043a\u0430\u043d\u0441\u043a\u0438\u0439","language":"ru"},{"vernacularName":"Amerikan timsahi","language":"tr","eol_preferred":true}],"image":{"objectId":"fc169dff799d1d80ac7b35091ff998ae","identifier":"fc169dff799d1d80ac7b35091ff998ae","title":"fc169dff799d1d80ac7b35091ff998ae","licence":"http:\/\/creativecommons.org\/licenses\/by-nc-sa\/3.0\/","rights":"To support the Manzanita Project, please notify Manzanita@calacademy.org of any use of this image under the Creative Common License. High res images are also available upon request.","credits":"<a href='http:\/\/calphotos.berkeley.edu\/cgi\/photographer_query?where-name_full=Gerald+and+Buff+Corsi&one=T'>Gerald and Buff Corsi<\/a>&copy; 2001 California Academy of Sciences","description":null,"mimeType":"jpg","fileName":"fc169dff799d1d80ac7b35091ff998ae.jpg","URL":"http:\/\/media.eol.org\/content\/2011\/08\/04\/10\/59387_orig.jpg"},"iucnStatus":""},"48149201":{"collectionid":26517,"pageid":795279,"taxonConceptId":48149201,"taxonName":"Crocodylus mindorensis","textDesc":{"objectId":"031c28d9f53d7123cd4260e711e0c9ee","identifier":"031c28d9f53d7123cd4260e711e0c9ee","title":"Biology","licence":"http:\/\/creativecommons.org\/licenses\/by-nc-sa\/3.0\/","rights":"Copyright Wildscreen 2003-2008","credits":"&copy; Wildscreen","description":"Philippine crocodiles are thought to feed mainly on fish, invertebrates and small amphibians and reptiles (4), <br\/>but very little else is known about the natural history or ecology of wild populations. In captivity, females <br\/>build mound-nests at the end of the dry season from leaf litter and mud, upon which they lay a relatively small clutch <br\/>of 7 - 14 eggs (4). Females show parental care of both the eggs and hatchlings (2). "},"flathierarchy":null,"preferredCommonNames":{"vernacularName":"Philippine freshwater crocodile","language":"en","eol_preferred":true},"commonNames":[{"vernacularName":"Philippinen-Krokodil","language":"de","eol_preferred":true},{"vernacularName":"Philippinenkrokodil","language":"de"},{"vernacularName":"Philippine freshwater crocodile","language":"en","eol_preferred":true},{"vernacularName":"Philippine crocodile","language":"en"},{"vernacularName":"Philippines crocodile","language":"en"},{"vernacularName":"mindoro crocodile","language":"en"},{"vernacularName":"\u0424\u0438\u043b\u0438\u043f\u043f\u0438\u043d\u0441\u043a\u0438\u0439 \u043a\u0440\u043e\u043a\u043e\u0434\u0438\u043b","language":"ru","eol_preferred":true},{"vernacularName":"\u041a\u0440\u043e\u043a\u043e\u0434\u0438\u043b \u0444\u0438\u043b\u0438\u043f\u043f\u0438\u043d\u0441\u043a\u0438\u0439","language":"ru"}],"image":"","iucnStatus":""},"48149199":{"collectionid":26517,"pageid":795281,"taxonConceptId":48149199,"taxonName":"Crocodylus intermedius","textDesc":{"objectId":"165a5cc4554c9e2dc47b7e1b4daef552","identifier":"165a5cc4554c9e2dc47b7e1b4daef552","title":"Biology","licence":"http:\/\/creativecommons.org\/licenses\/by-nc-sa\/3.0\/","rights":"Copyright Wildscreen 2003-2008","credits":"&copy; Wildscreen","description":"When the waters subside in the dry season, Orinoco crocodiles retreat into burrows excavated into riverbanks <br\/>(3). Breeding females excavate hole-nests on exposed sand banks, typically laying around 40 eggs. The female <br\/>remains close to the nest site to guard it from vultures and tegu lizards (2). Hatching occurs 2.5 to 3 months later, <br\/>which coincides with the rains that bring a rise in water levels, and females have been reported to protect pods <br\/>of juveniles for up to 3 years (2). &nbsp;Adults are opportunistic, feeding on a wide variety of prey that are either <br\/>in or near the water such as fish, large birds and small mammals (2). Data on lifespan are extremely sparse but, <br\/>like other large crocodilians, Orinoco crocodiles may live as long as 70 to 80 years (3). "},"flathierarchy":null,"preferredCommonNames":{"vernacularName":"Orinoco crocodile","language":"en","eol_preferred":true},"commonNames":[{"vernacularName":"Orinokokrokodil","language":"de","eol_preferred":true},{"vernacularName":"Orinoco crocodile","language":"en","eol_preferred":true},{"vernacularName":"Crocodylus intermedius","language":"es","eol_preferred":true},{"vernacularName":"Caiman del Orinoco","language":"es"},{"vernacularName":"Cocodrilo del orinoco","language":"es"},{"vernacularName":"Crocodile de l'or\u00e9noque","language":"fr","eol_preferred":true}],"image":"","iucnStatus":""},"48149214":{"collectionid":26517,"pageid":795274,"taxonConceptId":48149214,"taxonName":"Crocodylus rhombifer","textDesc":{"objectId":"d4068bb3a3188d6effc827017eb208e6","identifier":"d4068bb3a3188d6effc827017eb208e6","title":"Biology","licence":"http:\/\/creativecommons.org\/licenses\/by-nc-sa\/3.0\/","rights":"Copyright Wildscreen 2003-2008","credits":"&copy; Wildscreen","description":"The breeding season generally begins in May and although females normally dig hole-nests in the wild, they are <br\/>capable of building mound-nests under certain conditions; the average clutch size is 30 - 40 eggs (6). In the wild, <br\/>individuals can interbreed with the American crocodile (<i>Crocodylus acutus<\/i>) whose breeding season <br\/>overlaps with that of the Cuban crocodile (6). This hybridisation appears to be natural but may pose a threat to <br\/>the genetic purity of this species if population numbers fall. The changing nesting strategies may reflect evidence <br\/>of hybridisation (5).&nbsp;Cuban crocodiles have broad back teeth that are adapted to crushing turtle shells, <br\/>which enables these crocodiles to get to their main source of food (6). Fish and mammals are also consumed and historically <br\/>this species appears to have preyed on the, now extinct, giant sloth (6). Possessing strong hind legs, this crocodilian <br\/>is particularly agile on land, able to move quickly and leap into the air (6). "},"flathierarchy":null,"preferredCommonNames":{"vernacularName":"Cuban crocodile","language":"en","eol_preferred":true},"commonNames":[{"vernacularName":"Kubakrokodil","language":"de","eol_preferred":true},{"vernacularName":"Rautenkrokodil","language":"de"},{"vernacularName":"Cuban crocodile","language":"en","eol_preferred":true},{"vernacularName":"Cocodrilo de cuba","language":"es","eol_preferred":true},{"vernacularName":"Crocodile de cuba","language":"fr","eol_preferred":true},{"vernacularName":"\u041a\u0440\u043e\u043a\u043e\u0434\u0438\u043b \u043a\u0443\u0431\u0438\u043d\u0441\u043a\u0438\u0439","language":"ru","eol_preferred":true}],"image":{"objectId":"b0d5d6f9103e23db1c911608dff3bc26","identifier":"b0d5d6f9103e23db1c911608dff3bc26","title":"Crocodylus rhombifer","licence":"http:\/\/creativecommons.org\/licenses\/by-nc-sa\/3.0\/","rights":"Copyright Tanya Dewey","credits":"Tanya Dewey, Animal Diversity Web, University of Michigan Museum of Zoology&copy; Tanya Dewey","description":null,"mimeType":"jpg","fileName":"b0d5d6f9103e23db1c911608dff3bc26.jpg","URL":"http:\/\/media.eol.org\/content\/2012\/05\/08\/07\/29662_orig.jpg"},"iucnStatus":""},"48149196":{"collectionid":26517,"pageid":796028,"taxonConceptId":48149196,"taxonName":"Alligator sinensis","textDesc":{"objectId":"2c378abb75763aeab85a320c6dd58a20","identifier":"2c378abb75763aeab85a320c6dd58a20","title":"Biology","licence":"http:\/\/creativecommons.org\/licenses\/by-nc-sa\/3.0\/","rights":"Copyright Wildscreen 2003-2008","credits":"&copy; Wildscreen","description":"Inhabiting temperate regions, the Chinese alligator spends the winter hibernating in complex underground <br\/>burrow systems (4). Alligators emerge as the days begin to heat up in May and nesting occurs from July to August <br\/>(4). Females reach sexual maturity at 4 - 5 years old and lay about 10 - 50 eggs per clutch on mound-nests constructed <br\/>from plant materials (2). &nbsp;Alligators hunt at night and the Chinese alligator's diet consists mainly of <br\/>aquatic molluscs such as snails and mussels as well as fish (2); incidental waterbirds and small mammals are also <br\/>taken (6). "},"flathierarchy":null,"preferredCommonNames":{"vernacularName":"Chinese alligator, T'o, Yow Lung, Yangtze alligator","language":"en","eol_preferred":true},"commonNames":[{"vernacularName":"China-Alligator","language":"de","eol_preferred":true},{"vernacularName":"Chinese alligator, T'o, Yow Lung, Yangtze alligator","language":"en","eol_preferred":true},{"vernacularName":"China alligator","language":"en"},{"vernacularName":"Chinese alligator","language":"en"},{"vernacularName":"Alligator#Alig\u00e1tor chino","language":"es","eol_preferred":true},{"vernacularName":"Aligator de china","language":"es"},{"vernacularName":"Alligator de chine","language":"fr","eol_preferred":true}],"image":{"objectId":"238d7b185f321792108b7694b5fdb76f","identifier":"238d7b185f321792108b7694b5fdb76f","title":"Alligator sinensis","licence":"http:\/\/creativecommons.org\/licenses\/by-nc-sa\/3.0\/","rights":"Copyright David Blank","credits":"David Blank&copy; ","description":null,"mimeType":"jpg","fileName":"238d7b185f321792108b7694b5fdb76f.jpg","URL":"http:\/\/media.eol.org\/content\/2012\/05\/08\/06\/99947_orig.jpg"},"iucnStatus":""}}