{"name":"Cellular organism","depth":-1,"children":[{"name":"animals<br\/><i>Animalia<\/i>","depth":1,"taxonConceptID":1,"children":[{"name":"Chordates<br\/><i>Chordata<\/i>","depth":2,"taxonConceptID":694,"children":[{"name":"reptiles<br\/><i>Reptilia<\/i>","depth":3,"taxonConceptID":1703,"children":[{"name":"lizards and snakes<br\/><i>Squamata<\/i>","depth":4,"taxonConceptID":1704,"children":[{"name":"iguanids<br\/><i>Iguanidae<\/i>","depth":5,"taxonConceptID":1709,"children":[{"name":"Galapagos Land Iguanas<br\/><i>Conolophus<\/i>","depth":6,"taxonConceptID":58205,"children":[{"name":"Galapagos Land Iguana<br\/><i>Conolophus subcristatus GRAY 1831<\/i>","depth":7,"terminal":true,"image":"45b055de43fb7aac5efe73fd4460fd93.jpg","taxonConceptID":454869}]}]}]},{"name":"tortoises and turtles<br\/><i>Testudines<\/i>","depth":4,"taxonConceptID":8120,"children":[{"name":"tortoises<br\/><i>Testudinidae<\/i>","depth":5,"taxonConceptID":8132,"children":[{"name":"North American Tortoises<br\/><i>Gopherus<\/i>","depth":6,"taxonConceptID":58352,"children":[{"name":"(Californian) Desert Tortoise<br\/><i>Gopherus agassizii Cooper 1863<\/i>","depth":7,"terminal":true,"image":"28c17e41b6e5795fc8409ee8344c1140.jpg","taxonConceptID":456478}]}]}]}]},{"name":"birds<br\/><i>Aves<\/i>","depth":3,"taxonConceptID":695,"children":[{"name":"pigeons<br\/><i>Columbiformes<\/i>","depth":4,"taxonConceptID":7976,"children":[{"name":"doves and pigeons<br\/><i>Columbidae<\/i>","depth":5,"taxonConceptID":7978,"children":[{"name":"Treron","depth":6,"taxonConceptID":19822,"children":[{"name":"African Green Pigeon<br\/><i>Treron calvus (Temminck, 1808)<\/i>","depth":7,"terminal":true,"image":"08488fc10e6b4048c94b7788bc2a1369.jpg","taxonConceptID":1064959},{"name":"White-bellied Green Pigeon<br\/><i>Treron sieboldii (Temminck, 1835)<\/i>","depth":7,"terminal":true,"image":"22abe80db142182fa59c29f8deba73a4.jpg","taxonConceptID":1049848}]},{"name":"zenaida doves<br\/><i>Zenaida<\/i>","depth":6,"taxonConceptID":18574,"children":[{"name":"White-winged Dove<br\/><i>Zenaida asiatica (Linnaeus, 1758)<\/i>","depth":7,"terminal":true,"image":"e03d9af80c71f3c5d261affd2477f227.jpg","taxonConceptID":1050125}]}]}]},{"name":"perching birds<br\/><i>Passeriformes<\/i>","depth":4,"taxonConceptID":1596,"children":[{"name":"Waxwings and Allies<br\/><i>Bombycillidae<\/i>","depth":5,"taxonConceptID":7568,"children":[{"name":"Japanese Waxwing<br\/><i>Bombycilla<\/i>","depth":6,"taxonConceptID":10976,"children":[{"name":"Cedar Waxwing<br\/><i>Bombycilla cedrorum Vieillot 1808<\/i>","depth":7,"terminal":true,"image":"10fee1afd7475090025503fa98d215c9.jpg","taxonConceptID":1050637}]}]},{"name":"bulbuls<br\/><i>Pycnonotidae<\/i>","depth":5,"terminal":true,"image":"b7488d71ec57c2fba66ba4d655a03da8.jpg","taxonConceptID":1614},{"name":"wrens<br\/><i>Troglodytidae<\/i>","depth":5,"taxonConceptID":1602,"children":[{"name":"cactus wrens<br\/><i>Campylorhynchus<\/i>","depth":6,"taxonConceptID":34651,"children":[{"name":"cactus wren<br\/><i>Campylorhynchus brunneicapillus (Lafresnaye, 1835)<\/i>","depth":7,"terminal":true,"image":"3b5149549b69271fdd6846988b774452.jpg","taxonConceptID":1050699}]}]},{"name":"tanagers<br\/><i>Thraupidae<\/i>","depth":5,"taxonConceptID":1604,"children":[{"name":"euphonias<br\/><i>Euphonia<\/i>","depth":6,"taxonConceptID":14649,"children":[{"name":"Green-throated Euphonia<br\/><i>Euphonia chalybea (Mikan, 1825)<\/i>","depth":7,"terminal":true,"image":"f858faf3b987ad72ca848842405269ca.jpg","taxonConceptID":921321}]}]}]},{"name":"parrots<br\/><i>Psittaciformes<\/i>","depth":4,"taxonConceptID":1590,"children":[{"name":"parrots<br\/><i>Psittacidae<\/i>","depth":5,"taxonConceptID":1591,"children":[{"name":"parakeets<br\/><i>Aratinga<\/i>","depth":6,"taxonConceptID":18513,"children":[{"name":"Blue-crowned Parakeet<br\/><i>Aratinga acuticaudata (Vieillot, 1818)<\/i>","depth":7,"terminal":true,"image":"cf144b49e14e9e1577ac24da4c115b3d.jpg","taxonConceptID":1177980}]},{"name":"Platycercus","depth":6,"taxonConceptID":20566,"children":[{"name":"Crimson Rosella<br\/><i>Platycercus elegans (Gmelin, 1788)<\/i>","depth":7,"terminal":true,"image":"50323c193d58d13804c99bd595fe0787.jpg","taxonConceptID":1177884}]}]}]},{"name":"colies<br\/><i>Coliiformes<\/i>","depth":4,"taxonConceptID":7979,"children":[{"name":"Mousebirds<br\/><i>Coliidae<\/i>","depth":5,"taxonConceptID":7980,"children":[{"name":"Colius","depth":6,"taxonConceptID":18461,"children":[{"name":"Speckled Mousebird<br\/><i>Colius striatus Gmelin 1789<\/i>","depth":7,"terminal":true,"image":"71bfda7b20a20766451761544f842962.jpg","taxonConceptID":1049670}]}]}]},{"name":"woodpeckers<br\/><i>Piciformes<\/i>","depth":4,"taxonConceptID":1592,"children":[{"name":"Toucans and allies<br\/><i>Ramphastidae<\/i>","depth":5,"taxonConceptID":1593,"children":[{"name":"Ramphastos","depth":6,"taxonConceptID":13974,"children":[{"name":"Red-breasted Toucan<br\/><i>Ramphastos dicolorus Linnaeus 1766<\/i>","depth":7,"terminal":true,"image":"ab3174b886a7bc15f33037f855850038.jpg","taxonConceptID":1177784}]}]}]},{"name":"Hornbills<br\/><i>Bucerotiformes<\/i>","depth":4,"taxonConceptID":8017,"children":[{"name":"Hornbills<br\/><i>Bucerotidae<\/i>","depth":5,"taxonConceptID":8019,"children":[{"name":"Aceros","depth":6,"taxonConceptID":78244,"children":[{"name":"Writhed-billed Hornbill<br\/><i>Aceros waldeni (Sharpe, 1877)<\/i>","depth":7,"terminal":true,"image":"da324525edbc9a8d93bfada23fb17733.jpg","taxonConceptID":1047998}]}]}]}]},{"name":"mammals<br\/><i>Mammalia<\/i>","depth":3,"taxonConceptID":1642,"children":[{"name":"bats<br\/><i>Chiroptera<\/i>","depth":4,"taxonConceptID":7631,"children":[{"name":"Old World fruit bats<br\/><i>Pteropodidae<\/i>","depth":5,"taxonConceptID":7636,"children":[{"name":"Cynopterus","depth":6,"taxonConceptID":42141,"children":[{"name":"Greater Short-nosed Fruit Bat<br\/><i>Cynopterus sphinx (Vahl, 1797)<\/i>","depth":7,"terminal":true,"image":"d69b9778dc27cb2a66c0c6931dbec175.jpg","taxonConceptID":327321}]},{"name":"Epomophorus","depth":6,"taxonConceptID":42145,"children":[{"name":"Wahlberg's Epauletted Fruit Bat<br\/><i>Epomophorus wahlbergi (Sundevall, 1846)<\/i>","depth":7,"terminal":true,"image":"399f47b1ead7762111dd44f4a3af5119.jpg","taxonConceptID":327342}]}]}]},{"name":"kangaroos, possums, wallabies, and relatives<br\/><i>Diprotodontia<\/i>","depth":4,"taxonConceptID":1694,"children":[{"name":"Phalangeroidea","depth":5,"taxonConceptID":1701,"children":[{"name":"brushtail possums and cuscuses<br\/><i>Phalangeridae<\/i>","depth":6,"taxonConceptID":1702,"children":[{"name":"brush-tailed possums<br\/><i>Trichosurus<\/i>","depth":7,"taxonConceptID":39530,"children":[{"name":"Common Brush-tailed Possum<br\/><i>Trichosurus vulpecula (Kerr, 1792)<\/i>","depth":8,"terminal":true,"image":"2c3a649002e7f30cf375baa80eb25335.jpg","taxonConceptID":323856}]}]}]}]},{"name":"rodents<br\/><i>Rodentia<\/i>","depth":4,"taxonConceptID":8677,"children":[{"name":"squirrels<br\/><i>Sciuridae<\/i>","depth":5,"taxonConceptID":8703,"children":[{"name":"Common tree squirrels<br\/><i>Sciurus<\/i>","depth":6,"taxonConceptID":34612,"children":[{"name":"Eurasian red squirrel<br\/><i>Sciurus vulgaris Linnaeus, 1758<\/i>","depth":7,"terminal":true,"image":"6a812217f672a2333b49fb88c5bffc2b.jpg","taxonConceptID":1037909}]}]}]},{"name":"carnivores<br\/><i>Carnivora<\/i>","depth":4,"taxonConceptID":7662,"children":[{"name":"coatis, raccoons, and relatives<br\/><i>Procyonidae<\/i>","depth":5,"taxonConceptID":7665,"children":[{"name":"raccoons<br\/><i>Procyon<\/i>","depth":6,"taxonConceptID":18666,"children":[{"name":"common raccoon<br\/><i>Procyon lotor (Linnaeus, 1758)<\/i>","depth":7,"terminal":true,"image":"8d48b89f076aecdb3a4119ca66e6e5dc.jpg","taxonConceptID":328598}]}]}]}]}]},{"name":"arthropods<br\/><i>Arthropoda<\/i>","depth":2,"taxonConceptID":164,"children":[{"name":"insects<br\/><i>Insecta<\/i>","depth":3,"taxonConceptID":344,"children":[{"name":"beetles<br\/><i>Coleoptera<\/i>","depth":4,"taxonConceptID":345,"children":[{"name":"scarab beetles<br\/><i>Scarabaeoidea<\/i>","depth":5,"taxonConceptID":369,"children":[{"name":"rose chafers<br\/><i>Cetoniidae<\/i>","depth":6,"taxonConceptID":377,"children":[{"name":"Cotinis","depth":7,"taxonConceptID":17223,"children":[{"name":"Figeater beetle<br\/><i>Cotinis mutabilis (Gory & Percheron, 1833)<\/i>","depth":8,"terminal":true,"image":"20818cd3244a98454aef50d69dce31e6.jpg","taxonConceptID":234603}]}]}]},{"name":"long-horned beetles and sawyer beetles<br\/><i>Cerambycidae<\/i>","depth":5,"taxonConceptID":357,"children":[{"name":"Epepeotes","depth":6,"taxonConceptID":10251,"children":[{"name":"Epepeotes luscus (Fabricius, 1787)","depth":7,"terminal":true,"image":"221c0f46ecf8c0b5f7cd7e53771c5fdd.jpg","taxonConceptID":3400423}]}]}]},{"name":"True flies, Mosquitoes and Gnats<br\/><i>Diptera<\/i>","depth":4,"taxonConceptID":421,"children":[{"name":"pomace flies<br\/><i>Drosophilidae<\/i>","depth":5,"terminal":true,"image":"fdcdd287a89f6da8817181752f588025.jpg","taxonConceptID":462},{"name":"fruit flies<br\/><i>Tephritidae<\/i>","depth":5,"terminal":true,"image":"c4014cea9480a1120dfc09011423eb9e.jpg","taxonConceptID":9023}]},{"name":"Butterflies and moths<br\/><i>Lepidoptera<\/i>","depth":4,"taxonConceptID":747,"children":[{"name":"Noctuoidea","depth":5,"taxonConceptID":769,"children":[{"name":"Army-worms, cutworms, owlet moths, and stem borers<br\/><i>Noctuidae<\/i>","depth":6,"taxonConceptID":873,"children":[{"name":"Chrysodeixis","depth":7,"taxonConceptID":68346,"children":[{"name":"Tomato looper<br\/><i>Chrysodeixis chalcites Esper 1789<\/i>","depth":8,"terminal":true,"image":"0f1058ed9790fcaa4e0119636f170611.jpg","taxonConceptID":551690}]}]}]}]}]}]}]},{"name":"plants<br\/><i>Plantae<\/i>","depth":1,"taxonConceptID":281,"children":[{"name":"flowering plants<br\/><i>Magnoliophyta<\/i>","depth":2,"taxonConceptID":282,"children":[{"name":"dicotyledons<br\/><i>Magnoliopsida<\/i>","depth":3,"taxonConceptID":283,"children":[{"name":"Theales","depth":4,"taxonConceptID":4438,"children":[{"name":"mangosteen family<br\/><i>Clusiaceae<\/i>","depth":5,"taxonConceptID":4441,"children":[{"name":"Calophyllum<br\/><i>Calophyllum<\/i>","depth":6,"taxonConceptID":60931,"children":[{"name":"Calophyllum lucidum Benth","depth":7,"terminal":true,"image":"308e305786df66f155d5332d37688e46.jpg","taxonConceptID":584875}]}]}]}]}]}]}]}