{"48133345":{"collectionid":29641,"pageid":328580,"taxonConceptId":48133345,"taxonName":"Ursus maritimus","textDesc":{"objectId":"69fe6d05e28b3c4d988db446d75ccfd7","identifier":"69fe6d05e28b3c4d988db446d75ccfd7","title":"Description","licence":"http:\/\/creativecommons.org\/licenses\/by\/3.0\/","rights":null,"credits":"&copy; Smithsonian Institution","description":"Polar Bears prey mostly on Ringed Seals. In the spring, the pups are easy prey. They also hunt Bearded and Harp Seals, <br\/>Walruses, Beluga, Narwhals, and sea ducks, and very occasionally eat small amounts of plant matter. They travel <br\/>long distances to stay with pack ice, and fast for long periods of time if food is not available. In Hudson Bay, the <br\/>ice melts by late July and the bears fast until November, when it freezes again. They do not drink water or urinate <br\/>the whole time. Pregnant females, who enter dens to give birth, continue fasting for another four months, living <br\/>only on stored fat for eight months. Cubs are born in December, and are ready to follow their mother out of the den <br\/>and learn to hunt by March or April. They are independent when they are about two-and-a-half years old, at which <br\/>point the female mates again.<br><br>Links:<br><A href=\u0022http:\/\/www.bucknell.edu\/msw3\/\u0022 target=_blank>Mammal <br\/>Species of the World<\/A><br><A href=\u0022http:\/\/www.science.smith.edu\/departments\/Biology\/VHAYSSEN\/msi\/pdf\/i0076-3519-145-01-0001.pdf\u0022 <br\/>target=_blank>Click here for The American Society of Mammalogists species account<\/A><br><A href=\u0022http:\/\/www.arkive.org\/species\/GES\/mammals\/Ursus_maritimus\/\u0022 <br\/>target=_blank border=\u00220\u0022><IMG height=32 alt=\u0022Visit ARKive for more images of the polar bear\u0022 src=\u0022images\/arkive_logo.gif\u0022 <br\/>width=69 border=0>&nbsp;&nbsp;More images, video and sound<\/A> "},"flathierarchy":null,"preferredCommonNames":{"vernacularName":"polar bear","language":"en","eol_preferred":true},"commonNames":[{"vernacularName":"white bear","language":"","eol_preferred":true},{"vernacularName":"\u062f\u0628 \u0642\u0637\u0628\u064a","language":"ar","eol_preferred":true},{"vernacularName":"\u062f\u0628 \u0623\u0628\u064a\u0636","language":"ar"},{"vernacularName":"\u062f\u0628 \u0628\u062d\u0631\u064a","language":"ar"},{"vernacularName":"Polarb\u00e4r","language":"de","eol_preferred":true},{"vernacularName":"Eisb\u00e4r","language":"de"},{"vernacularName":"\u03a0\u03bf\u03bb\u03b9\u03ba\u03ae \u03b1\u03c1\u03ba\u03bf\u03cd\u03b4\u03b1","language":"el","eol_preferred":true},{"vernacularName":"polar bear","language":"en","eol_preferred":true},{"vernacularName":"Oso polar","language":"es","eol_preferred":true},{"vernacularName":"Ours polaire","language":"fr","eol_preferred":true},{"vernacularName":"ours blanc","language":"fr"},{"vernacularName":"Baltasis lokys","language":"lt","eol_preferred":true},{"vernacularName":"Isbj\u00f8rn","language":"nb","eol_preferred":true},{"vernacularName":"Ijsbeer","language":"nl","eol_preferred":true},{"vernacularName":"Isbj\u00f8rn","language":"nn","eol_preferred":true},{"vernacularName":"nied\u017awied\u017a polarny","language":"pl","eol_preferred":true},{"vernacularName":"\u0431\u0435\u043b\u044b\u0439 \u043c\u0435\u0434\u0432\u0435\u0434\u044c","language":"ru","eol_preferred":true},{"vernacularName":"beli medved","language":"sl","eol_preferred":true},{"vernacularName":"Kutup ay\u0131s\u0131","language":"tr","eol_preferred":true},{"vernacularName":"Kutup ayisi","language":"tr"},{"vernacularName":"\u0412\u0435\u0434\u043c\u0456\u0434\u044c \u0431\u0456\u043b\u0438\u0439","language":"uk","eol_preferred":true},{"vernacularName":"\u0411\u0456\u043b\u0438\u0439 \u0432\u0435\u0434\u043c\u0456\u0434\u044c","language":"uk"}],"image":{"objectId":"57fde72bb468eafaf535c20a4984eec2","identifier":"57fde72bb468eafaf535c20a4984eec2","title":"File:Polar Bear ANWR 1.jpg","licence":"http:\/\/creativecommons.org\/licenses\/by-sa\/3.0\/","rights":null,"credits":"Alan D. Wilson&copy; ","description":null,"mimeType":"jpg","fileName":"57fde72bb468eafaf535c20a4984eec2.jpg","URL":"http:\/\/media.eol.org\/content\/2012\/06\/12\/20\/70125_orig.jpg"},"iucnStatus":""},"48134506":{"collectionid":29641,"pageid":328672,"taxonConceptId":48134506,"taxonName":"Panthera leo","textDesc":{"objectId":"6914363cede57e078f52ad9474439c4c","identifier":"6914363cede57e078f52ad9474439c4c","title":"Description","licence":"http:\/\/creativecommons.org\/licenses\/by-nc-sa\/3.0\/","rights":"Copyright Wildscreen 2003-2008","credits":"&copy; Wildscreen","description":"It seems that no animal has inspired the imagination of man more than the lion. Characterised as fearsome, courageous <br\/>and majestic, the lion's strength and ferocity has earned it accolades such as 'King of Beasts' in many cultures <br\/>(2). As the largest African carnivore and rivalling the tiger (<i>Panthera tigris<\/i>) as the largest of the <br\/>'big cats', the lion is built to prey on animals many times its size, its strong jaws and muscular build emanating <br\/>an image of sheer power. Males are larger than females and typically posses a mane of hair around their heads, a <br\/>feature unique amongst the cat family (<i>Felidae<\/i>) (4). The rest of the coat is short and tawny in colour for <br\/>both sexes, paler on the underside, without markings. The backs of the ears and the tuft of hair at the tip of the <br\/>tail are dark brown or black (5). Lion cubs are born with brown rosettes that disappear with maturity, although <br\/>some lions retain faint spots (6). Asiatic lions (<i>P.l. persica<\/i>), the only subspecies found outside the <br\/>African continent, are slightly smaller than their African cousins, and have shorter, thinner manes, clear <br\/>of the ears, and a fold of skin running the length of their belly that is rare in African lions (7) (8). "},"flathierarchy":null,"preferredCommonNames":{"vernacularName":"Lion","language":"en","eol_preferred":true},"commonNames":[{"vernacularName":"L\u00f6wen","language":"de","eol_preferred":true},{"vernacularName":"Lion","language":"en","eol_preferred":true},{"vernacularName":"African lion","language":"en"},{"vernacularName":"Le\u00f3n","language":"es","eol_preferred":true},{"vernacularName":"leijona","language":"fi","eol_preferred":true},{"vernacularName":"Lion","language":"fr","eol_preferred":true},{"vernacularName":"Lion d'afrique","language":"fr"},{"vernacularName":"\u0938\u093f\u0902\u0939","language":"mr","eol_preferred":true},{"vernacularName":"Leeuw (dier)","language":"nl","eol_preferred":true},{"vernacularName":"Leeuw","language":"nl"},{"vernacularName":"\u041b\u0435\u0432","language":"ru","eol_preferred":true}],"image":{"objectId":"996e59ee7dec40cdde518c72b41affe2","identifier":"996e59ee7dec40cdde518c72b41affe2","title":"File:Lion cub with mother.jpg","licence":"http:\/\/creativecommons.org\/licenses\/by-sa\/3.0\/","rights":null,"credits":"&copy; ","description":null,"mimeType":"jpg","fileName":"996e59ee7dec40cdde518c72b41affe2.jpg","URL":"http:\/\/media.eol.org\/content\/2012\/06\/12\/21\/38065_orig.jpg"},"iucnStatus":""},"48134473":{"collectionid":29641,"pageid":1037781,"taxonConceptId":48134473,"taxonName":"Felis catus","textDesc":"","flathierarchy":null,"preferredCommonNames":{"vernacularName":"Domestic cat","language":"en","eol_preferred":true},"commonNames":[{"vernacularName":"Domesticated Cat","language":""},{"vernacularName":"cats","language":""},{"vernacularName":"Katze","language":"de","eol_preferred":true},{"vernacularName":"Hauskatze","language":"de"},{"vernacularName":"Domestic cat","language":"en","eol_preferred":true},{"vernacularName":"Cat","language":"en"},{"vernacularName":"Feral cat","language":"en"},{"vernacularName":"house cat","language":"en"},{"vernacularName":"Pusiniveikau","language":"es","eol_preferred":true},{"vernacularName":"Gato","language":"es"},{"vernacularName":"Poti","language":"es"},{"vernacularName":"chat&nbsp;","language":"fr","eol_preferred":true},{"vernacularName":"\u0918\u0930\u0947\u0932\u0942 \u092c\u093f\u0932\u094d\u0932\u0940","language":"hi","eol_preferred":true},{"vernacularName":"Gatto","language":"it","eol_preferred":true}],"image":{"objectId":"29bd4ce2192e1cc80ce6dcb418fe6fdb","identifier":"29bd4ce2192e1cc80ce6dcb418fe6fdb","title":"File:Jammlich crop.jpg","licence":"http:\/\/creativecommons.org\/licenses\/by-sa\/3.0\/","rights":null,"credits":"<a href='http:\/\/en.wikipedia.org\/wiki\/User:Master_jay_18'>Jens Nietschmann (user Master jay 18)<\/a>&copy; ","description":null,"mimeType":"jpg","fileName":"29bd4ce2192e1cc80ce6dcb418fe6fdb.jpg","URL":"http:\/\/media.eol.org\/content\/2012\/06\/12\/11\/54366_orig.jpg"},"iucnStatus":""},"48131793":{"collectionid":29641,"pageid":311781,"taxonConceptId":48131793,"taxonName":"Sarcophilus harrisii","textDesc":{"objectId":"683a68b1f4d4802b720ca38c5f080806","identifier":"683a68b1f4d4802b720ca38c5f080806","title":"Biology","licence":"http:\/\/creativecommons.org\/licenses\/by-nc-sa\/3.0\/","rights":"Copyright Wildscreen 2003-2008","credits":"&copy; Wildscreen","description":"Despite the Tasmanian devil's fierce reputation, in reality, it has a rather shy, cautious disposition (2) (4). <br\/>Only when threatened, or in competition with other devils for food, does it resort to aggressive behaviour, but <br\/>even this is usually limited to a theatrical display of growls, snarls, and screeches, rather than physical clashes <br\/>(2) (3) (4) (6). Sheltering by day in dense bush or a den such as an underground burrow or a hollow log, the Tasmanian <br\/>devil emerges at night to search for food. It has a slightly clumsy, loping gait, but can cover considerable ground <br\/>(up to 16 kilometres) in a single night (1) (2) (3). While capable of hunting small prey, scavenging is its forte, <br\/>with an acute sense of smell enabling it to rapidly locate dead animals in the bush (3) (4) (6). Typically it will <br\/>wholly devour whatever meat is available, from insects to beached fish, with small mammals such as possums, wombats <br\/>and wallabies being particular favourites (2) (3) (4). It is not uncommon for several devils to arrive at one carcass <br\/>at the same time, precipitating the noisy displays of aggression necessary to establish a hierarchy of dominance <br\/>(3) (4) (6).&nbsp;The Tasmanian devil is a solitary animal, but at times is also highly social, such as when feeding <br\/>communally, or during the breeding season (4) (5). Mating usually occurs over a short, intense period in March, <br\/>but can continue into July (3) (4). The female exhibits little in the way of fidelity, visiting several males in <br\/>quick succession, whilst each male, uncertain of their own paternity, will try to physically prevent the promiscuous <br\/>female from leaving (5). After a three week gestation period, the female gives birth to two to four young that immediately <br\/>attach to one of four teats in the backward-opening pouch. At around five months old, the fully-furred young emerge <br\/>from the pouch and take up residence in a simple, grass-lined den. Another month on, and they start to explore the <br\/>den's surroundings, eventually becoming fully weaned and independent at about ten months old (2) (3) (4). Sexual <br\/>maturity is reached towards the end of the second year, with an average life expectancy of around five to six years <br\/>in the wild (1) (2) (3). "},"flathierarchy":null,"preferredCommonNames":{"vernacularName":"tasmanian devil","language":"en","eol_preferred":true},"commonNames":[{"vernacularName":"Tazmanian Devil","language":"","eol_preferred":true},{"vernacularName":"tasmanian devil","language":"en","eol_preferred":true},{"vernacularName":"Diable de Tasmanie","language":"fr","eol_preferred":true},{"vernacularName":"\u0422\u0430\u0441\u043c\u0430\u043d\u0441\u043a\u0438\u0439 \u0434\u044c\u044f\u0432\u043e\u043b","language":"ru","eol_preferred":true},{"vernacularName":"\u0414\u044c\u044f\u0432\u043e\u043b \u0442\u0430\u0441\u043c\u0430\u043d\u0441\u043a\u0438\u0439","language":"ru"}],"image":{"objectId":"2f556c38f494e8aa38415f524b29fed9","identifier":"2f556c38f494e8aa38415f524b29fed9","title":"File:Tasdevil large.jpg","licence":"http:\/\/creativecommons.org\/licenses\/by-sa\/3.0\/","rights":null,"credits":"Wayne McLean ( jgritz) Taken with Nikon D100.&copy; ","description":null,"mimeType":"jpg","fileName":"2f556c38f494e8aa38415f524b29fed9.jpg","URL":"http:\/\/media.eol.org\/content\/2012\/06\/15\/04\/70212_orig.jpg"},"iucnStatus":""},"48134521":{"collectionid":29641,"pageid":1270486,"taxonConceptId":48134521,"taxonName":"Panthera pardus fusca","textDesc":"","flathierarchy":null,"preferredCommonNames":{"vernacularName":"Indian leopard","language":"en","eol_preferred":true},"commonNames":[{"vernacularName":"Indian leopard","language":"en","eol_preferred":true}],"image":{"objectId":"b1c9d2f58829da1cb465ce36a6525993","identifier":"b1c9d2f58829da1cb465ce36a6525993","title":"File:Panther.jpg","licence":"http:\/\/creativecommons.org\/licenses\/by-sa\/3.0\/","rights":null,"credits":"<a href='http:\/\/en.wikipedia.org\/wiki\/:en:User:LRBurdak'>Original uploader was LRBurdak at en.wikipedia<\/a>&copy; ","description":null,"mimeType":"jpg","fileName":"b1c9d2f58829da1cb465ce36a6525993.jpg","URL":"http:\/\/media.eol.org\/content\/2010\/01\/01\/05\/08602_orig.jpg"},"iucnStatus":""},"48134105":{"collectionid":29641,"pageid":311569,"taxonConceptId":48134105,"taxonName":"Crocuta crocuta (Erxleben, 1777)","textDesc":{"objectId":"d613a366a9a111af35d46f634abf6830","identifier":"d613a366a9a111af35d46f634abf6830","title":"Biology","licence":"http:\/\/creativecommons.org\/licenses\/by-nc-sa\/3.0\/","rights":"Copyright Wildscreen 2003-2008","credits":"&copy; Wildscreen","description":"The spotted hyena is well-known for being a scavenger, but it is also an adept hunter, capable of bringing down <br\/>a wildebeest (3).  Spotted hyenas live in clans and frequently hunt in groups, as cooperation can improve their <br\/>hunting success.  However, this often depends on prey availability; in the Ngorongoro Crate, large groups are <br\/>required to kill a zebra, whilst in the southern Kalahari, gemsbok calves are the primary prey, for which a single <br\/>hyena will suffice (2).  Even when moving alone, spotted hyenas keep in touch with other members of their clan with <br\/>whoops, yells and a manic cackle, which gave rise to their name 'laughing hyena' (2).  Spotted hyenas eat with incredible <br\/>speed, consuming everything except horns; a group of hyenas was observed demolishing an adult zebra in just 15 <br\/>minutes (4).&nbsp;Each hyena clan occupies a territory and defends it against neighbouring clans.  Female spotted <br\/>hyenas, which are more aggressive than males (5), are the dominant sex. The clan is structured by a strict hierarchy <br\/>where the highest ranking male is subordinate to the lowest ranking female (2) (4).  The alpha female is the best <br\/>fed in the clan (3).  When around two and a half years of age, males leave the clan they were born in and work their way <br\/>into a new clan, whereas females usually remain with the same clan for life (2) (4).&nbsp;Mature females usually <br\/>give birth to one or two cubs a year, after a gestation period of 110 days (6).  Males play no parental role to the cubs <br\/>(3), which are born in dens with a set of teeth and their eyes already open.  Within minutes of birth they can engage <br\/>in aggressive interactions, which quickly lead to the establishment of a dominance hierarchy, with the dominant <br\/>cub getting to control access to the mother's milk (2).  Sometimes this aggression can lead to the death of the weaker <br\/>cub (4) (7).  The cubs are fed meat at nine months, leave the den at 9 to 12 months, but are not weaned until they are <br\/>12 to 16 months (8). "},"flathierarchy":null,"preferredCommonNames":{"vernacularName":"Spotted (or Laughing) Hyaena","language":"en","eol_preferred":true},"commonNames":[{"vernacularName":"Spotted (or Laughing) Hyaena","language":"en","eol_preferred":true},{"vernacularName":"Spotted Hyena","language":"en"},{"vernacularName":"Spotted hyaena","language":"en"},{"vernacularName":"Hy\u00e8ne tachet\u00e9e","language":"fr","eol_preferred":true},{"vernacularName":"Gevlekte hyena","language":"nl","eol_preferred":true},{"vernacularName":"\u0413\u0438\u0435\u043d\u0430 \u043f\u044f\u0442\u043d\u0438\u0441\u0442\u0430\u044f","language":"ru","eol_preferred":true}],"image":{"objectId":"c4f2083cb90e87292b8e17d122bc3fe1","identifier":"c4f2083cb90e87292b8e17d122bc3fe1","title":"File:Spotted hyena.jpg","licence":"http:\/\/creativecommons.org\/licenses\/by-sa\/3.0\/","rights":null,"credits":"<a href='http:\/\/en.wikipedia.org\/wiki\/:nl:User:Tram2'>Original uploader was Tram2 at nl.wikipedia&lt;br\/&gt;&nbsp;(Original text : &lt;i&gt;Arjen Mulder&lt;\/i&gt;)<\/a>&copy; ","description":null,"mimeType":"jpg","fileName":"c4f2083cb90e87292b8e17d122bc3fe1.jpg","URL":"http:\/\/media.eol.org\/content\/2012\/06\/15\/04\/64267_orig.jpg"},"iucnStatus":""},"48133595":{"collectionid":29641,"pageid":328044,"taxonConceptId":48133595,"taxonName":"Lutra lutra","textDesc":{"objectId":"2a1f8b75bda7962d475decb92fdde1bb","identifier":"2a1f8b75bda7962d475decb92fdde1bb","title":"Description","licence":"http:\/\/creativecommons.org\/licenses\/by-nc-sa\/3.0\/","rights":"Copyright Wildscreen 2003-2008","credits":"&copy; Wildscreen","description":"The elusive common otter has sleek brown fur, which is often paler on the underside, and a long lithe body with a <br\/>thick tail and short legs (3). Adaptations for an aquatic lifestyle include webbed feet (3), the ability to close <br\/>the small ears and the nose when under water, and very dense, short fur which traps a layer of air to insulate the <br\/>animal. Many sensitive hairs ('vibrissae') frame the snout; these help the otter to locate prey (2). Vocalisations <br\/>include a high-pitched whistle between a mother and her cubs, twittering noises produced during play-fighting <br\/>and cat-like noises when fighting (2). "},"flathierarchy":null,"preferredCommonNames":{"vernacularName":"European otter","language":"en","eol_preferred":true},"commonNames":[{"vernacularName":"Eurasian river otter","language":"","eol_preferred":true},{"vernacularName":"\u0412\u0438\u0434\u0440\u0430","language":"bg","eol_preferred":true},{"vernacularName":"vidr\u0430","language":"bg"},{"vernacularName":"dyfrgi","language":"cy","eol_preferred":true},{"vernacularName":"Odder","language":"da","eol_preferred":true},{"vernacularName":"Fischotter","language":"de","eol_preferred":true},{"vernacularName":"\u0395\u03c5\u03c1\u03c9\u03c0\u03b1\u03ca\u03ba\u03ae \u03b2\u03af\u03b4\u03c1\u03b1","language":"el","eol_preferred":true},{"vernacularName":"\u0392\u03af\u03b4\u03c1\u03b1","language":"el"},{"vernacularName":"European otter","language":"en","eol_preferred":true},{"vernacularName":"Common otter","language":"en"},{"vernacularName":"Common otter, European river otter","language":"en"},{"vernacularName":"Eurasian otter","language":"en"},{"vernacularName":"European river otter","language":"en"},{"vernacularName":"Old world otter","language":"en"},{"vernacularName":"Otter","language":"en"},{"vernacularName":"Lutra lutra","language":"es","eol_preferred":true},{"vernacularName":"Nutria","language":"es"},{"vernacularName":"Nutria com\u00fan","language":"es"},{"vernacularName":"Loutre d'europe","language":"fr","eol_preferred":true},{"vernacularName":"Loutre commune","language":"fr"},{"vernacularName":"loutre de rivi\u00e8re","language":"fr"},{"vernacularName":"\u05dc\u05d5\u05d8\u05e8\u05d4","language":"he","eol_preferred":true},{"vernacularName":"Lontra comune","language":"it","eol_preferred":true},{"vernacularName":"lontra","language":"it"},{"vernacularName":"paprastoji \u016bdra","language":"lt","eol_preferred":true},{"vernacularName":"Oter","language":"nb","eol_preferred":true},{"vernacularName":"Otter (dier)","language":"nl","eol_preferred":true},{"vernacularName":"Euraziatische otter of visotter","language":"nl"},{"vernacularName":"Otter","language":"nl"},{"vernacularName":"Oter","language":"nn","eol_preferred":true},{"vernacularName":"Oter","language":"no","eol_preferred":true},{"vernacularName":"Wydra europejska","language":"pl","eol_preferred":true},{"vernacularName":"wydra zwyczajna","language":"pl"},{"vernacularName":"Vidra","language":"ro","eol_preferred":true},{"vernacularName":"\u0412\u044b\u0434\u0440\u0430","language":"ru","eol_preferred":true},{"vernacularName":"\u0412\u044b\u0434\u0440\u0430 \u043e\u0431\u044b\u043a\u043d\u043e\u0432\u0435\u043d\u043d\u0430\u044f","language":"ru"},{"vernacularName":"\u043e\u0431\u044b\u043a\u043d\u043e\u0432\u0435\u043d\u043d\u0430\u044f","language":"ru"},{"vernacularName":"\u043f\u043e\u0440\u0435\u0448\u043d\u044f","language":"ru"},{"vernacularName":"\u0440\u0435\u0447\u043d\u0430\u044f \u0432\u044b\u0434\u0440\u0430","language":"ru"},{"vernacularName":"Vidra","language":"sl","eol_preferred":true},{"vernacularName":"Vidra","language":"sq","eol_preferred":true},{"vernacularName":"kajka","language":"sq"},{"vernacularName":"lundra","language":"sq"},{"vernacularName":"lund\u00ebrza","language":"sq"},{"vernacularName":"lunza","language":"sq"},{"vernacularName":"utter","language":"sv","eol_preferred":true},{"vernacularName":"Su samuru","language":"tr","eol_preferred":true},{"vernacularName":"\u0412\u0438\u0434\u0440\u0430 \u0440\u0456\u0447\u043a\u043e\u0432\u0430","language":"uk","eol_preferred":true},{"vernacularName":"shui-ta","language":"zh","eol_preferred":true},{"vernacularName":"\u6c34\u736d","language":"zh-Hans","eol_preferred":true},{"vernacularName":"\u51e0\u52d2\u5e03\u683c","language":"zh-Hans"},{"vernacularName":"\u6c34\u6bdb\u5b50","language":"zh-Hans"},{"vernacularName":"\u6c34\u72d7","language":"zh-Hans"},{"vernacularName":"\u736d","language":"zh-Hans"},{"vernacularName":"\u736d\u732b","language":"zh-Hans"},{"vernacularName":"\u7956\u8861","language":"zh-Hans"},{"vernacularName":"\u7ea0\u56f0","language":"zh-Hans"},{"vernacularName":"\u9c7c\u732b","language":"zh-Hans"}],"image":{"objectId":"9cf88497454620a995ea06ab9a66d755","identifier":"9cf88497454620a995ea06ab9a66d755","title":"File:Otter (Lutra lutra), Westing - geograph.org.uk - 1055543.jpg","licence":"http:\/\/creativecommons.org\/licenses\/by-sa\/3.0\/","rights":null,"credits":"Mike Pennington&copy; ","description":null,"mimeType":"jpg","fileName":"9cf88497454620a995ea06ab9a66d755.jpg","URL":"http:\/\/media.eol.org\/content\/2012\/06\/12\/23\/14093_orig.jpg"},"iucnStatus":""},"48134496":{"collectionid":29641,"pageid":328606,"taxonConceptId":48134496,"taxonName":"Panthera onca","textDesc":{"objectId":"d951bc4c53c058ae4fd0ded0c971a19a","identifier":"d951bc4c53c058ae4fd0ded0c971a19a","title":"Description","licence":"http:\/\/creativecommons.org\/licenses\/by\/3.0\/","rights":null,"credits":"&copy; Smithsonian Institution","description":"Once native to the southwestern United States, breeding populations of Jaguars no longer exist in the region, <br\/>and populations in Central and South America have become very small. Only in parts of the Amazon rain forest and <br\/>the Pantanal are they relatively abundant. These giant spotted cats are the largest felids in the Americas. They <br\/>are flesh-eaters, hunting by day or night; they concentrate on the most common of the large mammals living in their <br\/>particular area. Very capable swimmers, they also sometimes hunt along watercourses, taking prey such as caiman, <br\/>turtles, and fish. The home range of a Jaguar varies from 10-170 square km. They are not territorial, but do avoid <br\/>one another, occasionally by calling out in a series of deep grunts, sounds that travel well through thick forest<br><br>Links:<br><A <br\/>href=\u0022http:\/\/www.bucknell.edu\/msw3\/\u0022 target=\u0022_blank\u0022>Mammal Species of the World<\/A><br><A href=\u0022http:\/\/www.science.smith.edu\/departments\/Biology\/VHAYSSEN\/msi\/pdf\/i0076-3519-340-01-0001.pdf\u0022 <br\/>target=\u0022_blank\u0022>Click here for The American Society of Mammalogists species account<\/A> "},"flathierarchy":null,"preferredCommonNames":{"vernacularName":"jaguar","language":"en","eol_preferred":true},"commonNames":[{"vernacularName":"Bolom","language":"","eol_preferred":true},{"vernacularName":"Barum","language":""},{"vernacularName":"jaguar","language":"en","eol_preferred":true},{"vernacularName":"Yaguar","language":"es","eol_preferred":true},{"vernacularName":"Otorongo","language":"es"},{"vernacularName":"Tigre americano","language":"es"},{"vernacularName":"Tigre real","language":"es"},{"vernacularName":"Yaguarete","language":"es"},{"vernacularName":"jaguar","language":"es"},{"vernacularName":"jaguar","language":"fr","eol_preferred":true},{"vernacularName":"\u042f\u0433\u0443\u0430\u0440","language":"ru","eol_preferred":true}],"image":{"objectId":"97de49f0be8684bc378093465b6b4ce9","identifier":"97de49f0be8684bc378093465b6b4ce9","title":"Jaguar","licence":"http:\/\/creativecommons.org\/licenses\/by-nc-sa\/2.0\/","rights":null,"credits":"<a href='http:\/\/www.flickr.com\/photos\/51045845@N08'>Smithsonian Wild<\/a>&copy; ","description":null,"mimeType":"jpg","fileName":"97de49f0be8684bc378093465b6b4ce9.jpg","URL":"http:\/\/media.eol.org\/content\/2011\/11\/01\/13\/60040_orig.jpg"},"iucnStatus":""},"48133348":{"collectionid":29641,"pageid":1241477,"taxonConceptId":48133348,"taxonName":"Ursus arctos horribilis","textDesc":"","flathierarchy":null,"preferredCommonNames":{"vernacularName":"grizzly bear","language":"en","eol_preferred":true},"commonNames":[{"vernacularName":"grizzly bear","language":"en","eol_preferred":true},{"vernacularName":"Mexican grizzly bear","language":"en"},{"vernacularName":"brown bear","language":"en"},{"vernacularName":"Oso plateado","language":"es","eol_preferred":true},{"vernacularName":"Oso grizzly","language":"es"},{"vernacularName":"Oso pardo","language":"es"}],"image":{"objectId":"0ad4159aa99f7ac49a38f189d64a5cfb","identifier":"0ad4159aa99f7ac49a38f189d64a5cfb","title":"0ad4159aa99f7ac49a38f189d64a5cfb","licence":"http:\/\/creativecommons.org\/licenses\/publicdomain\/","rights":null,"credits":"Nickles, John&copy; ","description":null,"mimeType":"jpg","fileName":"0ad4159aa99f7ac49a38f189d64a5cfb.jpg","URL":"http:\/\/media.eol.org\/content\/2009\/07\/24\/11\/43147_orig.jpg"},"iucnStatus":""},"48134686":{"collectionid":29641,"pageid":328607,"taxonConceptId":48134686,"taxonName":"Canis lupus Linnaeus, 1758","textDesc":{"objectId":"528f55e30580bfc058470043bad56798","identifier":"528f55e30580bfc058470043bad56798","title":"Physical Description","licence":"http:\/\/creativecommons.org\/licenses\/by-nc-sa\/3.0\/","rights":"\u00a91995-2012, The Regents of the University of Michigan and its licensors","credits":"&copy; The Regents of the University of Michigan and its licensors","description":"<p>The largest of approximately 41 wild species of <span class=\u0022taxon-name\u0022>canids<\/span>, gray wolves vary <br\/>in size based primarily on geographic locality, with southern populations generally smaller than northern <br\/>populations. Total body length, from tip of the nose to tip of the tail, is from 1000 to 1300 mm in males, and 870 to <br\/>1170 mm in females.  Tail length ranges between 350 to 520 mm. Males can weigh from 30 to 80 kg, with an average of 55 <br\/>kg, females can weigh from 23 to 55 kg, with an average of 45 kg.  Height (measured from base of paws to shoulder) generally <br\/>ranges from 60 to 90 cm. Distance between the canines is around 4 cm.<\/p><p>Fur color of gray wolves also varies <br\/>geographically, ranging from pure white in Arctic populations, to mixtures of white with gray, brown, cinammon, <br\/>and black to nearly uniform black in some color phases.<\/p><p>North American populations have three distinct <br\/>color phases.  The normal phase is characterized by varying mixtures of white with shades of black, gray, cinnamon, <br\/>and brown on the upper parts of the animal.  The back is usually more profoundly black, and the muzzle, ears, and <br\/>limbs have cinammon coloration as well.  Under parts are whitish and the tail is conspicuously black over the tail <br\/>gland, and paler below to the tip, which is nearly pure black.  The black phase of North American populations is <br\/>characterized by the upper parts varying from brown to black, with specks of white; the underparts are paler in <br\/>tone, and there is often a pure white medial pectoral spot.  The third color phase occurs during the first pelage <br\/>of young wolves.  The upper parts are drab-gray, overlaid with brownish-black.  The underparts are paler as well, <br\/>and the ears vary from black to buffy, depending on the subspecies (Young 1944).<\/p><p>Gray wolves have a dense <br\/>underfur layer, providing them with excellent insulation against cold conditions.<\/p><p>Gray wolves can <br\/>be distinguished from red wolves (<span class=\u0022taxon-name\u0022>Canis rufus<\/span>) by their larger size, broader <br\/>snout, and shorter ears.  They are distinguished from coyotes (<span class=\u0022taxon-name\u0022>Canis latrans<\/span>) <br\/>by being 50 to 100% larger and having a broader snout and larger feet.<\/p><p><strong>Range mass:<\/strong> 23.0 <br\/>to 80 kg.<\/p><p><strong>Range length:<\/strong> 870 to 1300 mm.<\/p><p><strong>Other Physical Features: <br\/><\/strong> endothermic ; homoiothermic; bilateral symmetry <\/p><p><strong>Sexual Dimorphism: <\/strong> <br\/>male larger<\/p> "},"flathierarchy":null,"preferredCommonNames":{"vernacularName":"Wolf","language":"en","eol_preferred":true},"commonNames":[{"vernacularName":"Kurio","language":"","eol_preferred":true},{"vernacularName":"Peto","language":"","eol_preferred":true},{"vernacularName":"Domesticated Dog","language":""},{"vernacularName":"\u0627\u0644\u0630\u0626\u0628 \u0627\u0644\u0639\u0631\u0628\u0649","language":"ar","eol_preferred":true},{"vernacularName":"Wolf (Der)","language":"de","eol_preferred":true},{"vernacularName":"Haushund","language":"de"},{"vernacularName":"Wolf","language":"en","eol_preferred":true},{"vernacularName":"Arabian Wolf","language":"en"},{"vernacularName":"Common wolf","language":"en"},{"vernacularName":"Grey Wolf","language":"en"},{"vernacularName":"Mexican wolf","language":"en"},{"vernacularName":"Plains wolf","language":"en"},{"vernacularName":"Tundra Wolf","language":"en"},{"vernacularName":"Wolf, Gray wolf","language":"en"},{"vernacularName":"arctic wolf","language":"en"},{"vernacularName":"dingo","language":"en"},{"vernacularName":"domestic dog","language":"en"},{"vernacularName":"domestic dog (feral)","language":"en"},{"vernacularName":"gray wolf","language":"en"},{"vernacularName":"timber wolf","language":"en"},{"vernacularName":"Canis lupus","language":"es","eol_preferred":true},{"vernacularName":"Lobo","language":"es"},{"vernacularName":"Lobo gris","language":"es"},{"vernacularName":"Loup vulgaire","language":"fr","eol_preferred":true},{"vernacularName":"Loup gris","language":"fr"},{"vernacularName":"loup","language":"fr"},{"vernacularName":"Guri","language":"mi","eol_preferred":true},{"vernacularName":"Kuri","language":"mi"},{"vernacularName":"Pero","language":"mi"},{"vernacularName":"Wolf (dier)","language":"nl","eol_preferred":true},{"vernacularName":"Hond","language":"nl"},{"vernacularName":"dingo","language":"nl"},{"vernacularName":"\u0412\u043e\u043b\u043a \u043e\u0431\u044b\u043a\u043d\u043e\u0432\u0435\u043d\u043d\u044b\u0439 ( \u0441\u0435\u0440\u044b\u0439)","language":"ru","eol_preferred":true},{"vernacularName":"Uli","language":"sm","eol_preferred":true},{"vernacularName":"bhairrya","language":"ur","eol_preferred":true},{"vernacularName":"bhagyarr","language":"ur"},{"vernacularName":"za'eb","language":"ur"},{"vernacularName":"Lang","language":"zh","eol_preferred":true},{"vernacularName":"\u72fc","language":"zh-Hans","eol_preferred":true},{"vernacularName":"\u5f20\u4e09\u51e0","language":"zh-Hans"},{"vernacularName":"\u7070\u72fc","language":"zh-Hans"}],"image":{"objectId":"a6a24dd395a7dff4e217f5d92258f41d","identifier":"a6a24dd395a7dff4e217f5d92258f41d","title":"Wolf on the prowl","licence":"http:\/\/creativecommons.org\/licenses\/by-nc-sa\/2.0\/","rights":null,"credits":"<a href='http:\/\/www.flickr.com\/photos\/10332494@N00'>\u00c1rd\u00eds<\/a>&copy; ","description":null,"mimeType":"jpg","fileName":"a6a24dd395a7dff4e217f5d92258f41d.jpg","URL":"http:\/\/media.eol.org\/content\/2011\/11\/01\/16\/91174_orig.jpg"},"iucnStatus":""},"48132625":{"collectionid":29641,"pageid":289588,"taxonConceptId":48132625,"taxonName":"Desmodus rotundus","textDesc":{"objectId":"614e158126e721175d915f18c6723311","identifier":"614e158126e721175d915f18c6723311","title":"Description","licence":"http:\/\/creativecommons.org\/licenses\/by-nc-sa\/3.0\/","rights":"Copyright Wildscreen 2003-2008","credits":"&copy; Wildscreen","description":"No species has contributed more to the misunderstanding and fear of bats than the vampire bat (4). Public perception <br\/>and movie portrayal of them as huge, creepy, blood-sucking killers is sensationalist and incorrect. The common <br\/>vampire bat in fact rarely kills its prey and is relatively small and ordinary looking, although it does possess <br\/>some fascinating adaptations to its specialized feeding behaviour (5). The thin, pointed, blade-like incisors <br\/>are so sharp that the victim seldom notices the incision into its flesh (6). Heat sensors on their nose are also <br\/>an adaptation to help the vampire bat find a good spot on an animal's body to feed (5). Strong hind legs and a special <br\/>thumb help the bat to climb around on its prey and to take off after feeding (5) (7). The coat is dark greyish-brown, <br\/>paler on the stomach and females are usually larger than males (2). "},"flathierarchy":null,"preferredCommonNames":{"vernacularName":"common vampire bat","language":"en","eol_preferred":true},"commonNames":[{"vernacularName":"up\u00edr obecn\u00fd","language":"cs","eol_preferred":true},{"vernacularName":"up\u00edr rud\u00fd","language":"cs"},{"vernacularName":"Gemeiner Vampir","language":"de","eol_preferred":true},{"vernacularName":"common vampire bat","language":"en","eol_preferred":true},{"vernacularName":"Vampire Bat","language":"en"}],"image":{"objectId":"9e22fbb3e94c92fecaa0ce9da1dd6ed5","identifier":"9e22fbb3e94c92fecaa0ce9da1dd6ed5","title":"File:Desmodus.jpg","licence":"http:\/\/creativecommons.org\/licenses\/by-sa\/3.0\/","rights":null,"credits":"&copy; ","description":null,"mimeType":"jpg","fileName":"9e22fbb3e94c92fecaa0ce9da1dd6ed5.jpg","URL":"http:\/\/media.eol.org\/content\/2012\/06\/12\/20\/86951_orig.jpg"},"iucnStatus":""},"48144084":{"collectionid":29641,"pageid":452959,"taxonConceptId":48144084,"taxonName":"Agkistrodon piscivorus","textDesc":"","flathierarchy":null,"preferredCommonNames":{"vernacularName":"cottonmouth","language":"en","eol_preferred":true},"commonNames":[{"vernacularName":"Wassermokassinotter","language":"de","eol_preferred":true},{"vernacularName":"Wasser-Mokassinotter","language":"de"},{"vernacularName":"cottonmouth","language":"en","eol_preferred":true},{"vernacularName":"Water Moccasin","language":"en"},{"vernacularName":"conanti","language":"en"},{"vernacularName":"conanti: Florida Cottonmouth","language":"en"},{"vernacularName":"leucostoma: Western Cottonmouth","language":"en"},{"vernacularName":"piscivorus: Eastern Cottonmouth","language":"en"}],"image":{"objectId":"cf8d007c583556b95d07c405b656ea39","identifier":"cf8d007c583556b95d07c405b656ea39","title":"Florida Cottonmouth","licence":"http:\/\/creativecommons.org\/licenses\/by-nc-sa\/2.0\/","rights":null,"credits":"<a href='http:\/\/www.flickr.com\/photos\/7433769@N08'>Andy Jones<\/a>&copy; ","description":null,"mimeType":"jpg","fileName":"cf8d007c583556b95d07c405b656ea39.jpg","URL":"http:\/\/media.eol.org\/content\/2011\/12\/03\/01\/67310_orig.jpg"},"iucnStatus":""}}