{"48131011":{"collectionid":29654,"pageid":976911,"taxonConceptId":48131011,"taxonName":"Sylvilagus nuttallii","textDesc":{"objectId":"2836c29a4889063e391a9201f144c9d3","identifier":"2836c29a4889063e391a9201f144c9d3","title":"Description","licence":"http:\/\/creativecommons.org\/licenses\/by\/3.0\/","rights":null,"credits":"&copy; Smithsonian Institution","description":"\u0022At dawn and dusk in the mountainous regions of the western United States, the Mountain Cottontail forages for <br\/>sagebrush, western juniper, and grasses, almost always close to cover. As befits a rabbit that lives where it <br\/>gets very cold, its feet are covered with long, dense hair, and its rather short ears are furry inside. Young rabbits <br\/>are born blind and hairless, in nests lined with grass and the mother's fur, in litters of four to eight. (In contrast, <br\/>hares are born fully furred and ready to hop.) A female Mountain Cottontail may produce five litters each year.\u0022<br><br>Links:<br><A <br\/>href=\u0022http:\/\/www.bucknell.edu\/msw3\/\u0022 target=_blank>Mammal Species of the World<\/A><br><A href=\u0022http:\/\/www.science.smith.edu\/departments\/Biology\/VHAYSSEN\/msi\/pdf\/i0076-3519-056-01-0001.pdf\u0022 <br\/>target=_blank>Click here for The American Society of Mammalogists species account<\/A> "},"flathierarchy":[{"sourceIdentifier":"6850118","taxonID":48131011,"parentNameUsageID":48130969,"taxonConceptID":976911,"scientificName":"Sylvilagus nuttallii (Bachman, 1837)","taxonRank":"Species","type":"leaf"}],"preferredCommonNames":{"vernacularName":"Nuttall's cottontail","language":"en","eol_preferred":true},"commonNames":[{"vernacularName":"Nuttall's cottontail","language":"en","eol_preferred":true},{"vernacularName":"mountain cottontail","language":"en"}],"image":{"objectId":"336d98047720093c9a891debec2767b5","identifier":"336d98047720093c9a891debec2767b5","title":"Sylvilagus nuttallii","licence":"http:\/\/creativecommons.org\/licenses\/by-nc-sa\/3.0\/","rights":"Copyright Phil Myers","credits":"Phil Myers, Museum of Zoology, University of Michigan&copy; Phil Myers","description":null,"mimeType":"jpg","fileName":"336d98047720093c9a891debec2767b5.jpg","URL":"http:\/\/media.eol.org\/content\/2012\/05\/08\/09\/03817_orig.jpg"}},"48130582":{"collectionid":29654,"pageid":328648,"taxonConceptId":48130582,"taxonName":"Equus caballus","textDesc":{"objectId":"4b38f880aab8012f70020d42af1fc7a8","identifier":"4b38f880aab8012f70020d42af1fc7a8","title":"4b38f880aab8012f70020d42af1fc7a8","licence":"http:\/\/creativecommons.org\/licenses\/by-nc-sa\/3.0\/","rights":null,"credits":"&copy; Jacqueline Courteau","description":"<i>Equus caballus caballus<\/i>, the modern horse, in the Equidae family of the Perissodactyls (odd-toed ungulates) <br\/>evolved from three primitive ancestors in Eurasia by the end of the last Ice Age, roughly 10,000 years ago. From <br\/>their early uses in carrying vehicles and pulling loads, horses have been selected into hundreds of specialized <br\/>breeds used around the world for transportation (either ridden or harnessed to convey wheeled vehicles), agriculture <br\/>(to pull equipment and ride after cattle), and war (for carrying troops into battle and carting equipment), as <br\/>well as in numerous competition and show disciplines, ranging from racing to Olympic sports (dressage, jumping, <br\/>and eventing\u2014a 3-part competition that includes dressage, cross-country, and show jumping) to various Western <br\/>and rodeo events, including reining, barrel-racing, and team penning, as well as in therapy work. Most horses <br\/>are domesticated, but there are some feral populations in isolated pockets around the world. <br\/> <br\/>Horses <br\/>are medium to large mammals, with long heads and necks with a mane. Their legs are slender and end in a single toe, <br\/>protected by a horny hoof. They have long, slender tails, either ending in a tuft, or entirely covered in flowing <br\/>hair. They are adapted to generally open terrain, from plains and savannas, to mountains or deserts. Equines <br\/>are one of only two mammals (the other is the human) capable of producing copious sweat perspiration for thermoregulatory <br\/>cooling, enabling fast running over long distances. <br\/> <br\/>Horses are herbivores, and feed predominantly <br\/>on tough, fibrous food, such as grasses and sedges. When in need, they will also eat other vegetable matter, such <br\/>as leaves, fruits, or bark, but are normally grazers, not browsers. Unlike ruminants, with their complex stomachs, <br\/>equines break down cellulose in the \u0022hindgut\u0022 or caecum, a part of the colon. <br\/> <br\/><i>Equus caballus sylvaticus<\/i>, <br\/>the Forest or Diluvian Horse, appears to be the ancestor of the modern draft and heavyweight breeds; these horses <br\/>were slow-moving and stoutly built, with coarse, thick coats, manes, and tails. <i>Equus caballus gmelini<\/i> <br\/>Antonius, the Tarpan horse, from eastern Europe and the steppes of southern Russia, had a smaller, lighter build, <br\/>but was hardy, strong and speedy; many pony and light horse breeds are believed to have evolved from this lineage. <br\/><i>Equus caballus przewalskii prsewalskii <\/i>Poliakov, the Asiatic horse, was discovered in the wild in Mongolia <br\/>in 1879, and a few populations still live in the wild in eastern Asia, as well as in zoos. Although the Asiatic horse, <br\/>which is hardy, cold-resistant and dun with darker mane and tail, is considered to be ancestral to many breeds, <br\/>it has a different chromosome number (33, vs. the 32 found in modern horse breeds). Differing lineages or combinations <br\/>of the three original subspecies in turn yielded four general types of ponies and horses from which all modern <br\/>breeds derive. <br\/> <br\/>The horse was first domesticated 5,000 to 6,000 years ago, perhaps earlier. Horses <br\/>appear to have been domesticated in conjunction with the evolution of agriculture. From this start, horse breeds <br\/>were developed and used in warfare and for transportation. <br\/> <br\/>(McBane 2005, Wikipedia 2012.) "},"flathierarchy":[{"sourceIdentifier":"6850456","taxonID":48130582,"parentNameUsageID":48130580,"taxonConceptID":328648,"scientificName":"Equus caballus Linnaeus, 1758","taxonRank":"Species","type":"leaf"}],"preferredCommonNames":{"vernacularName":"horse","language":"en","eol_preferred":true},"commonNames":[{"vernacularName":"equine","language":"","eol_preferred":true},{"vernacularName":"brumby","language":""},{"vernacularName":"Shetlandpony","language":"de"},{"vernacularName":"horse","language":"en","eol_preferred":true},{"vernacularName":"Domestic Horse","language":"en"},{"vernacularName":"Przewalski's horse","language":"en"},{"vernacularName":"horse (feral)","language":"en"},{"vernacularName":"Caballo","language":"es","eol_preferred":true},{"vernacularName":"\u0918\u094b\u0921\u093e","language":"hi","eol_preferred":true},{"vernacularName":"\u0918\u094b\u0921\u093e","language":"mr","eol_preferred":true},{"vernacularName":"k'orra","language":"pa","eol_preferred":true},{"vernacularName":"ghorra","language":"ur","eol_preferred":true},{"vernacularName":"isp","language":"ur"},{"vernacularName":"\u91ce\u9a6c","language":"zh-Hans","eol_preferred":true},{"vernacularName":"\u5854\u5e0c","language":"zh-Hans"},{"vernacularName":"\u592a\u5c14\u6f58","language":"zh-Hans"},{"vernacularName":"\u5947\u5404\u53f0","language":"zh-Hans"},{"vernacularName":"\u666e\u6c0f\u91ce\u9a6c","language":"zh-Hans"},{"vernacularName":"\u8499\u53e4\u91ce\u9a6c","language":"zh-Hans"},{"vernacularName":"\u8e0f\u563f","language":"zh-Hans"}],"image":{"objectId":"dd08d59879004f41c0c10bcb4b779717","identifier":"dd08d59879004f41c0c10bcb4b779717","title":"File:Chevaux estive Pyrenees.jpg","licence":"http:\/\/creativecommons.org\/licenses\/by-sa\/3.0\/","rights":null,"credits":"<a href='http:\/\/commons.wikimedia.org\/wiki\/User:Myrabella'>Photo: Myrabella<\/a>&copy; ","description":null,"mimeType":"jpg","fileName":"dd08d59879004f41c0c10bcb4b779717.jpg","URL":"http:\/\/media.eol.org\/content\/2012\/06\/12\/10\/88921_orig.jpg"}},"48133399":{"collectionid":29654,"pageid":328070,"taxonConceptId":48133399,"taxonName":"Ailuropoda melanoleuca","textDesc":{"objectId":"157fdde1ccca4e70aa48c89bcebc24e9","identifier":"157fdde1ccca4e70aa48c89bcebc24e9","title":"Biology","licence":"http:\/\/creativecommons.org\/licenses\/by-nc-sa\/3.0\/","rights":"Copyright Wildscreen 2003-2008","credits":"&copy; Wildscreen","description":"Adults of this solitary species have well-defined home ranges and rarely meet, except in the mating season that <br\/>runs from March to May (5). During this time, pandas signal their presence by marking trees and banks with scent <br\/>secreted from glands located beneath the tail (6). They will also strip bark and occasionally males will dust <br\/>bathe; dust particles become covered with the pandas' scent and then waft into the air (6). Males also call during <br\/>this time, and these can be heard echoing through the mountains (7). Females give birth to a single cub that is born <br\/>in an extremely immature stage of development; weighing only a tiny fraction (0.001%) of their mother's weight <br\/>(5). The female cares for her cub in a den located in the base of a hollow tree or in a cave for the first few months of <br\/>its life (4) (8). Young pandas remain dependent on their mother for a year, by which time they are weaned, but usually <br\/>remain with their mothers until they are two years of age and sometimes longer (4) (8). During this time, females <br\/>may leave their cubs to forage for days at a time and in the past these supposedly 'abandoned' cubs were taken into <br\/>captivity (4).&nbsp;Pandas are unusual amongst the larger mammals for the extreme specialisation of their <br\/>diet, which depends almost entirely on bamboo. Bamboo is a relatively abundant food source but has poor nutritional <br\/>value; adults must spend around 14 hours a day feeding (4), and need to consume between 10 and 20 kg over 24 hours <br\/>(8). They therefore alternate periods of feeding and resting throughout the day and night (7). Bamboo is evergreen <br\/>and in winter pandas concentrate on leaves and stems, descending to lower altitudes in search of new shoots in <br\/>spring (6). Despite their specialisation on bamboo, pandas will readily scavenge on meat should they come across <br\/>it (7). "},"flathierarchy":[{"sourceIdentifier":"6902487","taxonID":48133399,"parentNameUsageID":48133398,"taxonConceptID":328070,"scientificName":"Ailuropoda melanoleuca (David, 1869)","taxonRank":"Species","type":"leaf"}],"preferredCommonNames":{"vernacularName":"Giant Panda","language":"en","eol_preferred":true},"commonNames":[{"vernacularName":"Gro\u00dfer Panda","language":"de","eol_preferred":true},{"vernacularName":"Giant Panda","language":"en","eol_preferred":true},{"vernacularName":"Bamboo bear","language":"en"},{"vernacularName":"Great Panda","language":"en"},{"vernacularName":"Panda gigante","language":"es","eol_preferred":true},{"vernacularName":"Panda g\u00e9ant","language":"fr","eol_preferred":true},{"vernacularName":"Panda","language":"fr"},{"vernacularName":"Reuzenpanda","language":"nl","eol_preferred":true},{"vernacularName":"\u0411\u043e\u043b\u044c\u0448\u0430\u044f \u043f\u0430\u043d\u0434\u0430","language":"ru","eol_preferred":true},{"vernacularName":"\u041f\u0430\u043d\u0434\u0430 \u0431\u043e\u043b\u044c\u0448\u0430\u044f","language":"ru"},{"vernacularName":"Beishung","language":"zh","eol_preferred":true},{"vernacularName":"Da-xiong-mao","language":"zh"},{"vernacularName":"Hong-chun-bao","language":"zh"},{"vernacularName":"\u5927\u718a\u732b","language":"zh-Hans","eol_preferred":true},{"vernacularName":"\u201c\u5ce8\u66f2\u201d\uff08\u5f5d\uff09","language":"zh-Hans"},{"vernacularName":"\u201c\u675c\u6d1e\u201d\uff08\u85cf\uff09","language":"zh-Hans"},{"vernacularName":"\u5927\u732b\u718a","language":"zh-Hans"},{"vernacularName":"\u767d\u718a","language":"zh-Hans"},{"vernacularName":"\u7af9\u718a","language":"zh-Hans"},{"vernacularName":"\u82b1\u718a","language":"zh-Hans"},{"vernacularName":"\u8c98(\u201c\u672c\u8349\u7eb2\u76ee\u201d)","language":"zh-Hans"}],"image":{"objectId":"f6bd1dae5ebc2a671978f3ded8c26ab2","identifier":"f6bd1dae5ebc2a671978f3ded8c26ab2","title":"Giant Panda","licence":"http:\/\/creativecommons.org\/licenses\/by-nc-sa\/2.0\/","rights":null,"credits":"<a href='http:\/\/www.flickr.com\/photos\/51045845@N08'>Smithsonian Wild<\/a>&copy; ","description":null,"mimeType":"jpg","fileName":"f6bd1dae5ebc2a671978f3ded8c26ab2.jpg","URL":"http:\/\/media.eol.org\/content\/2012\/02\/27\/00\/74008_orig.jpg"}},"48130580":{"collectionid":29654,"pageid":15580,"taxonConceptId":48130580,"taxonName":"Equus subg. Hippotigris","textDesc":{"objectId":"362ade6d52ab14752ec2456ef5fff2b6","identifier":"362ade6d52ab14752ec2456ef5fff2b6","title":"Locations of barcode samples","licence":"http:\/\/creativecommons.org\/licenses\/by\/3.0\/","rights":null,"credits":"&copy; Barcode of Life Data Systems","description":"Collection Sites: world map showing specimen collection locations for <i>Equus<\/i><br><img border='0' src='http:\/\/www.boldsystems.org\/index.php\/TaxBrowser_Maps_CollectionSites?taxid=5503'><br><img <br\/>src='http:\/\/www.boldsystems.org\/libhtml\/icons\/mapScale_BOLD.png'> "},"flathierarchy":[{"sourceIdentifier":"11072397","taxonID":48130580,"parentNameUsageID":48130579,"taxonConceptID":15580,"scientificName":"Equus","taxonRank":"Genus","type":"leaf"}],"preferredCommonNames":{"vernacularName":"horses","language":"en","eol_preferred":true},"commonNames":[{"vernacularName":"Tokara pony","language":"","eol_preferred":true},{"vernacularName":"Mule","language":""},{"vernacularName":"horse","language":""},{"vernacularName":"horses","language":"en","eol_preferred":true}],"image":{"objectId":"9ee0bb9310ab3511b0de510e5722e59e","identifier":"9ee0bb9310ab3511b0de510e5722e59e","title":"File:Equus burchelli 4.jpg","licence":"http:\/\/creativecommons.org\/licenses\/by-sa\/3.0\/","rights":null,"credits":"<a href='http:\/\/commons.wikimedia.org\/wiki\/User:Biopics'>Hans Hillewaert<\/a>&copy; ","description":null,"mimeType":"jpg","fileName":"9ee0bb9310ab3511b0de510e5722e59e.jpg","URL":"http:\/\/media.eol.org\/content\/2012\/06\/13\/04\/87346_orig.jpg"}},"48130534":{"collectionid":29654,"pageid":15593,"taxonConceptId":48130534,"taxonName":"Bradypus","textDesc":{"objectId":"d4e35410d5ed012f3c6047c480ab80b2","identifier":"d4e35410d5ed012f3c6047c480ab80b2","title":"d4e35410d5ed012f3c6047c480ab80b2","licence":"http:\/\/creativecommons.org\/licenses\/by\/3.0\/","rights":null,"credits":"&copy; Leo Shapiro","description":"<p><\/p> <br\/><p>The genus <em>Bradypus<\/em>,&nbsp;the sole genus in the family Bradypodidae, includes four <br\/>species:<\/p> <br\/><p>1) the Brown-throated Three-toed Sloth (<em>B. variegatus<\/em>), which is found over <br\/>much of Central and South America<\/p> <br\/><p>2) the Pale-throated Three-toed Sloth (<em>B. tridactylus<\/em>), <br\/>which is found in northeastern South America<\/p> <br\/><p>3) the Maned Three-toed Sloth (<em>B. torquatus<\/em>), <br\/>which is limited to the remaining fragments of the Atlantic coastal forest in Brazil<\/p> <br\/><p>4) the Pygmy <br\/>Three-toed Sloth (<em>B. pygmaeus<\/em>), described only in 2001, which is found exclusively in Red Mangroves <br\/>on the several square kilometer <a href=\u0022http:\/\/en.wikipedia.org\/wiki\/Isla_Escudo_de_Veraguas\u0022>Isla <br\/>Escudo de Veraguas of Bocas del Toro<\/a>, around 17 km off the Caribbean coast of Panama (Anderson and Handley <br\/>2001, 2002; Hayssen 2008)<\/p> <br\/><p>With the exception of the Pygmy Three-toed Sloth, all three-toed sloths <br\/>are restricted to New World tropical rainforests. de Moraes-Barros et al. (2011) address the confusion between <br\/>the Brown-throated and Pale-throated Three-toed Sloths, especially in north-central Brazil (mainly actual <br\/>Brown-throated specimens misidentified as Pale-throateds). &nbsp;<\/p> <br\/><p>The two species of two-toed <br\/>sloths (Hoffmann's Two-toed Sloth,<em> Choloepus&nbsp;hoffmanni, <\/em>and Southern Two-toed Sloth, <em>C. <br\/>didactylus<\/em>) are now placed in the family Megalonychidae (with the extinct giant ground sloths) rather <br\/>than with the three-toed sloths in the Bradypodidae as they used to be.<\/p> <br\/><p>Sloth feet have no free toes, <br\/>but do have two or three long, curved claws that form a hook by which the animals can hang passively from a branch <br\/>or clasp objects against the palm. Sloths have long limbs, short bodies, and stumpy tails. Their heads can rotate <br\/>over 90 degrees. Sloths feed mainly on forest canopy leaves, which they digest by bacterial fermentation in a <br\/>many-chambered stomach. Consistent with their reputation, sloths move slowly&mdash;and not much. The single <br\/>young spends 6 to 9 months clinging to its mother, usually to her chest. Although sloths are silent and inconspicuous, <br\/>they are preyed on extensively by eagles and, in some places, Jaguars.<\/p> <br\/><p>The long, coarse hairs of <br\/>sloths have either deep grooves running the length of each hair (two-toed sloths, <em>Choloepus<\/em>) or irregular <br\/>transverse cracks that increase in number and size with age (three-toed sloths, <em>Bradypus<\/em>). A wide <br\/>variety of organisms have been reported to occur both in the grooves and cracks of sloth hairs (including cyanobacteria <br\/>and diatoms) and among their hairs (including moths, beetles, cockroaches, and nematode roundworms). However, <br\/>the greenish color of the hair, which is most evident in three-toed sloths, is due to green algae, which have generally <br\/>been identified as <em>Trichophilus welckeri<\/em>. It is often assumed that the association between three-toed <br\/>sloths and the algae embedded in their hairs is a mutualistic one, with the algae obtaining shelter in the cracks <br\/>of the hair while providing green camouflage for the sloth (it has also has been proposed, however, that the relationship <br\/>may be a commensal one, with the alga offering no benefit to the sloth but simply taking advantage of an available <br\/>habitat).<\/p> <br\/><p>Analyses by Suutari et al. (2010) provided support for the hypothesis that there is a <br\/>specific symbiosis of some sort between sloths and <em>Trichophilus <\/em>green algae. Suutari et al. identified <br\/>three different patterns of algae occurrence in the hair of five sloth species: 1) The green alga in the fur of Brown-throated <br\/>Three-toed Sloths and Pygmy Three-toed Sloths was a unique species and no other green algae were found in their <br\/>fur. Microscopic features of the algae on the hair were consistent with the genus <i>Trichophilus<\/i>. 2)<i> <br\/><\/i>Maned Three-toed Sloths were found to host a variety of algae belonging to genera known to be terrestrial,such <br\/>as <i>Trentepholia <\/i>and <i>Myrmecia<\/i>. 3) Hoffmann's Two-toed Sloths and Pale-throated Three-toed <br\/>Sloths showed both patterns, hosting terrestrial green algae from their surroundings as well as <i>Trichophilus<\/i>. <br\/>Molecular phylogenetic analyses of the <i>Trichophilus <\/i>green algae revealed that those found on&nbsp;Brown-throated <br\/>Three-toed Sloths<i>, <\/i>Pygmy Three-toed Sloths<i> <\/i>and&nbsp;Pale-throated Three-toed Sloths<i> <br\/><\/i>belong to a separate lineage from those occurring on Hoffmann's Two-toed Sloths. Given that Brown-throated <br\/>Three-toed Sloths and Hoffmann's Two-toed Sloths co-occur, this finding suggests evolved specialized associations <br\/>between <i>Trichophilus <\/i>species and different sloth<i> <\/i>species. The three or more <em>Trichophilus<\/em> <br\/>green alga species that have been found only in sloth hair are presumably passed directly from mother to offspring.<\/p> <br\/><br\/><p>In addition to <a href=\u0022http:\/\/en.wikipedia.org\/wiki\/Primary_producers\u0022>primary producers<\/a> <br\/>(algae), sloth fur also harbors <a href=\u0022http:\/\/en.wikipedia.org\/wiki\/Heterotroph\u0022>heterotrophic<\/a> <br\/>organisms (ciliates, apicomplexans, and dinoflagellates) as well as <a href=\u0022http:\/\/en.wikipedia.org\/wiki\/Decomposer\u0022>decomposers<\/a> <br\/>(fungi), suggesting that sloth fur supports a versatile microscopic ecosystem. Several pyralid moths are known <br\/>to be closely associated with sloths (Waage and Montgomery 1976; Bradley 1982).<\/p> <br\/><p>(Emmons 1990; <br\/>Suutari et al. 2010 and references therein)<\/p> "},"flathierarchy":[{"sourceIdentifier":"11123811","taxonID":48130534,"parentNameUsageID":48130533,"taxonConceptID":15593,"scientificName":"Bradypus","taxonRank":"Genus","type":"leaf"}],"preferredCommonNames":{"vernacularName":"Three-toed sloths","language":"en","eol_preferred":true},"commonNames":[{"vernacularName":"Three-toed sloths","language":"en","eol_preferred":true}],"image":{"objectId":"f45680b2595e22edd63a3b4e5a9fc7f8","identifier":"f45680b2595e22edd63a3b4e5a9fc7f8","title":"File:MC Drei-Finger-Faultier.jpg","licence":"http:\/\/creativecommons.org\/licenses\/by\/3.0\/","rights":null,"credits":"<a href='http:\/\/en.wikipedia.org\/wiki\/User:Chmehl'>Christian Mehlf\u00fchrer, &lt;i&gt;Chmehl&lt;\/i&gt;<\/a>&copy; ","description":null,"mimeType":"jpg","fileName":"f45680b2595e22edd63a3b4e5a9fc7f8.jpg","URL":"http:\/\/media.eol.org\/content\/2012\/06\/12\/20\/03406_orig.jpg"}},"47683996":{"collectionid":29654,"pageid":856920,"taxonConceptId":47683996,"taxonName":"Valanga irregularis (Walker, F., 1870)","textDesc":{"objectId":"cc3f67fb188430047702e737edeee3dc","identifier":"cc3f67fb188430047702e737edeee3dc","title":"Statistics of barcoding coverage: Valanga irregularis","licence":"http:\/\/creativecommons.org\/licenses\/by\/3.0\/","rights":null,"credits":"&copy; Barcode of Life Data Systems","description":"Barcode of Life Data Systems (BOLDS) Stats <br> Public Records: 0<br>Specimens with Barcodes: 3<br>Species <br\/>With Barcodes: 1<br><br> "},"flathierarchy":[{"sourceIdentifier":"7664025","taxonID":47683996,"parentNameUsageID":47683949,"taxonConceptID":856920,"scientificName":"Valanga irregularis (Walker, F., 1870)","taxonRank":"Species","type":"leaf"}],"preferredCommonNames":false,"commonNames":[{"vernacularName":"Giant Locust","language":"","eol_preferred":true},{"vernacularName":"Hedge Grasshopper","language":""}],"image":{"objectId":"ae9a2c853ea31359a48916c77e154865","identifier":"ae9a2c853ea31359a48916c77e154865","title":"File:Giant Grasshopper.JPG","licence":"http:\/\/creativecommons.org\/licenses\/by-sa\/3.0\/","rights":null,"credits":"<a href='http:\/\/commons.wikimedia.org\/wiki\/User:Quartl'>Quartl<\/a>&copy; ","description":null,"mimeType":"jpg","fileName":"ae9a2c853ea31359a48916c77e154865.jpg","URL":"http:\/\/media.eol.org\/content\/2012\/06\/15\/16\/88342_orig.jpg"}},"48131322":{"collectionid":29654,"pageid":128425,"taxonConceptId":48131322,"taxonName":"Phascolarctos cinereus","textDesc":{"objectId":"d34cd2d4d21eadfdfcb68b5e3c971cea","identifier":"d34cd2d4d21eadfdfcb68b5e3c971cea","title":"Biology","licence":"http:\/\/creativecommons.org\/licenses\/by-nc-sa\/3.0\/","rights":"Copyright Wildscreen 2003-2008","credits":"&copy; Wildscreen","description":"Koalas are primarily nocturnal, spending most of their time in the branches of trees where they can feed, rest <br\/>and gain some protection from ground-dwelling predators (6). Much of a koala's time is spent sleeping, and when <br\/>awake they are still a fairly sedentary species. An adult consumes about 500g of fresh leaves per day (3). Koalas <br\/>feed on a variety of trees, but the bulk of their diet comes from only a few eucalypt species (6), with marked local <br\/>and regional differences for the species of eucalypts preferred (5). Eucalyptus leaves are very fibrous and <br\/>highly toxic, but koalas have evolved to cope with these problems with special cheek teeth that grind the leaves <br\/>into a fine paste, which is then digested by microbes in the caecum part of the intestine which is unusually long, <br\/>at around 200cm, and has a blind end, unlike the caecum in most other mammals. Some of the poisons are detoxified <br\/>in the liver. The diet does not provide much energy, but the long periods spent sleeping, along with their relatively <br\/>small brains, help compensate for this (3). There is also evidence that suggests koalas may perform myrecism <br\/>- regurgitating and re-chewing partially digested food, which extracts more energy from the food (7).&nbsp;Both <br\/>males and females reach sexual maturity at around two years old, but males are rarely large enough to compete for <br\/>mating access until four years old.  Females normally give birth to one young every year but in older females this <br\/>may reduce to one every two years. The newborn 'joey' is underdeveloped and crawls rapidly through the mother's <br\/>fur to her pouch, where it suckles for six months. During weaning, in addition to milk, the joey feeds on a substance <br\/>called 'pap' which is a liquefied form of the mother's faeces and provides the joey's digestive system with the <br\/>micro-organisms necessary for digesting the eucalyptus leaves (4). Having first left the pouch during this <br\/>time, the joey rides on its mother's belly, and later rides on her back. It normally remains with its mother until <br\/>the following year's joey has emerged from the pouch (3). "},"flathierarchy":[{"sourceIdentifier":"6863039","taxonID":48131322,"parentNameUsageID":48131321,"taxonConceptID":128425,"scientificName":"Phascolarctos cinereus (Goldfuss, 1817)","taxonRank":"Species","type":"leaf"}],"preferredCommonNames":{"vernacularName":"Koala","language":"en","eol_preferred":true},"commonNames":[{"vernacularName":"Koala","language":"de","eol_preferred":true},{"vernacularName":"Koala","language":"en","eol_preferred":true},{"vernacularName":"Koala Bear","language":"en"},{"vernacularName":"Koala","language":"fr","eol_preferred":true},{"vernacularName":"\u041a\u043e\u0430\u043b\u0430","language":"ru","eol_preferred":true}],"image":{"objectId":"5c261e6fbaa56c717ca00c8312e4a93c","identifier":"5c261e6fbaa56c717ca00c8312e4a93c","title":"File:Koala climbing tree.jpg","licence":"http:\/\/creativecommons.org\/licenses\/by-sa\/3.0\/","rights":null,"credits":"&copy; ","description":null,"mimeType":"jpg","fileName":"5c261e6fbaa56c717ca00c8312e4a93c.jpg","URL":"http:\/\/media.eol.org\/content\/2012\/06\/12\/21\/31542_orig.jpg"}},"48131511":{"collectionid":29654,"pageid":310755,"taxonConceptId":48131511,"taxonName":"Wallabia bicolor","textDesc":{"objectId":"3a139e9323bf9d62ffd6a1a6d2008bf1","identifier":"3a139e9323bf9d62ffd6a1a6d2008bf1","title":"Range Description","licence":"http:\/\/creativecommons.org\/licenses\/by-nc-sa\/3.0\/","rights":"\u00a9 International Union for Conservation of Nature and Natural Resources","credits":"&copy; International Union for Conservation of Nature and Natural Resources","description":"This species is endemic to eastern Australia, where it ranges from Cape York, Queensland in the north, to Victoria <br\/>and south-eastern South Australia (Merchant 2008). There are populations of this species on the islands of Fraser, <br\/>Bribie, Moreton, and North and South Stradbroke, Queensland (Merchant 2008). It occurs from sea level up to at <br\/>least 1,800 m asl. "},"flathierarchy":[{"sourceIdentifier":"6863123","taxonID":48131511,"parentNameUsageID":48131510,"taxonConceptID":310755,"scientificName":"Wallabia bicolor (Desmarest, 1804)","taxonRank":"Species","type":"leaf"}],"preferredCommonNames":{"vernacularName":"Black Wallaby","language":"en","eol_preferred":true},"commonNames":[{"vernacularName":"Black Wallaby","language":"en","eol_preferred":true},{"vernacularName":"Black-tailed Wallaby","language":"en"},{"vernacularName":"swamp wallaby","language":"en"},{"vernacularName":"\u0412\u0430\u043b\u043b\u0430\u0431\u0438 \u0431\u043e\u043b\u043e\u0442\u043d\u044b\u0439","language":"ru","eol_preferred":true}],"image":{"objectId":"6eb88f3682da79c2b358c9760fff974e","identifier":"6eb88f3682da79c2b358c9760fff974e","title":"6eb88f3682da79c2b358c9760fff974e","licence":"http:\/\/creativecommons.org\/licenses\/by-sa\/3.0\/","rights":null,"credits":"<a href='http:\/\/www.biolib.cz\/en\/person\/id1832\/'>Petr Baum<\/a>&copy; ","description":null,"mimeType":"jpg","fileName":"6eb88f3682da79c2b358c9760fff974e.jpg","URL":"http:\/\/media.eol.org\/content\/2009\/07\/24\/11\/05628_orig.jpg"}},"48135083":{"collectionid":29654,"pageid":328699,"taxonConceptId":48135083,"taxonName":"Bos taurus","textDesc":{"objectId":"698e4f78fe99af62c6768853cdee9862","identifier":"698e4f78fe99af62c6768853cdee9862","title":"Food Habits","licence":"http:\/\/creativecommons.org\/licenses\/by-nc-sa\/3.0\/","rights":"\u00a91995-2012, The Regents of the University of Michigan and its licensors","credits":"&copy; The Regents of the University of Michigan and its licensors","description":"<p>Domestic cows feed on grasses, stems, and other herbaceous plant material.  An average cow can consume about <br\/>70kg of grass in an 8 hour day. Cows twist grasses around the tongue and cut them with their lower teeth.  Domestic <br\/>cows are ruminants.  Ruminants have a special system of digestion which allows for the breakdown of the relatively <br\/>indigestible plant material which they consume.  Cows have a four chambered stomach including a rumen, reticulum, <br\/>omasum, and abomasum.  Grass passes through the rumen where it is mixed with specialized bacteria.  From the rumen <br\/>it moves to the reticulum, where it is broken down further.  The partly digested food, known as cud, is regurgitated <br\/>and chewed.  It is then swallowed and moves into the omasum and abomasum, where digestive enzymes break it down <br\/>further and nutrients are absorbed.  The process of digestion takes 70-100 hours, one of the slowest passage rates <br\/>of all animals.  This method of digestion permits ruminants to obtain the most nutrients possible from these plant <br\/>materials.<\/p><p>(Rath 1998; Hindsaw 1993; Walker et al. 1975) <\/p><p><strong>Plant Foods: <\/strong> leaves; <br\/>roots and tubers; wood, bark, or stems<\/p><p><strong>Primary Diet: <\/strong> herbivore  (Folivore )<\/p> "},"flathierarchy":[{"sourceIdentifier":"6850613","taxonID":48135083,"parentNameUsageID":48135082,"taxonConceptID":328699,"scientificName":"Bos taurus Linnaeus, 1758","taxonRank":"Species","type":"leaf"}],"preferredCommonNames":{"vernacularName":"domestic cattle","language":"en","eol_preferred":true},"commonNames":[{"vernacularName":"Free Range Cattle","language":"","eol_preferred":true},{"vernacularName":"Bovine","language":""},{"vernacularName":"bull","language":""},{"vernacularName":"cow","language":""},{"vernacularName":"domestic cow","language":""},{"vernacularName":"ox","language":""},{"vernacularName":"watusi cattle","language":""},{"vernacularName":"Auerochse","language":"de","eol_preferred":true},{"vernacularName":"Hausrind","language":"de"},{"vernacularName":"domestic cattle","language":"en","eol_preferred":true},{"vernacularName":"Aurochs","language":"en"},{"vernacularName":"Brahma cattle","language":"en"},{"vernacularName":"Urus","language":"en"},{"vernacularName":"cattle","language":"en"},{"vernacularName":"domestic cattle (feral)","language":"en"},{"vernacularName":"domestic cattle (ferral)","language":"en"},{"vernacularName":"domesticated cattle","language":"en"},{"vernacularName":"wild auroch","language":"en"},{"vernacularName":"wild ox","language":"en"},{"vernacularName":"zebu cattle","language":"en"},{"vernacularName":"Oeros uitgestorven","language":"nl","eol_preferred":true},{"vernacularName":"Rund","language":"nl"},{"vernacularName":"Gaa-ay","language":"ur","eol_preferred":true},{"vernacularName":"Gaan'","language":"ur"},{"vernacularName":"neeli bar Gaa-ay","language":"ur"},{"vernacularName":"sandal bar Gaa-ay","language":"ur"}],"image":{"objectId":"d0bb9002ae5bd125adf6af78c36a2790","identifier":"d0bb9002ae5bd125adf6af78c36a2790","title":"File:BirdsfootTrefoil.jpg","licence":"http:\/\/creativecommons.org\/licenses\/publicdomain\/","rights":null,"credits":"unknown|Author&copy; ","description":null,"mimeType":"jpg","fileName":"d0bb9002ae5bd125adf6af78c36a2790.jpg","URL":"http:\/\/media.eol.org\/content\/2012\/06\/12\/21\/30758_orig.jpg"}}}