{"name":"animals<br\/><i>Animalia<\/i>","depth":0,"taxonConceptID":1,"children":[{"name":"Chordates<br\/><i>Chordata<\/i>","depth":1,"taxonConceptID":694,"children":[{"name":"mammals<br\/><i>Mammalia<\/i>","depth":2,"taxonConceptID":1642,"children":[{"name":"hares, pikas, and rabbits<br\/><i>Lagomorpha<\/i>","depth":3,"taxonConceptID":1686,"children":[{"name":"Rabbits And Hares<br\/><i>Leporidae<\/i>","depth":4,"taxonConceptID":1689,"children":[{"name":"hares<br\/><i>Lepus<\/i>","depth":5,"taxonConceptID":10840,"children":[{"name":"European hare<br\/><i>Lepus europaeus Pallas, 1778<\/i>","depth":6,"terminal":true,"image":"318016c270c872a5e90493b7118ea45b.jpg","taxonConceptID":118009}]}]}]},{"name":"horses, rhinoceroses, and tapirs<br\/><i>Perissodactyla<\/i>","depth":3,"taxonConceptID":1667,"children":[{"name":"asses, horses, and zebras<br\/><i>Equidae<\/i>","depth":4,"taxonConceptID":1670,"children":[{"name":"horses<br\/><i>Equus<\/i>","depth":5,"taxonConceptID":15580,"children":[{"name":"horse<br\/><i>Equus caballus Linnaeus, 1758<\/i>","depth":6,"terminal":true,"image":"591364cd0dbc2442d4b67cc062917bbc.jpg","taxonConceptID":328648}]}]}]},{"name":"dolphins, porpoises, and whales<br\/><i>Cetacea<\/i>","depth":3,"taxonConceptID":7649,"children":[{"name":"dolphins, killer whales, pilot whales, and relatives<br\/><i>Delphinidae<\/i>","depth":4,"taxonConceptID":7659,"children":[{"name":"False killer whale<br\/><i>Pseudorca<\/i>","depth":5,"taxonConceptID":42364,"children":[{"name":"False killer whale<br\/><i>Pseudorca crassidens (Owen, 1846)<\/i>","depth":6,"terminal":true,"image":"13f838a25044e6ff915f35321ff77343.jpg","taxonConceptID":328532}]},{"name":"Bottlenose dolphin<br\/><i>Tursiops<\/i>","depth":5,"taxonConceptID":15602,"children":[{"name":"Bottlenose dolphin<br\/><i>Tursiops truncatus (Montagu, 1821)<\/i>","depth":6,"terminal":true,"image":"7f97e32bfec27c68f14d3fd514bb1c90.jpg","taxonConceptID":129548}]}]}]},{"name":"even-toed ungulates<br\/><i>Artiodactyla<\/i>","depth":3,"taxonConceptID":7678,"children":[{"name":"camels, llamas, and relatives<br\/><i>Camelidae<\/i>","depth":4,"taxonConceptID":7686,"children":[{"name":"camels<br\/><i>Camelus<\/i>","depth":5,"taxonConceptID":38902,"children":[{"name":"Bactrian Camel<br\/><i>Camelus bactrianus Linnaeus, 1758<\/i>","depth":6,"terminal":true,"image":"28f8ae3b3c51fdab080ab8fedb077b86.jpg","taxonConceptID":344581},{"name":"Dromedary<br\/><i>Camelus dromedarius Linnaeus, 1758<\/i>","depth":6,"terminal":true,"image":"b432ce0dd602de57e5b453fd3f18f84a.jpg","taxonConceptID":309019}]}]},{"name":"giraffes and okapis<br\/><i>Giraffidae<\/i>","depth":4,"taxonConceptID":7684,"children":[{"name":"Giraffa","depth":5,"taxonConceptID":38813,"children":[{"name":"Giraffe<br\/><i>Giraffa camelopardalis (Linnaeus, 1758)<\/i>","depth":6,"terminal":true,"image":"8ea1f4a381c29621e5a6d220ee2f13be.jpg","taxonConceptID":308378}]}]}]},{"name":"carnivores<br\/><i>Carnivora<\/i>","depth":3,"taxonConceptID":7662,"children":[{"name":"bears<br\/><i>Ursidae<\/i>","depth":4,"taxonConceptID":7664,"children":[{"name":"Ailuropoda","depth":5,"taxonConceptID":42283,"children":[{"name":"Giant Panda<br\/><i>Ailuropoda melanoleuca (David, 1869)<\/i>","depth":6,"terminal":true,"image":"328e1acaf06aa39c2ccf0612c58edadb.jpg","taxonConceptID":328070}]}]},{"name":"aardwolf and hyenas<br\/><i>Hyaenidae<\/i>","depth":4,"taxonConceptID":7672,"children":[{"name":"Crocuta","depth":5,"taxonConceptID":39395,"children":[{"name":"Spotted (or Laughing) Hyaena<br\/><i>Crocuta crocuta (Erxleben, 1777)<\/i>","depth":6,"terminal":true,"image":"12d24184dcaa2d378413728936f20ffb.jpg","taxonConceptID":311569}]}]}]}]},{"name":"sharks, skates and rays<br\/><i>Elasmobranchii<\/i>","depth":2,"taxonConceptID":1857,"children":[{"name":"mackerel sharks<br\/><i>Lamniformes<\/i>","depth":3,"taxonConceptID":1874,"children":[{"name":"White, Mako, and Salmon Sharks<br\/><i>Lamnidae<\/i>","depth":4,"taxonConceptID":1879,"children":[{"name":"Carcharodon","depth":5,"taxonConceptID":26898,"children":[{"name":"great white shark<br\/><i>Carcharodon carcharias (Linnaeus, 1758)<\/i>","depth":6,"terminal":true,"image":"b15ee93659294ab1ccd6afe13e40b859.jpg","taxonConceptID":213726}]}]}]}]},{"name":"reptiles<br\/><i>Reptilia<\/i>","depth":2,"taxonConceptID":1703,"children":[{"name":"gavials<br\/><i>Crocodylia<\/i>","depth":3,"taxonConceptID":1738,"children":[{"name":"crocodiles<br\/><i>Crocodylidae<\/i>","depth":4,"taxonConceptID":1739,"children":[{"name":"alligators<br\/><i>Alligator<\/i>","depth":5,"taxonConceptID":35688,"children":[{"name":"Alligator, Gator, American alligator, Florida alligator, Mississippi alligator, Louisiana alligator.<br\/><i>Alligator mississippiensis DAUDIN 1802<\/i>","depth":6,"terminal":true,"image":"4b569b192c8ca6564010effce14870f4.jpg","taxonConceptID":796029}]}]}]}]}]}]}