{"47136372":{"collectionid":29656,"pageid":591422,"taxonConceptId":47136372,"taxonName":"Amphioctopus marginatus","textDesc":{"objectId":"760c8b644f335d18db40d2df81305b28","identifier":"760c8b644f335d18db40d2df81305b28","title":"Brief Summary","licence":"http:\/\/creativecommons.org\/licenses\/by-nc-sa\/3.0\/","rights":null,"credits":"&copy; Shapiro, Leo","description":"<p><em>Amphioctopus marginatus<\/em> (formerly known as <em>Octopus marginatus<\/em>) is a medium-sized <br\/>octopus found in the tropical western Pacific and coastal waters of the Indian Ocean (M. Vecchione <em>in litt.<\/em> <br\/>January 2010).<\/p> "},"flathierarchy":null,"preferredCommonNames":{"vernacularName":"Veined octopus","language":"en","eol_preferred":true},"commonNames":[{"vernacularName":"Veined octopus","language":"en","eol_preferred":true},{"vernacularName":"Coconut shell octopus","language":"en"},{"vernacularName":"Octopus","language":"en"},{"vernacularName":"Octopus marginatus","language":"en"}],"image":{"objectId":"cc63bf5c63bc0780f6bfe19c92f05f18","identifier":"cc63bf5c63bc0780f6bfe19c92f05f18","title":"Amphioctopus marginatus off northern coast of East Timor, pulling two shells around itself for protection (February 2006)","licence":"http:\/\/creativecommons.org\/licenses\/by-sa\/3.0\/","rights":null,"credits":"Nick Hobgood&copy; ","description":null,"mimeType":"jpg","fileName":"cc63bf5c63bc0780f6bfe19c92f05f18.jpg","URL":"http:\/\/media.eol.org\/content\/2011\/10\/06\/00\/54308_orig.jpg"},"iucnStatus":""},"48088116":{"collectionid":29656,"pageid":1041112,"taxonConceptId":48088116,"taxonName":"Pagurus stevensae Hart, 1971","textDesc":"","flathierarchy":null,"preferredCommonNames":{"vernacularName":"Stevens hermit","language":"en","eol_preferred":true},"commonNames":[{"vernacularName":"Stevens hermit","language":"en","eol_preferred":true}],"image":{"objectId":"6332f1e32f49f0cce58d86778c7f3630","identifier":"6332f1e32f49f0cce58d86778c7f3630","title":"6332f1e32f49f0cce58d86778c7f3630","licence":"http:\/\/creativecommons.org\/licenses\/by-nc-sa\/2.0\/","rights":null,"credits":"Dave Cowles&copy; Rosario Beach Marine Laboratory","description":null,"mimeType":"jpg","fileName":"6332f1e32f49f0cce58d86778c7f3630.jpg","URL":"http:\/\/media.eol.org\/content\/2011\/02\/16\/03\/53195_orig.jpg"},"iucnStatus":""},"48133363":{"collectionid":29656,"pageid":328582,"taxonConceptId":48133363,"taxonName":"Ursus americanus","textDesc":{"objectId":"42629f4d7d43e8a4485da497bd606cef","identifier":"42629f4d7d43e8a4485da497bd606cef","title":"Description","licence":"http:\/\/creativecommons.org\/licenses\/by\/3.0\/","rights":null,"credits":"&copy; Smithsonian Institution","description":"Most Black Bears hibernate for up to seven months, and do not eat, drink, urinate, or exercise the entire time. <br\/>In the South, where plant food is available all year, not all bears hibernate\u2014but pregnant females do. The female <br\/>gives birth to 1-6 cubs (usually 2 or 3) in January, while she is deep asleep in her den. The newborn cubs snuggle <br\/>next to her for warmth and nurse while she fasts. They grow from a birth weight of 200-450 g each (about 7-16 pounds) <br\/>to the 2-5 kg they will weigh when the family leaves the den in the spring. Black Bears eat a little meat, and some <br\/>insects, but they rely on fruit, nuts, and vegetation for the bulk of their nutritional needs. They are not all <br\/>black. Most are, with brown muzzles, but in some western forests they are brown, cinnamon, or blond, and a few, <br\/>in southern Alaska and British Columbia, are creamy white or bluish-gray.<br><br>Adaptation: In the Black <br\/>Bear, <I>Ursus americanus<\/I>, the evolution of typically carnivorous, sharp shearing molars into the flat <br\/>crushing teeth, typical of bears, is evident.<br><br>Links:<br><A href=\u0022http:\/\/www.bucknell.edu\/msw3\/\u0022 <br\/>target=\u0022_blank\u0022>Mammal Species of the World<\/A><br> "},"flathierarchy":null,"preferredCommonNames":{"vernacularName":"American black bear","language":"en","eol_preferred":true},"commonNames":[{"vernacularName":"American black bear","language":"en","eol_preferred":true},{"vernacularName":"black bear","language":"en"},{"vernacularName":"Oso negro americano","language":"es","eol_preferred":true},{"vernacularName":"Oso negro","language":"es"},{"vernacularName":"ours noir","language":"fr","eol_preferred":true},{"vernacularName":"Amerikaanse zwarte beer","language":"nl","eol_preferred":true}],"image":{"objectId":"0941bf0db157a1da6660c90398d68f30","identifier":"0941bf0db157a1da6660c90398d68f30","title":"Ursus americanus (American Black Bear)","licence":"http:\/\/creativecommons.org\/licenses\/by-nc-sa\/2.0\/","rights":null,"credits":"<a href='http:\/\/www.flickr.com\/photos\/32005048@N06'>Arthur Chapman<\/a>&copy; ","description":null,"mimeType":"jpg","fileName":"0941bf0db157a1da6660c90398d68f30.jpg","URL":"http:\/\/media.eol.org\/content\/2012\/05\/05\/01\/75157_orig.jpg"},"iucnStatus":""},"47735204":{"collectionid":29656,"pageid":1032844,"taxonConceptId":47735204,"taxonName":"Vespula vulgaris","textDesc":"","flathierarchy":null,"preferredCommonNames":{"vernacularName":"Common Wasp","language":"en","eol_preferred":true},"commonNames":[{"vernacularName":"Gemeine wespe","language":"de","eol_preferred":true},{"vernacularName":"Common Wasp","language":"en","eol_preferred":true},{"vernacularName":"A Yellow-jacket","language":"en"},{"vernacularName":"Common yellowjacket","language":"en"}],"image":{"objectId":"66d36e1d1211b06aef654b15cf16695b","identifier":"66d36e1d1211b06aef654b15cf16695b","title":"Common Yellowjacket Queen","licence":"http:\/\/creativecommons.org\/licenses\/by-nc-sa\/2.0\/","rights":null,"credits":"<a href='http:\/\/www.flickr.com\/photos\/25449831@N00'>Sean McCann<\/a>&copy; ","description":null,"mimeType":"jpg","fileName":"66d36e1d1211b06aef654b15cf16695b.jpg","URL":"http:\/\/media.eol.org\/content\/2011\/11\/02\/15\/57851_orig.jpg"},"iucnStatus":""},"48130068":{"collectionid":29656,"pageid":328025,"taxonConceptId":48130068,"taxonName":"Castor canadensis","textDesc":{"objectId":"23103411472571e5f96fdee8475cbe29","identifier":"23103411472571e5f96fdee8475cbe29","title":"Description","licence":"http:\/\/creativecommons.org\/licenses\/by\/3.0\/","rights":null,"credits":"&copy; Smithsonian Institution","description":"The largest North American rodent and the only one with a broad, flat, scaly tail, the Beaver is now common and widespread, <br\/>even in areas it did not inhabit during pre-colonial times. The modifications it makes to the environment by felling <br\/>trees and building dams result in changes to plant, animal, and microbial communities that are sometimes desirable <br\/>and sometimes not. The Beaver itself is not easily seen, being nocturnal and secretive, but it can be spotted in <br\/>ponds, lakes, or large streams at twilight by a quiet observer. Its pelage is brown, with gray underfur, and is <br\/>prized by trappers. The webbing on its hind feet help it to swim; claws on the digits of its forefeet give it dexterity <br\/>in handling food; comblike claws on its hind feet help it in careful grooming; and it can close its mouth behind <br\/>its front teeth, so that it can carry woody material without taking in water. Beavers cache and consume the inner <br\/>bark of both deciduous and evergreen shrubs and trees, as well as terrestrial and aquatic plants. Their young, <br\/>called kits, leave the colony at the age of six months.<br><br>Adaptation: The shape of the Beaver skull, and <br\/>the rough texture of its bone, is evidence of a powerful set of chewing muscles. The groove-like depression at <br\/>the back of the snout and the round one near the jaw joint are areas where large muscles attach. The ridge of bone <br\/>that marks the curvature below the back angle of the mandible is another muscle attachment site.<br><br>Links:<br><A <br\/>href=\u0022http:\/\/www.bucknell.edu\/msw3\/\u0022 target=\u0022_blank\u0022>Mammal Species of the World<\/A><br><A href=\u0022http:\/\/www.science.smith.edu\/departments\/Biology\/VHAYSSEN\/msi\/pdf\/i0076-3519-120-01-0001.pdf\u0022 <br\/>target=\u0022_blank\u0022>Click here for The American Society of Mammalogists species account<\/A> "},"flathierarchy":null,"preferredCommonNames":{"vernacularName":"american beaver","language":"en","eol_preferred":true},"commonNames":[{"vernacularName":"american beaver","language":"en","eol_preferred":true},{"vernacularName":"beaver","language":"en"},{"vernacularName":"Castor canadensis","language":"es","eol_preferred":true},{"vernacularName":"Castor americano","language":"es"},{"vernacularName":"castor","language":"es"},{"vernacularName":"Castor canadien","language":"fr","eol_preferred":true},{"vernacularName":"castor","language":"fr"},{"vernacularName":"\u0411\u043e\u0431\u0440 \u0441\u0435\u0432\u0435\u0440\u043e\u0430\u043c\u0435\u0440\u0438\u043a\u0430\u043d\u0441\u043a\u0438\u0439 \u043a\u0430\u043d\u0430\u0434\u0441\u043a\u0438\u0439","language":"ru","eol_preferred":true}],"image":{"objectId":"ef0bc410b4f2ad151313db503ac18bf5","identifier":"ef0bc410b4f2ad151313db503ac18bf5","title":"[Beaver] : in Various Postures. 1907. Beavers.","licence":"http:\/\/creativecommons.org\/licenses\/publicdomain\/","rights":"No copyright permissions are needed. Acknowledgement of the Freshwater and Marine Image Bank as a source for borrowed images is requested.","credits":"&copy; ","description":null,"mimeType":"jpg","fileName":"ef0bc410b4f2ad151313db503ac18bf5.jpg","URL":"http:\/\/media.eol.org\/content\/2012\/06\/14\/17\/79695_orig.jpg"},"iucnStatus":""},"48127830":{"collectionid":29656,"pageid":311548,"taxonConceptId":48127830,"taxonName":"Cynomys ludovicianus","textDesc":{"objectId":"482fe1054f59f16ee13fd0d33baae05f","identifier":"482fe1054f59f16ee13fd0d33baae05f","title":"Description","licence":"http:\/\/creativecommons.org\/licenses\/by\/3.0\/","rights":null,"credits":"&copy; Smithsonian Institution","description":"\u0022Black-tailed prairie dogs exhibit the most complex social behavior of all prairie dogs. Social groups called <br\/>\u0022\u0022coteries\u0022\u0022 live together in very large colonies called \u0022\u0022towns.\u0022\u0022 The largest town ever recorded stretched <br\/>for 65,000 square km (25,000 square miles) under Texas prairie. An estimated 400 million prairie dogs lived there. <br\/>Topographical or vegetational features serve to subdivide the towns into clusters of coteries. The members <br\/>of each coterie cooperate to defend their territory against others. Black-tailed prairie dogs are active all <br\/>year, although they may spend extended periods of time underground in winter. They breed in February or March <br\/>and usually have 3 or 4 young, who are first seen aboveground in May or June.\u0022<br><br>Links:<br><A href=\u0022http:\/\/www.bucknell.edu\/msw3\/\u0022 <br\/>target=\u0022_blank\u0022>Mammal Species of the World<\/A><br><A href=\u0022http:\/\/www.science.smith.edu\/departments\/Biology\/VHAYSSEN\/msi\/pdf\/i0076-3519-535-01-0001.pdf\u0022 <br\/>target=\u0022_blank\u0022>Click here for The American Society of Mammalogists species account<\/A> "},"flathierarchy":null,"preferredCommonNames":{"vernacularName":"black-tailed prairie dog","language":"en","eol_preferred":true},"commonNames":[{"vernacularName":"Schwarzschwanz-Pr\u00e4riehund","language":"de","eol_preferred":true},{"vernacularName":"Pr\u00e4riehund","language":"de"},{"vernacularName":"black-tailed prairie dog","language":"en","eol_preferred":true},{"vernacularName":"Arizona black-tailed prairie dog","language":"en"},{"vernacularName":"perro de la pradera cola negra","language":"es","eol_preferred":true},{"vernacularName":"Perro-llanero cola negra","language":"es"},{"vernacularName":"Zwartstaart prairiehondje","language":"nl","eol_preferred":true},{"vernacularName":"C\u00e3o-da-pradaria","language":"pt","eol_preferred":true}],"image":{"objectId":"8e003d52a2694f111d77169c7ea8d1f2","identifier":"8e003d52a2694f111d77169c7ea8d1f2","title":"Cynomys ludovicianus (Black-tailed Prairie Dog)","licence":"http:\/\/creativecommons.org\/licenses\/by-nc-sa\/2.0\/","rights":null,"credits":"<a href='http:\/\/www.flickr.com\/photos\/32005048@N06'>Arthur Chapman<\/a>&copy; ","description":null,"mimeType":"jpg","fileName":"8e003d52a2694f111d77169c7ea8d1f2.jpg","URL":"http:\/\/media.eol.org\/content\/2012\/03\/29\/01\/05349_orig.jpg"},"iucnStatus":""},"48172846":{"collectionid":29656,"pageid":913227,"taxonConceptId":48172846,"taxonName":"Cygnus olor","textDesc":{"objectId":"b0772e21b92deef22a77652f1d29c054","identifier":"b0772e21b92deef22a77652f1d29c054","title":"Biology","licence":"http:\/\/creativecommons.org\/licenses\/by-nc-sa\/3.0\/","rights":"Copyright Wildscreen 2003-2008","credits":"&copy; Wildscreen","description":"The mute swan feeds chiefly on submerged aquatic vegetation, which is obtained by upending (tipping head first <br\/>into the water, so that the tail remains visible above the surface) (4). It also feeds in fields on young cereal <br\/>crops (8), spilt grain (4), and on artificial food sources, such as bread given by the public (3).&nbsp;Territorial <br\/>disputes may result in aggressive fights between males, in which they rush at one another and slide along the surface <br\/>of the water (2). Pairs typically nest solitarily, although semi-domesticated birds may nest in large colonies <br\/>(6) (notably at Abbotsbury in Dorset) (8). The cone-shaped nest is built at the edge of the water, and may be used <br\/>in subsequent years by the same pair (4). After mid-April, between 5 and 7 (up to 12) whitish or pale blue eggs are <br\/>laid. They are incubated, mainly by the female, for 35-42 days; the young, known as 'cygnets', leave the nest soon <br\/>after hatching (4). Both parents take care of the cygnets for an extended period, often until the next breeding <br\/>season (4). "},"flathierarchy":null,"preferredCommonNames":{"vernacularName":"Mute Swan","language":"en","eol_preferred":true},"commonNames":[{"vernacularName":"Cisne-vulgar","language":"","eol_preferred":true},{"vernacularName":"Cisne-mudo","language":""},{"vernacularName":"Swaan","language":"af","eol_preferred":true},{"vernacularName":"\u062a\u0645 \u0623\u0628\u064a\u0636","language":"ar","eol_preferred":true},{"vernacularName":"\u0627\u0644\u0625\u0648\u0632 \u0627\u0644\u0639\u0631\u0627\u0642\u064a","language":"ar"},{"vernacularName":"\u0627\u0644\u062a\u0645 \u0627\u0644\u0623\u062e\u0631\u0633","language":"ar"},{"vernacularName":"F\u0131s\u0131ldayan qu qu\u015fu","language":"az","eol_preferred":true},{"vernacularName":"\u041b\u0435\u0431\u0435\u0434\u0437\u044c-\u0448\u044b\u043f\u0443\u043d","language":"be","eol_preferred":true},{"vernacularName":"\u041d\u044f\u043c \u043b\u0435\u0431\u0435\u0434","language":"bg","eol_preferred":true},{"vernacularName":"An alarc'h roueel","language":"br","eol_preferred":true},{"vernacularName":"Alarc'h","language":"br"},{"vernacularName":"Cigne mut","language":"ca","eol_preferred":true},{"vernacularName":"Labu\u0165 velk\u00e1","language":"cs","eol_preferred":true},{"vernacularName":"Labut velk\u00e1","language":"cs"},{"vernacularName":"labu\u009d velk\u00e1","language":"cs"},{"vernacularName":"alarch dof","language":"cy","eol_preferred":true},{"vernacularName":"Alarch d\u00f4f","language":"cy"},{"vernacularName":"Alarch mud","language":"cy"},{"vernacularName":"Knopsvane","language":"da","eol_preferred":true},{"vernacularName":"H\u00f6ckerschwan","language":"de","eol_preferred":true},{"vernacularName":"H\u00f6ckerschwann","language":"de"},{"vernacularName":"\u039a\u03cd\u03ba\u03bd\u03bf\u03c2","language":"el","eol_preferred":true},{"vernacularName":"(\u0392\u03bf\u03c5\u03b2\u03cc\u03c2) \u039a\u03cd\u03ba\u03bd\u03bf\u03c2","language":"el"},{"vernacularName":"\u039a\u03bf\u03b9\u03bd\u03cc\u03c2 \u039a\u03cd\u03ba\u03bd\u03bf\u03c2","language":"el"},{"vernacularName":"Mute Swan","language":"en","eol_preferred":true},{"vernacularName":"White Swan","language":"en"},{"vernacularName":"White Swan, Polish Swan, Mute","language":"en"},{"vernacularName":"common swan","language":"en"},{"vernacularName":"domestic swan","language":"en"},{"vernacularName":"royal swan","language":"en"},{"vernacularName":"swan","language":"en"},{"vernacularName":"tame swan","language":"en"},{"vernacularName":"wild swan","language":"en"},{"vernacularName":"Muta cigno","language":"eo","eol_preferred":true},{"vernacularName":"Cisne vulgar","language":"es","eol_preferred":true},{"vernacularName":"Cisne muto","language":"es"},{"vernacularName":"Cisne real","language":"es"},{"vernacularName":"K\u00fchmnokk-luik","language":"et","eol_preferred":true},{"vernacularName":"Cigne mut","language":"eu","eol_preferred":true},{"vernacularName":"Beltxarga arrunta","language":"eu"},{"vernacularName":"Kyhmyjoutsen","language":"fi","eol_preferred":true},{"vernacularName":"Kn\u00f3psvanur","language":"fo","eol_preferred":true},{"vernacularName":"Cygne tubercul\u00e9","language":"fr","eol_preferred":true},{"vernacularName":"Cygne muet","language":"fr"},{"vernacularName":"Cygne tabercul\u00e9","language":"fr"},{"vernacularName":"cygne tuburcul\u00e9","language":"fr"},{"vernacularName":"Eala bhalbh","language":"ga","eol_preferred":true},{"vernacularName":"Eala bhalbh","language":"gd","eol_preferred":true},{"vernacularName":"Eala","language":"gd"},{"vernacularName":"Cisne mudo","language":"gl","eol_preferred":true},{"vernacularName":"Cigne mut","language":"gl"},{"vernacularName":"Ollay","language":"gv","eol_preferred":true},{"vernacularName":"\u05d1\u05e8\u05d1\u05d5\u05e8 \u05de\u05e6\u05d5\u05d9","language":"he","eol_preferred":true},{"vernacularName":"\u05d1\u05e8\u05d1\u05d5\u05e8 \u05d0\u05d9\u05dc\u05dd","language":"he"},{"vernacularName":"Crvenokljuni Labud","language":"hr","eol_preferred":true},{"vernacularName":"B\u00fctyk\u00f6s hatty\u00fa","language":"hu","eol_preferred":true},{"vernacularName":"\u0539\u0577\u0577\u0561\u0576 \u053f\u0561\u0580\u0561\u057a","language":"hy","eol_preferred":true},{"vernacularName":"[Tshshan Karap ]","language":"hy"},{"vernacularName":"\u0539\u056a\u056a\u0561\u0576 \u053f\u0561\u0580\u0561\u057a","language":"hy"},{"vernacularName":"Hn\u00fa\u00f0svanur","language":"is","eol_preferred":true},{"vernacularName":"Cigno reale","language":"it","eol_preferred":true},{"vernacularName":"Cigno muto","language":"it"},{"vernacularName":"\u30b3\u30d6\u30cf\u30af\u30c1\u30e7\u30a6","language":"ja","eol_preferred":true},{"vernacularName":"Kobu-hakuchou","language":"ja"},{"vernacularName":"kobuhakuchou","language":"ja"},{"vernacularName":"\u10ec\u10d8\u10d7\u10d4\u10da\u10dc\u10d8\u10e1\u10d9\u10d0\u10e0\u10e2\u10d0 \u10d2\u10d4\u10d3\u10d8","language":"ka","eol_preferred":true},{"vernacularName":"\u10e1\u10d8\u10e1\u10d8\u10dc\u10d0 (\u10ec\u10d8\u10d7\u10d4\u10da\u10dc\u10d8\u10e1\u10d9\u10d0\u10e0\u10e2\u10d0) \u10d2\u10d4\u10d3\u10d8","language":"ka"},{"vernacularName":"\u10e1\u10d8\u10e1\u10d8\u10dc\u10d0 \u10d2\u10d4\u10d3\u10d8","language":"ka"},{"vernacularName":"\u0421\u044b\u0431\u044b\u0440\u043b\u0430\u049b \u0430\u049b\u049b\u0443","language":"kk","eol_preferred":true},{"vernacularName":"\ud751\uace0\ub2c8","language":"ko","eol_preferred":true},{"vernacularName":"\ud639\uace0\ub2c8","language":"ko"},{"vernacularName":"Gulb\u0117 nebyl\u0117","language":"lt","eol_preferred":true},{"vernacularName":"Gulbe nebyle","language":"lt"},{"vernacularName":"Paugurkn\u0101bja gulbis","language":"lv","eol_preferred":true},{"vernacularName":"\u041d\u0435\u043c (\u0426\u0440\u0432\u0435\u043d\u043e\u043a\u043b\u0443\u043d) \u043b\u0435\u0431\u0435\u0434","language":"mk","eol_preferred":true},{"vernacularName":"\u010ainju Mutu","language":"mt","eol_preferred":true},{"vernacularName":"Knoppsvane","language":"nb","eol_preferred":true},{"vernacularName":"Knobbelzwaan","language":"nl","eol_preferred":true},{"vernacularName":"Knobbel zwaan","language":"nl"},{"vernacularName":"Knoppsvane","language":"nn","eol_preferred":true},{"vernacularName":"Knoppsvane","language":"no","eol_preferred":true},{"vernacularName":"Tamsvane","language":"no"},{"vernacularName":"\u0142ab\u0119d\u017a niemy","language":"pl","eol_preferred":true},{"vernacularName":"labedz niemy","language":"pl"},{"vernacularName":"\u0141ab\u0119d\u017a niemy","language":"pl"},{"vernacularName":"Cign dumesti","language":"rm","eol_preferred":true},{"vernacularName":"Leb\u0103da de var\u0103","language":"ro","eol_preferred":true},{"vernacularName":"\u043b\u0435\u0431\u0435\u0434\u044c-\u0448\u0438\u043f\u0443\u043d","language":"ru","eol_preferred":true},{"vernacularName":"Lebed-shipun","language":"ru"},{"vernacularName":"\u041b\u0435\u0431\u0435\u0434\u044c \u0448\u0438\u043f\u0443\u043d","language":"ru"},{"vernacularName":"\u041b\u0435\u0431\u0435\u0434\u044c-\u0428\u0438\u043f\u0443\u0442","language":"ru"},{"vernacularName":"\u041b\u0435\u0431\u0435\u0434\u044c-\u0448\u0438\u043f\u0443\u043d","language":"ru"},{"vernacularName":"Buggenjun'njukc\u00e1","language":"se","eol_preferred":true},{"vernacularName":"Boallonjuk\u010da","language":"se"},{"vernacularName":"ve\u013ek\u00e1 hrbozob\u00e1","language":"sk","eol_preferred":true},{"vernacularName":"Labut' hrbozob\u00e1","language":"sk"},{"vernacularName":"Labut' vel'k\u00e1","language":"sk"},{"vernacularName":"Labu\u0165 hrbozob\u00e1","language":"sk"},{"vernacularName":"Labu\u0165 ve\u013ek\u00e1","language":"sk"},{"vernacularName":"Labod grbec","language":"sl","eol_preferred":true},{"vernacularName":"mjellma me xhung\u00eb","language":"sq","eol_preferred":true},{"vernacularName":"Mjelma me xhung\u00eb","language":"sq"},{"vernacularName":"\u0426\u0440\u0432\u0435\u043d\u043e\u043a\u043b\u0458\u0443\u043d\u0438 \u043b\u0430\u0431\u0443\u0434","language":"sr","eol_preferred":true},{"vernacularName":"Crvenokljuni Labud","language":"sr"},{"vernacularName":"Kn\u00f6lsvan","language":"sv","eol_preferred":true},{"vernacularName":"Ku\u011fu","language":"tr","eol_preferred":true},{"vernacularName":"Kugu","language":"tr"},{"vernacularName":"Ku\u015fu","language":"tr"},{"vernacularName":"\u00d6t\u00fcc\u00fc Ku\u011fu Ku\u015fu","language":"tr"},{"vernacularName":"\u041b\u0435\u0431\u0456\u0434\u044c-\u0448\u0438\u043f\u0443\u043d","language":"uk","eol_preferred":true},{"vernacularName":"\u75a3\u9f3b\u5929\u9e45","language":"zh-Hans","eol_preferred":true},{"vernacularName":"\u4e39\u9e44(\u53e4\u540d)","language":"zh-Hans"},{"vernacularName":"\u54d1(\u58f0)\u5929\u9e45","language":"zh-Hans"},{"vernacularName":"\u54d1\u5929\u9e45","language":"zh-Hans"},{"vernacularName":"\u54d1\u5929\u9e45(\u534e\u5317\u540d)","language":"zh-Hans"},{"vernacularName":"\u7624\u9e44","language":"zh-Hans"},{"vernacularName":"\u7624\u9f3b\u5929\u9e45","language":"zh-Hans"},{"vernacularName":"\u767d\u9e45","language":"zh-Hans"},{"vernacularName":"\u767d\u9e45(\u534e\u5317\u540d)","language":"zh-Hans"},{"vernacularName":"\u8d64\u5634\u5929\u9e45","language":"zh-Hans"},{"vernacularName":"\u8d64\u5634\u5929\u9e45(\u534e\u5317\u540d)","language":"zh-Hans"},{"vernacularName":"\u9e44","language":"zh-Hans"}],"image":{"objectId":"18b8814d879447ffec9a212a88014b5c","identifier":"18b8814d879447ffec9a212a88014b5c","title":"File:Schwan1 db.jpg","licence":"http:\/\/creativecommons.org\/licenses\/by-sa\/3.0\/","rights":null,"credits":"&copy; ","description":null,"mimeType":"jpg","fileName":"18b8814d879447ffec9a212a88014b5c.jpg","URL":"http:\/\/media.eol.org\/content\/2012\/06\/12\/10\/15902_orig.jpg"},"iucnStatus":""},"47773392":{"collectionid":29656,"pageid":1045608,"taxonConceptId":47773392,"taxonName":"Apis mellifera","textDesc":"","flathierarchy":null,"preferredCommonNames":{"vernacularName":"European honey bee","language":"en","eol_preferred":true},"commonNames":[{"vernacularName":"Mexican Washingtonia","language":"","eol_preferred":true},{"vernacularName":"Cabbage-tree palm","language":""},{"vernacularName":"Caucasian honeybee","language":""},{"vernacularName":"European Honeybee","language":""},{"vernacularName":"Mexican Fan Palm","language":""},{"vernacularName":"Sunshine Wattle","language":""},{"vernacularName":"cabbage palm","language":""},{"vernacularName":"honeybee","language":""},{"vernacularName":"Honningbi","language":"da","eol_preferred":true},{"vernacularName":"Honigbiene","language":"de","eol_preferred":true},{"vernacularName":"European honey bee","language":"en","eol_preferred":true},{"vernacularName":"A Honeybee","language":"en"},{"vernacularName":"Queen honeybee","language":"en"},{"vernacularName":"Western Honeybee","language":"en"},{"vernacularName":"honey bee","language":"en"},{"vernacularName":"Apis mellifera","language":"es","eol_preferred":true},{"vernacularName":"abeja de la miel","language":"es"},{"vernacularName":"abeille domestique","language":"fr","eol_preferred":true},{"vernacularName":"ape del miele","language":"it","eol_preferred":true},{"vernacularName":"abelha do mel","language":"pt","eol_preferred":true}],"image":{"objectId":"bdffbd8b1e34d1c41282689eccf89261","identifier":"bdffbd8b1e34d1c41282689eccf89261","title":"File:Apis mellifera carnica worker hive entrance 3.jpg","licence":"http:\/\/creativecommons.org\/licenses\/by-sa\/3.0\/","rights":null,"credits":"Image:MFB.jpg Richard Bartz, Munich Makro Freak &amp; Beemaster Hubert Seibring, Munich which gave me advice and a protection suite ;) My dog caught 6 bee-stings on the nose, i caught 4.&copy; ","description":null,"mimeType":"jpg","fileName":"bdffbd8b1e34d1c41282689eccf89261.jpg","URL":"http:\/\/media.eol.org\/content\/2012\/06\/12\/22\/85612_orig.jpg"},"iucnStatus":""},"48133730":{"collectionid":29656,"pageid":328590,"taxonConceptId":48133730,"taxonName":"Mustela nigripes","textDesc":{"objectId":"e90f7f20c63c113a15b1ee8ae36bf840","identifier":"e90f7f20c63c113a15b1ee8ae36bf840","title":"Description","licence":"http:\/\/creativecommons.org\/licenses\/by\/3.0\/","rights":null,"credits":"&copy; Smithsonian Institution","description":"Once widespread in the grasslands and western basins of North America, by 1987 Black-footed Ferrets were thought <br\/>to be extinct in the wild. Captive animals were bred in an effort to save the species, and in 1991, some were reintroduced <br\/>in Montana, South Dakota, and Wyoming. The Ferrets depend on prairie dogs, living in their tunnels and eating <br\/>them, and the young are born in prairie dog tunnels. Black-footed Ferrets are mostly nocturnal and seldom seen. <br\/>The best chance of seeing them is in mid- to late summer, after the young begin to be active aboveground.<br><br>Links:<br><A <br\/>href=\u0022http:\/\/www.bucknell.edu\/msw3\/\u0022 target=_blank>Mammal Species of the World<\/A><br><A href=\u0022http:\/\/www.science.smith.edu\/departments\/Biology\/VHAYSSEN\/msi\/pdf\/i0076-3519-126-01-0001.pdf\u0022 <br\/>target=_blank>Click here for The American Society of Mammalogists species account<\/A><br><A href=\u0022http:\/\/www.arkive.org\/species\/GES\/mammals\/Mustela_nigripes\/\u0022 <br\/>target=_blank border=\u00220\u0022><IMG height=32 alt=\u0022Visit ARKive for more images of the black-footed ferret\u0022 src=\u0022images\/arkive_logo.gif\u0022 <br\/>width=69 border=0>&nbsp;&nbsp;More images, video and sound<\/A> "},"flathierarchy":null,"preferredCommonNames":{"vernacularName":"black-footed ferret","language":"en","eol_preferred":true},"commonNames":[{"vernacularName":"black-footed ferret","language":"en","eol_preferred":true},{"vernacularName":"Mustela nigripes","language":"es","eol_preferred":true},{"vernacularName":"Tur\u00f3n patinegro americano","language":"es"},{"vernacularName":"Putois \u00e0 pieds noirs","language":"fr","eol_preferred":true},{"vernacularName":"Zwartvoetbunzing","language":"nl","eol_preferred":true}],"image":{"objectId":"7b1435f73e4bc60f1060641b3884be62","identifier":"7b1435f73e4bc60f1060641b3884be62","title":"File:Mustela nigripes.jpg","licence":"http:\/\/creativecommons.org\/licenses\/publicdomain\/","rights":null,"credits":"Black, Tami S.&copy; ","description":null,"mimeType":"jpg","fileName":"7b1435f73e4bc60f1060641b3884be62.jpg","URL":"http:\/\/media.eol.org\/content\/2012\/06\/14\/22\/15019_orig.jpg"},"iucnStatus":""},"48149527":{"collectionid":29656,"pageid":1046721,"taxonConceptId":48149527,"taxonName":"Empidonax virescens","textDesc":{"objectId":"6e4ec111cc09b4346385e8e8e185bffd","identifier":"6e4ec111cc09b4346385e8e8e185bffd","title":"Empidonax virescens","licence":"http:\/\/creativecommons.org\/licenses\/by-nc-sa\/3.0\/","rights":"Some rights reserved","credits":"&copy; Unknown","description":"<p>A small (5 \u00bd inches) flycatcher resembling several related species in the genus Empidonax, the Acadian Flycatcher <br\/>may best be separated from its relatives not by appearance, but by its \u2018pit-see!\u2019 song. Physical field marks <br\/>include a green-gray body, white eye ring, pale breast, thin bill, and white wing bars. Male and female Acadian <br\/>Flycatchers are similar to one another in all seasons. The Acadian Flycatcher is a more southerly breeder than <br\/>most of its relatives, being found in summer in extreme southern Canada and across much of the eastern United States <br\/>from New York south to Florida and west to Texas. Least Flycatchers spend the winter in Central and South America, <br\/>although identifying this species\u2019 in much of its winter range is difficult due to its similarity to other related <br\/>species. Acadian Flycatchers breed in mature deciduous forests and, in parts of the southeastern U.S., in swamp <br\/>forests dominated by bald cypress. On migration, this species enters younger, more open woodland and forest <br\/>edges. In winter, Acadian Flycatchers inhabit humid tropical forests. This species primarily eats insects. <br\/>In northern forests in summer, Acadian Flycatchers are most likely to be seen perching in the forest canopy while <br\/>gleaning insects from leaves. Even when active, however, the Acadian Flycatcher is a difficult bird to identify. <br\/>Learning this species\u2019 song is crucial to separating it from its relatives, and silent birds are frequently <br\/>impossible to identify in areas with multiple Empidonax species. Acadian Flycatchers are primarily active <br\/>during the day.<\/p><p><a href='http:\/\/www.iucnredlist.org\/apps\/redlist\/details\/106004277\/0'>Threat <br\/>Status: Least concern<\/a><\/p> "},"flathierarchy":null,"preferredCommonNames":{"vernacularName":"Acadian Flycatcher","language":"en","eol_preferred":true},"commonNames":[{"vernacularName":"Atrapamoscas Copete Verde","language":"","eol_preferred":true},{"vernacularName":"Tyranovec zelenav\u00fd","language":"cs","eol_preferred":true},{"vernacularName":"Gr\u00f8nlig Empidonax","language":"da","eol_preferred":true},{"vernacularName":"Akadie-empidonax","language":"da"},{"vernacularName":"Buchen-Tyrann","language":"de","eol_preferred":true},{"vernacularName":"Buchenschn\u00e4ppertyrann","language":"de"},{"vernacularName":"Buchentyrann","language":"de"},{"vernacularName":"Acadian Flycatcher","language":"en","eol_preferred":true},{"vernacularName":"Acadian Pewee","language":"en"},{"vernacularName":"Small Green-Crested Flycatcher","language":"en"},{"vernacularName":"Small Pewee","language":"en"},{"vernacularName":"green flycatcher","language":"en"},{"vernacularName":"green-crested flycatcher","language":"en"},{"vernacularName":"Mosquero verdoso","language":"es","eol_preferred":true},{"vernacularName":"Atrapamoscas Verdoso","language":"es"},{"vernacularName":"Bobito Verde","language":"es"},{"vernacularName":"Mosquerito verdoso","language":"es"},{"vernacularName":"Mosqueta Verdosa","language":"es"},{"vernacularName":"Mosquitero Cuellioliv\u00e1ceo","language":"es"},{"vernacularName":"Papamoscas Verde","language":"es"},{"vernacularName":"lodu-salutikat","language":"et","eol_preferred":true},{"vernacularName":"Korpisieppari","language":"fi","eol_preferred":true},{"vernacularName":"Gr\u00f8nt drittivel","language":"fo","eol_preferred":true},{"vernacularName":"moucherolle vert","language":"fr","eol_preferred":true},{"vernacularName":"Moucherolle d'Acadie","language":"fr"},{"vernacularName":"M\u00fdgreipur","language":"is","eol_preferred":true},{"vernacularName":"Pigliamosche d'Acadia","language":"it","eol_preferred":true},{"vernacularName":"Pigliamosche acadico","language":"it"},{"vernacularName":"\u30df\u30c9\u30ea\u30e1\u30b8\u30ed\u30cf\u30a8\u30c8\u30ea","language":"ja","eol_preferred":true},{"vernacularName":"midorimejirohaetori","language":"ja"},{"vernacularName":"\u017dalsvasis tironas","language":"lt","eol_preferred":true},{"vernacularName":"Beuketiran","language":"nl","eol_preferred":true},{"vernacularName":"Beukenfeetiran","language":"nl"},{"vernacularName":"\u00d8stempid","language":"no","eol_preferred":true},{"vernacularName":"Akadtyrann","language":"no"},{"vernacularName":"empidonka oliwkowa","language":"pl","eol_preferred":true},{"vernacularName":"\u0410\u043a\u0430\u0434\u0441\u043a\u0430\u044f \u043c\u0443\u0445\u043e\u043b\u043e\u0432\u043a\u0430","language":"ru","eol_preferred":true},{"vernacularName":"pamuch\u00e1r bukov\u00fd","language":"sk","eol_preferred":true},{"vernacularName":"akadijski tiran\u010dek","language":"sl","eol_preferred":true},{"vernacularName":"Akadempid","language":"sv","eol_preferred":true},{"vernacularName":"Ye\u015fil Tiran","language":"tr","eol_preferred":true}],"image":"","iucnStatus":""},"48127834":{"collectionid":29656,"pageid":327979,"taxonConceptId":48127834,"taxonName":"Marmota monax","textDesc":{"objectId":"260866d77253bcd435300521cf304997","identifier":"260866d77253bcd435300521cf304997","title":"Description","licence":"http:\/\/creativecommons.org\/licenses\/by\/3.0\/","rights":null,"credits":"&copy; Smithsonian Institution","description":"\u0022Also known as the Groundhog or the Whistle-pig, the Woodchuck thrives in forest borders through much of the eastern <br\/>United States, across Canada, and into Alaska. Socially, Woodchucks live singly from the time they are weaned <br\/>at six weeks of age. They are diurnal vegetarians, consuming clover, dandelion, chickweed, alfalfa, sorrel, <br\/>beans, peas, grains, grasses, and other plants. In their burrows, they sleep through the night, raise their young, <br\/>and spend the winter in hibernation. When it is hibernating, the Woodchuck's body temperature drops almost to <br\/>the air temperature in its den and its heartbeat slows from 75 beats per minute to about 4. Curled into a tight ball, <br\/>with its head between its front legs, it seems to be dead.\u0022<br><br>Links:<br><A href=\u0022http:\/\/www.bucknell.edu\/msw3\/\u0022 <br\/>target=_blank>Mammal Species of the World<\/A><br><A href=\u0022http:\/\/www.science.smith.edu\/departments\/Biology\/VHAYSSEN\/msi\/pdf\/i0076-3519-591-01-0001.pdf\u0022 <br\/>target=_blank>Click here for The American Society of Mammalogists species account<\/A> "},"flathierarchy":null,"preferredCommonNames":{"vernacularName":"Woodchuck or Groundhog","language":"en","eol_preferred":true},"commonNames":[{"vernacularName":"woodchucks","language":"","eol_preferred":true},{"vernacularName":"Woodchuck or Groundhog","language":"en","eol_preferred":true},{"vernacularName":"woodchuck","language":"en"},{"vernacularName":"marmotte commune","language":"fr","eol_preferred":true}],"image":{"objectId":"7e7b2e2a3ca7a22fbed2acb4a4d4b063","identifier":"7e7b2e2a3ca7a22fbed2acb4a4d4b063","title":"Nom nom nom","licence":"http:\/\/creativecommons.org\/licenses\/by-nc-sa\/2.0\/","rights":null,"credits":"<a href='http:\/\/www.flickr.com\/photos\/10676369@N07'>Rich<\/a>&copy; ","description":null,"mimeType":"jpg","fileName":"7e7b2e2a3ca7a22fbed2acb4a4d4b063.jpg","URL":"http:\/\/media.eol.org\/content\/2011\/11\/02\/00\/83393_orig.jpg"},"iucnStatus":""},"48187466":{"collectionid":29656,"pageid":222383,"taxonConceptId":48187466,"taxonName":"Amphiprion percula","textDesc":{"objectId":"bd835d6bfa196d031707bbfa89b142b7","identifier":"bd835d6bfa196d031707bbfa89b142b7","title":"Biology","licence":"http:\/\/creativecommons.org\/licenses\/by-nc\/3.0\/","rights":null,"credits":"&copy; FishBase","description":"Adults inhabit lagoon and seaward reefs (Ref. 9710).  Each group of fish consists of a breeding pair and 0-4 non-breeders. <br\/> Within each group there is a size-based hierarchy:  the female is largest, the male is second largest, and the non-breeders <br\/>get progressively smaller as the hierarchy is descended.  If the female dies, the male changes sex and becomes <br\/>the breeding female, while the largest non-breeder becomes the breeding male.  The maintenance of size differences <br\/>may avoid conflicts, because subordinates do not become a threat to their dominants (Ref. 47841).  Oviparous, <br\/>distinct pairing during breeding (Ref. 205).  Eggs are demersal and adhere to the substrate (Ref. 205).  Males <br\/>guard and aerate the eggs (Ref. 205).  Maybe found  in shallower depths than A. ocellaris.  Associated with the anemones: <br\/> Heteractis crispa, Heteractis magnifica, and Stichodactyla gigantea (Ref. 5911).  This species has been reared <br\/>in captivity (Ref. 35404, 35413, 35420). "},"flathierarchy":null,"preferredCommonNames":{"vernacularName":"blackfinned clownfish","language":"en","eol_preferred":true},"commonNames":[{"vernacularName":"Bantay bot-bot","language":"","eol_preferred":true},{"vernacularName":"Bantay-kibot","language":"","eol_preferred":true},{"vernacularName":"Maumanu ni masao","language":"","eol_preferred":true},{"vernacularName":"Paja-paja","language":"","eol_preferred":true},{"vernacularName":"Pata","language":"","eol_preferred":true},{"vernacularName":"Samok-samok","language":"","eol_preferred":true},{"vernacularName":"\u592a\u5e73\u6d0b\u53cc\u952f\u9c7c","language":"cnm","eol_preferred":true},{"vernacularName":"\u592a\u5e73\u6d0b\u96d9\u92f8\u9b5a","language":"cnm"},{"vernacularName":"\u6d77\u8475\u53cc\u952f\u9c7c","language":"cnm"},{"vernacularName":"\u6d77\u8475\u96d9\u92f8\u9b5a","language":"cnm"},{"vernacularName":"Orangegul klovnfisk","language":"da","eol_preferred":true},{"vernacularName":"Roter Dreibinden-Anemonenfisch","language":"de","eol_preferred":true},{"vernacularName":"Clownfisch","language":"de"},{"vernacularName":"blackfinned clownfish","language":"en","eol_preferred":true},{"vernacularName":"Anemone fish","language":"en"},{"vernacularName":"Clownfish","language":"en"},{"vernacularName":"Coral (Nemo's mother)","language":"en"},{"vernacularName":"Damselfish","language":"en"},{"vernacularName":"Demoiselle","language":"en"},{"vernacularName":"Eastern clown anemonefish","language":"en"},{"vernacularName":"Eastern clownfish","language":"en"},{"vernacularName":"Marlin (Nemo's father)","language":"en"},{"vernacularName":"Nemo","language":"en"},{"vernacularName":"Orange clownfish","language":"en"},{"vernacularName":"clown anemonefish","language":"en"},{"vernacularName":"clown fish","language":"en"},{"vernacularName":"orange anemonefish","language":"en"},{"vernacularName":"orange clown fish","language":"en"},{"vernacularName":"puller","language":"en"},{"vernacularName":"Rombin","language":"ms","eol_preferred":true},{"vernacularName":"Badut","language":"ms"},{"vernacularName":"Bombin","language":"ms"},{"vernacularName":"Clown fish biak","language":"ms"},{"vernacularName":"Gelang roay","language":"ms"},{"vernacularName":"Gombing","language":"ms"},{"vernacularName":"Inggu","language":"ms"},{"vernacularName":"Inggu jingga","language":"ms"},{"vernacularName":"Amfiprion","language":"pl","eol_preferred":true},{"vernacularName":"Baro-baro","language":"tl","eol_preferred":true},{"vernacularName":"Palata","language":"tl"}],"image":{"objectId":"5ee639276c36ee982be152db40574e41","identifier":"5ee639276c36ee982be152db40574e41","title":"5ee639276c36ee982be152db40574e41","licence":"http:\/\/creativecommons.org\/licenses\/by-nc-sa\/3.0\/","rights":null,"credits":"Sally Polack&copy; FishWise Professional","description":null,"mimeType":"jpg","fileName":"5ee639276c36ee982be152db40574e41.jpg","URL":"http:\/\/media.eol.org\/content\/2011\/06\/03\/05\/60108_orig.jpg"},"iucnStatus":""},"48168577":{"collectionid":29656,"pageid":1177683,"taxonConceptId":48168577,"taxonName":"Megalaima rafflesii","textDesc":{"objectId":"23a1ecea90bc2bd749747eeec3774e13","identifier":"23a1ecea90bc2bd749747eeec3774e13","title":"Range Description","licence":"http:\/\/creativecommons.org\/licenses\/by-nc-sa\/3.0\/","rights":"\u00a9 International Union for Conservation of Nature and Natural Resources","credits":"&copy; International Union for Conservation of Nature and Natural Resources","description":"<i>Megalaima rafflesii<\/i> is confined to the Sundaic lowlands of south Tenasserim, <b>Myanmar<\/b>, peninsular <br\/><b>Thailand<\/b>, Sabah, Sarawak and Peninsular <b>Malaysia<\/b>,<b> Singapore<\/b>, Kalimantan and Sumatra, <br\/><b>Indonesia<\/b> and <b>Brunei<\/b>.&#13; <i>&#13; <\/i> "},"flathierarchy":null,"preferredCommonNames":{"vernacularName":"Red-crowned Barbet","language":"en","eol_preferred":true},"commonNames":[{"vernacularName":"vous\u00e1k pestrobarv\u00fd","language":"cs","eol_preferred":true},{"vernacularName":"Vous\u00e1k mnohobarv\u00fd","language":"cs"},{"vernacularName":"Mangefarvet Sk\u00e6gfugl","language":"da","eol_preferred":true},{"vernacularName":"Vielfarben-Bartvogel","language":"de","eol_preferred":true},{"vernacularName":"Red-crowned Barbet","language":"en","eol_preferred":true},{"vernacularName":"Many-colored Barbet","language":"en"},{"vernacularName":"Many-coloured Barbet","language":"en"},{"vernacularName":"Red crowned Barbet","language":"en"},{"vernacularName":"Barbudo Multicolor","language":"es","eol_preferred":true},{"vernacularName":"Barbudo de Muchos Colores","language":"es"},{"vernacularName":"Sateenkaarisepp\u00e4","language":"fi","eol_preferred":true},{"vernacularName":"Barbu bigarr\u00e9","language":"fr","eol_preferred":true},{"vernacularName":"Takur Tutut","language":"id","eol_preferred":true},{"vernacularName":"Barbuto multicolore","language":"it","eol_preferred":true},{"vernacularName":"Barbetto capirosso","language":"it"},{"vernacularName":"\u30cb\u30b7\u30ad\u30b4\u30b7\u30ad\u30c9\u30ea","language":"ja","eol_preferred":true},{"vernacularName":"nishikigoshikidori","language":"ja"},{"vernacularName":"Takur Kepala Merah","language":"ms","eol_preferred":true},{"vernacularName":"Burung Takur","language":"ms"},{"vernacularName":"Regenboogbaardvogel","language":"nl","eol_preferred":true},{"vernacularName":"R\u00f8dkroneskjeggfugl","language":"no","eol_preferred":true},{"vernacularName":"pstrog\u0142\u00f3w krasnoczapkowy","language":"pl","eol_preferred":true},{"vernacularName":"pstrogl\u00f3w krasnoczapkowy","language":"pl"},{"vernacularName":"\u041f\u0435\u0441\u0442\u0440\u0430\u044f \u0431\u043e\u0440\u043e\u0434\u0430\u0442\u043a\u0430","language":"ru","eol_preferred":true},{"vernacularName":"\u041c\u043d\u043e\u0433\u043e\u0446\u0432\u0435\u0442\u043d\u044b\u0439 \u0431\u043e\u0440\u043e\u0434\u0430\u0441\u0442\u0438\u043a","language":"ru"},{"vernacularName":"barbet \u010dervenohlav\u00fd","language":"sk","eol_preferred":true},{"vernacularName":"barbet cervenohlav\u00fd","language":"sk"},{"vernacularName":"R\u00f6dkronad barbett","language":"sv","eol_preferred":true},{"vernacularName":"\u0e19\u0e01\u0e42\u0e1e\u0e23\u0e30\u0e14\u0e01\u0e2b\u0e25\u0e32\u0e01\u0e2a\u0e35","language":"th","eol_preferred":true}],"image":{"objectId":"20a9a34a024f147167e6cf9450ae66aa","identifier":"20a9a34a024f147167e6cf9450ae66aa","title":"20a9a34a024f147167e6cf9450ae66aa","licence":"http:\/\/creativecommons.org\/licenses\/by-nc\/3.0\/","rights":null,"credits":"<a href='http:\/\/www.biolib.cz\/en\/person\/id1958\/'>Michal Brom<\/a>&copy; ","description":null,"mimeType":"jpg","fileName":"20a9a34a024f147167e6cf9450ae66aa.jpg","URL":"http:\/\/media.eol.org\/content\/2010\/03\/24\/02\/96673_orig.jpg"},"iucnStatus":""},"47934604":{"collectionid":29656,"pageid":381885,"taxonConceptId":47934604,"taxonName":"Malacosoma americanum","textDesc":"","flathierarchy":null,"preferredCommonNames":{"vernacularName":"Eastern Tent Caterpillar Moth","language":"en","eol_preferred":true},"commonNames":[{"vernacularName":"Amerikanischer ringelspinner","language":"de","eol_preferred":true},{"vernacularName":"Eastern Tent Caterpillar Moth","language":"en","eol_preferred":true},{"vernacularName":"eastern tent caterpillar","language":"en"},{"vernacularName":"eastern tent caterpillars","language":"en"},{"vernacularName":"livr\u00e9e d'Am\u00e9rique","language":"fr","eol_preferred":true}],"image":{"objectId":"3a911b5ff6699bac218dec0ad052ea38","identifier":"3a911b5ff6699bac218dec0ad052ea38","title":"Eastern Tent Caterpillar, Malacosoma americanum","licence":"http:\/\/creativecommons.org\/licenses\/by-nc\/2.0\/","rights":null,"credits":"<a href='http:\/\/www.flickr.com\/photos\/25980517@N03'>Lynette Schimming<\/a>&copy; ","description":null,"mimeType":"jpg","fileName":"3a911b5ff6699bac218dec0ad052ea38.jpg","URL":"http:\/\/media.eol.org\/content\/2011\/12\/09\/00\/33788_orig.jpg"},"iucnStatus":""}}