{"48380487":{"collectionid":29658,"pageid":587274,"taxonConceptId":48380487,"taxonName":"Viscaria vulgaris","textDesc":{"objectId":"eb33d371f6304c33a1bdcbaa79951584","identifier":"eb33d371f6304c33a1bdcbaa79951584","title":"Localities documented in Tropicos sources","licence":"http:\/\/creativecommons.org\/licenses\/by-nc-sa\/3.0\/","rights":"Tropicos.org Copyright (c) Missouri Botanical Garden","credits":"&copy; Missouri Botanical Garden, 4344 Shaw Boulevard, St. Louis, MO 63110 USA","description":"<i>Lychnis viscaria L.<\/i>: <br>United States (North America)<br><br>Note: This information is based on <br\/>publications available through <a href='http:\/\/tropicos.org'>Tropicos<\/a> and may not represent the entire <br\/>distribution. Tropicos does not categorize distributions as native or non-native. "},"flathierarchy":null,"preferredCommonNames":{"vernacularName":"clammy campion","language":"en","eol_preferred":true},"commonNames":[{"vernacularName":"German catchfly","language":"","eol_preferred":true},{"vernacularName":"Gef\u00fclltbl\u00fchende Pechnelke","language":"de","eol_preferred":true},{"vernacularName":"clammy campion","language":"en","eol_preferred":true},{"vernacularName":"lipicioasa","language":"ro","eol_preferred":true},{"vernacularName":"Tj\u00e4rblomster","language":"sv","eol_preferred":true}],"image":{"objectId":"df262129cf4b815c703df9e758f23958","identifier":"df262129cf4b815c703df9e758f23958","title":"df262129cf4b815c703df9e758f23958","licence":"","rights":"<p>This image is not copyrighted and may be freely used for any purpose. Please credit the artist, original publication if applicable, and the USDA-NRCS PLANTS Database. The following format is suggested and will be appreciated:<\/p> <p>Carole Ritchie @ USDA-NRCS PLANTS Database<\/p> <p>If you cite PL","credits":"Carole Ritchie&copy; <a href=\u0022http:\/\/nt.ars-grin.gov\/\u0022>ARS Systematic Botany and Mycology Laboratory<\/a>. United States, DC, Washington, National Botanic Garden.","description":null,"mimeType":"jpg","fileName":"df262129cf4b815c703df9e758f23958.jpg","URL":"http:\/\/media.eol.org\/content\/2009\/04\/21\/03\/48053_orig.jpg"},"iucnStatus":""},"48432936":{"collectionid":29658,"pageid":594728,"taxonConceptId":48432936,"taxonName":"Papaver nudicaule","textDesc":{"objectId":"e742af73a7826d3eb51cd0f06e3c8b1f","identifier":"e742af73a7826d3eb51cd0f06e3c8b1f","title":"Localities documented in Tropicos sources","licence":"http:\/\/creativecommons.org\/licenses\/by-nc-sa\/3.0\/","rights":"Tropicos.org Copyright (c) Missouri Botanical Garden","credits":"&copy; Missouri Botanical Garden, 4344 Shaw Boulevard, St. Louis, MO 63110 USA","description":"<i>Papaver nudicaule L.<\/i>: <br>Greenland (North America)<br>China (Asia)<br>Uzbekistan (Asia)<br>United <br\/>States (North America)<br>Tajikistan (Asia)<br>South Korea (Asia)<br>Russian Federation (Asia)<br>North <br\/>Korea (Asia)<br>Mongolia (Asia)<br>Kazakhstan (Asia)<br>Kyrgyzstan (Asia)<br>Afghanistan (Asia)<br><br>Note: <br\/>This information is based on publications available through <a href='http:\/\/tropicos.org'>Tropicos<\/a> <br\/>and may not represent the entire distribution. Tropicos does not categorize distributions as native or non-native. <br\/>"},"flathierarchy":null,"preferredCommonNames":{"vernacularName":"Icelandic poppy","language":"en","eol_preferred":true},"commonNames":[{"vernacularName":"arctic poppy","language":"","eol_preferred":true},{"vernacularName":"Island-Mohn","language":"de","eol_preferred":true},{"vernacularName":"Icelandic poppy","language":"en","eol_preferred":true},{"vernacularName":"Iceland Poppy","language":"en"}],"image":{"objectId":"6544431bc22cd8adcd11381056e42764","identifier":"6544431bc22cd8adcd11381056e42764","title":"6544431bc22cd8adcd11381056e42764","licence":"http:\/\/creativecommons.org\/licenses\/by\/3.0\/","rights":null,"credits":"<a href='http:\/\/www.biolib.cz\/en\/person\/id120\/'>Stanislav Krej\u010d\u00edk<\/a>&copy; ","description":null,"mimeType":"jpg","fileName":"6544431bc22cd8adcd11381056e42764.jpg","URL":"http:\/\/media.eol.org\/content\/2010\/03\/24\/08\/63847_orig.jpg"},"iucnStatus":""},"48433939":{"collectionid":29658,"pageid":485638,"taxonConceptId":48433939,"taxonName":"Primula vulgaris","textDesc":{"objectId":"0c515ef4b8e85927bd0254aad73094ea","identifier":"0c515ef4b8e85927bd0254aad73094ea","title":"Biology","licence":"http:\/\/creativecommons.org\/licenses\/by-nc-sa\/3.0\/","rights":"Copyright Wildscreen 2003-2008","credits":"&copy; Wildscreen","description":"This perennial species is evergreen, but occasionally aestivates (becomes dormant in summer during hot, dry <br\/>weather) (3). It typically flowers from March to June (5), although it may flower throughout the year in sheltered <br\/>hedge banks in Cornwall and copses in Sussex (4). Reproduction occurs by seeds, which are dispersed by ants (3). <br\/>A single primrose plant may live for 15-25 years (4).&nbsp;Primroses have been picked for sale and for decorating <br\/>churches for generations; this practice was criticised in the 1970s and 1980s, as wild-flower picking became <br\/>unfashionable due to the concerns of conservationists (4).&nbsp;Various parts of the primrose were used in <br\/>herbal medicine; the root was used as a reliable and safe emetic (it induces vomiting) and as an antispasmodic, <br\/>the whole plant was thought to be a sedative, the leaves were used to treat wounds and primrose tea was believed <br\/>to relieve nervous disorders (6). "},"flathierarchy":null,"preferredCommonNames":{"vernacularName":"primrose","language":"en","eol_preferred":true},"commonNames":[{"vernacularName":"Common Primros","language":"","eol_preferred":true},{"vernacularName":"Stengellose Schl\u00fcsselblume","language":"de","eol_preferred":true},{"vernacularName":"Garten-Schl\u00fcsselblume","language":"de"},{"vernacularName":"Kissenprimel","language":"de"},{"vernacularName":"primrose","language":"en","eol_preferred":true},{"vernacularName":"Double English Primrose","language":"en"},{"vernacularName":"English primrose","language":"en"},{"vernacularName":"True English Primrose","language":"en"},{"vernacularName":"occhio di civetta","language":"it","eol_preferred":true},{"vernacularName":"primavera","language":"it"},{"vernacularName":"griciorei","language":"ro","eol_preferred":true}],"image":{"objectId":"14a3c89020f459adfba176585936e193","identifier":"14a3c89020f459adfba176585936e193","title":"Primula vulgaris (with Fagus sylvatica leaves + cupules) (48\u00b007' N 16\u00b013' E)","licence":"http:\/\/creativecommons.org\/licenses\/by-nc-sa\/2.0\/","rights":null,"credits":"<a href='http:\/\/www.flickr.com\/photos\/40826335@N05'>Hermann Falkner<\/a>&copy; ","description":null,"mimeType":"jpg","fileName":"14a3c89020f459adfba176585936e193.jpg","URL":"http:\/\/media.eol.org\/content\/2011\/11\/01\/19\/69286_orig.jpg"},"iucnStatus":""},"48356253":{"collectionid":29658,"pageid":580838,"taxonConceptId":48356253,"taxonName":"Phlox subulata","textDesc":{"objectId":"23de05668907ff9ba2c53b299a928d16","identifier":"23de05668907ff9ba2c53b299a928d16","title":"Localities documented in Tropicos sources","licence":"http:\/\/creativecommons.org\/licenses\/by-nc-sa\/3.0\/","rights":"Tropicos.org Copyright (c) Missouri Botanical Garden","credits":"&copy; Missouri Botanical Garden, 4344 Shaw Boulevard, St. Louis, MO 63110 USA","description":"<i>Phlox subulata L.<\/i>: <br>Canada (North America)<br>United States (North America)<br><br>Note: This <br\/>information is based on publications available through <a href='http:\/\/tropicos.org'>Tropicos<\/a> and <br\/>may not represent the entire distribution. Tropicos does not categorize distributions as native or non-native. <br\/>"},"flathierarchy":null,"preferredCommonNames":{"vernacularName":"moss phlox","language":"en","eol_preferred":true},"commonNames":[{"vernacularName":"moss phlox","language":"en","eol_preferred":true},{"vernacularName":"Ground Pink","language":"en"},{"vernacularName":"Moss Pink","language":"en"},{"vernacularName":"Moss-Phlox","language":"en"}],"image":{"objectId":"dc37f25ffe16ce3dbcaf5ae9bcc67958","identifier":"dc37f25ffe16ce3dbcaf5ae9bcc67958","title":"dc37f25ffe16ce3dbcaf5ae9bcc67958","licence":"http:\/\/creativecommons.org\/licenses\/by\/3.0\/","rights":null,"credits":"<a href='http:\/\/www.biolib.cz\/en\/person\/id14\/'>Michal Ma\u0148as<\/a>&copy; ","description":null,"mimeType":"jpg","fileName":"dc37f25ffe16ce3dbcaf5ae9bcc67958.jpg","URL":"http:\/\/media.eol.org\/content\/2009\/09\/08\/02\/56914_orig.jpg"},"iucnStatus":""},"48432639":{"collectionid":29658,"pageid":586697,"taxonConceptId":48432639,"taxonName":"Malva linnaei","textDesc":{"objectId":"7ae2ec3d899805e9651cf34a736cd784","identifier":"7ae2ec3d899805e9651cf34a736cd784","title":"Distribution in Egypt","licence":"http:\/\/creativecommons.org\/licenses\/by-nc-sa\/3.0\/","rights":null,"credits":"&copy; Cultnat, BA","description":"<p>Nile Valley North of Nubia (Location: Delta), Mareotic Sector.<\/p> "},"flathierarchy":null,"preferredCommonNames":{"vernacularName":"Cornish mallow","language":"en","eol_preferred":true},"commonNames":[{"vernacularName":"Cornish mallow","language":"en","eol_preferred":true},{"vernacularName":"Cretan Tree-mallow","language":"en"},{"vernacularName":"Malva-bastarda","language":"pt","eol_preferred":true}],"image":{"objectId":"d4423e0cec2f3f669b264f6451b3165d","identifier":"d4423e0cec2f3f669b264f6451b3165d","title":"Malva-bastarda \/\/ Cornish Mallow (Lavatera cretica)","licence":"http:\/\/creativecommons.org\/licenses\/by-nc-sa\/2.0\/","rights":null,"credits":"<a href='http:\/\/www.flickr.com\/photos\/58213213@N00'>Valter Jacinto<\/a>&copy; ","description":null,"mimeType":"jpg","fileName":"d4423e0cec2f3f669b264f6451b3165d.jpg","URL":"http:\/\/media.eol.org\/content\/2012\/01\/25\/03\/65071_orig.jpg"},"iucnStatus":""},"48432777":{"collectionid":29658,"pageid":486446,"taxonConceptId":48432777,"taxonName":"Tilia cordata","textDesc":"","flathierarchy":null,"preferredCommonNames":{"vernacularName":"Small-leaved Lime","language":"en","eol_preferred":true},"commonNames":[{"vernacularName":"Winter-Linde","language":"de","eol_preferred":true},{"vernacularName":"Small-leaved Lime","language":"en","eol_preferred":true},{"vernacularName":"Small Leaved Lime","language":"en"},{"vernacularName":"littleleaf linden","language":"en"},{"vernacularName":"Tilo","language":"es","eol_preferred":true},{"vernacularName":"Tilleul \u00e0 petites feuilles","language":"fr","eol_preferred":true},{"vernacularName":"Tiglio selvatico","language":"it","eol_preferred":true},{"vernacularName":"T\u00edlia-de-folhas-pequenas","language":"pt","eol_preferred":true},{"vernacularName":"tei pucios","language":"ro","eol_preferred":true}],"image":{"objectId":"87ae16f073fe6bd49bbe3ff5aa6b41e9","identifier":"87ae16f073fe6bd49bbe3ff5aa6b41e9","title":"Lind","licence":"http:\/\/creativecommons.org\/licenses\/by-nc\/2.0\/","rights":null,"credits":"<a href='http:\/\/www.flickr.com\/photos\/46406832@N00'>Randi Hausken<\/a>&copy; ","description":null,"mimeType":"jpg","fileName":"87ae16f073fe6bd49bbe3ff5aa6b41e9.jpg","URL":"http:\/\/media.eol.org\/content\/2011\/11\/01\/16\/53936_orig.jpg"},"iucnStatus":""},"48436184":{"collectionid":29658,"pageid":595648,"taxonConceptId":48436184,"taxonName":"Syringa vulgaris","textDesc":{"objectId":"da438cbb6c6d7531890d70faa65519d4","identifier":"da438cbb6c6d7531890d70faa65519d4","title":"Description","licence":"","rights":null,"credits":"&copy; USDA NRCS National Plant Data Center","description":"<p><i>General<\/i>: Olive Family (<a href=\u0022\/pages\/4426\u0022>Oleaceae<\/a>). Lilac is an introduced, perennial, <br\/>deciduous shrub that grows between twelve to sixteen feet tall. The leaves are simple, ovate to broadly ovate, <br\/>and five to twelve centimeters long. The flowers are mostly white, lilac, or purple, pleasantly fragrant in long <br\/>terminal panicles (Copperrider 1995). The fruiting capsules are one to 1.5 centimeters long, with flat winged <br\/>seeds (Bruggen 1976).<\/p>  <p><i>Distribution<\/i>: Common lilac is native of Europe, introduced and naturalized <br\/>in the United States, escapes from cultivation from New York to North Dakota, south to Georgia and Kansas (Steyermark <br\/>1963). For current distribution, please consult the Plant profile page for this species on the PLANTS Web site.<\/p> <br\/>"},"flathierarchy":null,"preferredCommonNames":{"vernacularName":"common lilac","language":"en","eol_preferred":true},"commonNames":[{"vernacularName":"common lilac","language":"en","eol_preferred":true},{"vernacularName":"Lilacs","language":"en"},{"vernacularName":"lilac","language":"en"},{"vernacularName":"Lila","language":"es","eol_preferred":true},{"vernacularName":"lilacco comune","language":"it","eol_preferred":true},{"vernacularName":"siringa lilla","language":"it"},{"vernacularName":"liliac","language":"ro","eol_preferred":true}],"image":{"objectId":"1c83099bcac58f87ff8df2b42c569db9","identifier":"1c83099bcac58f87ff8df2b42c569db9","title":"File:Syringa.vulgaris(01).jpg","licence":"http:\/\/creativecommons.org\/licenses\/by-sa\/3.0\/","rights":null,"credits":"&copy; ","description":null,"mimeType":"jpg","fileName":"1c83099bcac58f87ff8df2b42c569db9.jpg","URL":"http:\/\/media.eol.org\/content\/2012\/06\/12\/10\/51949_orig.jpg"},"iucnStatus":""},"48533635":{"collectionid":29658,"pageid":2902988,"taxonConceptId":48533635,"taxonName":"Moraea sisyrinchium","textDesc":{"objectId":"801d912027ca2d1d3c10b524763f0d93","identifier":"801d912027ca2d1d3c10b524763f0d93","title":"Distribution in Egypt","licence":"http:\/\/creativecommons.org\/licenses\/by-nc-sa\/3.0\/","rights":null,"credits":"&copy; Bibliotheca Alexandrina","description":"<p>Nile and Mediterranean regions, Egyptian desert, and Sinai.<\/p> "},"flathierarchy":null,"preferredCommonNames":false,"commonNames":[{"vernacularName":"Barbary Nut","language":"","eol_preferred":true},{"vernacularName":"\u062e\u064a\u0637\u0647 (\u062e\u0650\u064a\u0637\u0647)","language":"ar","eol_preferred":true},{"vernacularName":"p\u00e9-de-burro","language":"pt","eol_preferred":true}],"image":{"objectId":"c26264e5d641b57d9ddc5383a6e99b0c","identifier":"c26264e5d641b57d9ddc5383a6e99b0c","title":"c26264e5d641b57d9ddc5383a6e99b0c","licence":"http:\/\/creativecommons.org\/licenses\/by-nc\/3.0\/","rights":null,"credits":"<a href='http:\/\/www.biolib.cz\/en\/person\/id2023\/'>Michal Hrone\u0161<\/a>&copy; ","description":null,"mimeType":"jpg","fileName":"c26264e5d641b57d9ddc5383a6e99b0c.jpg","URL":"http:\/\/media.eol.org\/content\/2009\/07\/24\/04\/71177_orig.jpg"},"iucnStatus":""},"48304982":{"collectionid":29658,"pageid":392374,"taxonConceptId":48304982,"taxonName":"Hydrangea macrophylla","textDesc":{"objectId":"1addd8f41c456945619e0b0db0e513c8","identifier":"1addd8f41c456945619e0b0db0e513c8","title":"Localities documented in Tropicos sources","licence":"http:\/\/creativecommons.org\/licenses\/by-nc-sa\/3.0\/","rights":"Tropicos.org Copyright (c) Missouri Botanical Garden","credits":"&copy; Missouri Botanical Garden, 4344 Shaw Boulevard, St. Louis, MO 63110 USA","description":"<i>Hydrangea macrophylla (Thunb.) Ser.<\/i>: <br>Bolivia (South America)<br>Costa Rica (Mesoamerica)<br>Ecuador <br\/>(South America)<br>Guatemala (Mesoamerica)<br>Honduras (Mesoamerica)<br>Japan (Asia)<br>Mexico (Mesoamerica)<br>Panama <br\/>(Mesoamerica)<br>South Korea (Asia)<br>China (Asia)<br>Colombia (South America)<br>Venezuela (South <br\/>America)<br><br>Note: This information is based on publications available through <a href='http:\/\/tropicos.org'>Tropicos<\/a> <br\/>and may not represent the entire distribution. Tropicos does not categorize distributions as native or non-native. <br\/>"},"flathierarchy":null,"preferredCommonNames":{"vernacularName":"hydrangea","language":"en","eol_preferred":true},"commonNames":[{"vernacularName":"Hortensie","language":"de","eol_preferred":true},{"vernacularName":"hydrangea","language":"en","eol_preferred":true},{"vernacularName":"Big Leaf Hydrangea","language":"en"},{"vernacularName":"Bigleaf Hydrangea","language":"en"},{"vernacularName":"Christmas flower","language":"en"},{"vernacularName":"French hydrangea","language":"en"},{"vernacularName":"Garden Hydrangea","language":"en"},{"vernacularName":"Hortensia","language":"en"},{"vernacularName":"Lace Cap Hydrangea","language":"en"},{"vernacularName":"ajisai","language":"ja","eol_preferred":true},{"vernacularName":"suguk","language":"ko","eol_preferred":true}],"image":{"objectId":"ba88ecf7e8ed11984fd123b68b6277b3","identifier":"ba88ecf7e8ed11984fd123b68b6277b3","title":"File:Hydrangea serrata var acuminata1.jpg","licence":"http:\/\/creativecommons.org\/licenses\/by-sa\/3.0\/","rights":null,"credits":"Kenpei&copy; ","description":null,"mimeType":"jpg","fileName":"ba88ecf7e8ed11984fd123b68b6277b3.jpg","URL":"http:\/\/media.eol.org\/content\/2012\/06\/12\/12\/01067_orig.jpg"},"iucnStatus":""},"48427672":{"collectionid":29658,"pageid":580083,"taxonConceptId":48427672,"taxonName":"Myosotis arvensis","textDesc":{"objectId":"06c46b65855b949a8afdf1cd45fdedb4","identifier":"06c46b65855b949a8afdf1cd45fdedb4","title":"Localities documented in Tropicos sources","licence":"http:\/\/creativecommons.org\/licenses\/by-nc-sa\/3.0\/","rights":"Tropicos.org Copyright (c) Missouri Botanical Garden","credits":"&copy; Missouri Botanical Garden, 4344 Shaw Boulevard, St. Louis, MO 63110 USA","description":"<i>Myosotis arvensis (L.) Hill<\/i>: <br>Canada (North America)<br>Greenland (North America)<br>United <br\/>States (North America)<br>South Africa (Africa & Madagascar)<br><br>Note: This information is based on publications <br\/>available through <a href='http:\/\/tropicos.org'>Tropicos<\/a> and may not represent the entire distribution. <br\/>Tropicos does not categorize distributions as native or non-native. "},"flathierarchy":null,"preferredCommonNames":{"vernacularName":"field forget-me-not","language":"en","eol_preferred":true},"commonNames":[{"vernacularName":"Acker-Vergissmeinnicht","language":"de","eol_preferred":true},{"vernacularName":"field forget-me-not","language":"en","eol_preferred":true},{"vernacularName":"Field Forgetmenot","language":"en"},{"vernacularName":"Rough Forget-me-not","language":"en"},{"vernacularName":"Myosotis des champs","language":"fr","eol_preferred":true},{"vernacularName":"Nontiscordardim\u00e9 minore","language":"it","eol_preferred":true},{"vernacularName":"ochiul \u015farpelui","language":"ro","eol_preferred":true},{"vernacularName":"nu-m\u0103-uita","language":"ro"},{"vernacularName":"urechea \u015foricelului","language":"ro"}],"image":{"objectId":"89d61a4fa996c2f537be5713526e5146","identifier":"89d61a4fa996c2f537be5713526e5146","title":"89d61a4fa996c2f537be5713526e5146","licence":"","rights":"<p>This image is not copyrighted and may be freely used for any purpose. Please credit the artist, original publication if applicable, and the USDA-NRCS PLANTS Database. The following format is suggested and will be appreciated:<\/p> <p>USDA-NRCS PLANTS Database \/ Britton, N.L., and A. Brown. 1913. <","credits":"&copy; <a href=\u0022http:\/\/www.knps.org\u0022>Kentucky Native Plant Society<\/a>. Scanned by <a href=\u0022http:\/\/www.omnitekinc.com\/\u0022>Omnitek Inc<\/a>.","description":null,"mimeType":"tif","fileName":"89d61a4fa996c2f537be5713526e5146.tif","URL":"http:\/\/media.eol.org\/content\/2009\/04\/21\/04\/95600_orig.jpg"},"iucnStatus":""},"48380783":{"collectionid":29658,"pageid":590805,"taxonConceptId":48380783,"taxonName":"Dianthus caryophyllus","textDesc":{"objectId":"9d60cbdd14d72a6a77cca80dd701d4d8","identifier":"9d60cbdd14d72a6a77cca80dd701d4d8","title":"Localities documented in Tropicos sources","licence":"http:\/\/creativecommons.org\/licenses\/by-nc-sa\/3.0\/","rights":"Tropicos.org Copyright (c) Missouri Botanical Garden","credits":"&copy; Missouri Botanical Garden, 4344 Shaw Boulevard, St. Louis, MO 63110 USA","description":"<i>Dianthus caryophyllus L.<\/i>: <br>Ecuador (South America)<br>Guatemala (Mesoamerica)<br>Honduras <br\/>(Mesoamerica)<br>Mexico (Mesoamerica)<br>Venezuela (South America)<br>Brazil (South America)<br>Colombia <br\/>(South America)<br>Costa Rica (Mesoamerica)<br><br>Note: This information is based on publications available <br\/>through <a href='http:\/\/tropicos.org'>Tropicos<\/a> and may not represent the entire distribution. Tropicos <br\/>does not categorize distributions as native or non-native. "},"flathierarchy":null,"preferredCommonNames":{"vernacularName":"carnation","language":"en","eol_preferred":true},"commonNames":[{"vernacularName":"Garten-Nelke","language":"de","eol_preferred":true},{"vernacularName":"Edel-Nelke","language":"de"},{"vernacularName":"carnation","language":"en","eol_preferred":true},{"vernacularName":"Clove Pink","language":"en"},{"vernacularName":"Clove-pink","language":"en"},{"vernacularName":"garofano","language":"it","eol_preferred":true},{"vernacularName":"gvozdika gollandskaja","language":"ru","eol_preferred":true},{"vernacularName":"gvozdika sadovaja","language":"ru"},{"vernacularName":"\u0433\u0432\u043e\u0437\u0434\u0438\u043a\u0430 \u0433\u043e\u043b\u043b\u0430\u043d\u0434\u0441\u043a\u0430\u044f","language":"ru"},{"vernacularName":"\u0433\u0432\u043e\u0437\u0434\u0438\u043a\u0430 \u0441\u0430\u0434\u043e\u0432\u0430\u044f","language":"ru"}],"image":{"objectId":"90f68ed4ad11bbe00a065d1b90ab12e6","identifier":"90f68ed4ad11bbe00a065d1b90ab12e6","title":"File:Dianthus caryophyllus L (Clove pink).JPG","licence":"http:\/\/creativecommons.org\/licenses\/by-sa\/3.0\/","rights":null,"credits":"<a href='http:\/\/commons.wikimedia.org\/wiki\/User:Zcebeci'>Zeynel Cebeci<\/a>&copy; ","description":null,"mimeType":"jpg","fileName":"90f68ed4ad11bbe00a065d1b90ab12e6.jpg","URL":"http:\/\/media.eol.org\/content\/2012\/06\/13\/04\/65813_orig.jpg"},"iucnStatus":""},"48334898":{"collectionid":29658,"pageid":702890,"taxonConceptId":48334898,"taxonName":"Lotus creticus","textDesc":{"objectId":"04e0c3e1bbb7fe321310280c756b3c54","identifier":"04e0c3e1bbb7fe321310280c756b3c54","title":"Distribution in Egypt","licence":"http:\/\/creativecommons.org\/licenses\/by-nc-sa\/3.0\/","rights":null,"credits":"&copy; Bibliotheca Alexandrina","description":"<p>Mareotic Sector, North Sinai, Isthmic Desert, Galala Desert, Libyan Desert, Nubian Desert, Gebel Oweinat.<\/p> <br\/>"},"flathierarchy":null,"preferredCommonNames":{"vernacularName":"Cretan Bird's-foot-trefoil","language":"en","eol_preferred":true},"commonNames":[{"vernacularName":"\u0639\u0634\u0628 (\u0639\u064e\u0634\u0628 \u060c\u0639\u064f\u0634\u0628)","language":"ar","eol_preferred":true},{"vernacularName":"Cretan Bird's-foot-trefoil","language":"en","eol_preferred":true},{"vernacularName":"Cretan trefoil","language":"en"},{"vernacularName":"creta trefoil","language":"en"},{"vernacularName":"Trevo-de-creta","language":"pt","eol_preferred":true}],"image":{"objectId":"6bf89e414de61672c889b24da30fac9d","identifier":"6bf89e414de61672c889b24da30fac9d","title":"Trevo-de-creta \/\/ Creta Trefoil (Lotus creticus)","licence":"http:\/\/creativecommons.org\/licenses\/by-nc-sa\/2.0\/","rights":null,"credits":"<a href='http:\/\/www.flickr.com\/photos\/58213213@N00'>Valter Jacinto<\/a>&copy; ","description":null,"mimeType":"jpg","fileName":"6bf89e414de61672c889b24da30fac9d.jpg","URL":"http:\/\/media.eol.org\/content\/2011\/12\/30\/02\/56832_orig.jpg"},"iucnStatus":""},"48371464":{"collectionid":29658,"pageid":5134006,"taxonConceptId":48371464,"taxonName":"Campanula zoysii","textDesc":{"objectId":"b7dad0f314ad3ce7df183fc6a560851f","identifier":"b7dad0f314ad3ce7df183fc6a560851f","title":"Range Description","licence":"http:\/\/creativecommons.org\/licenses\/by-nc-sa\/3.0\/","rights":"\u00a9 International Union for Conservation of Nature and Natural Resources","credits":"&copy; International Union for Conservation of Nature and Natural Resources","description":"<span style=\u0022font-style: italic;\u0022>Favratia zoysii<\/span> has been described from Austria, Italy and Slovenia <br\/>(Euro+Med Plantbase 2006-2010). It is found in the southern part of Austria along the boarder to Slovenia at two <br\/>locati<span style=\u0022background-color: white;\u0022>ons (<\/span>Fischer <em>et al.<\/em> 2008<span style=\u0022background-color: <br\/>white;\u0022>).<\/span><br\/><br\/>This species is limited to the northern exposed slopes of limestone and the area <br\/>of occupancy is estimated to be less than 500 km\u00b2. It is widespread within its range and is found at an altitude <br\/>from 1,500 to 2,500 m but can grow down to 500 m. "},"flathierarchy":null,"preferredCommonNames":{"vernacularName":"bellflower","language":"en","eol_preferred":true},"commonNames":[{"vernacularName":"bellflower","language":"en","eol_preferred":true}],"image":{"objectId":"47bdd6c16dc4fc18c6016cc15d3bdbc2","identifier":"47bdd6c16dc4fc18c6016cc15d3bdbc2","title":"47bdd6c16dc4fc18c6016cc15d3bdbc2","licence":"http:\/\/creativecommons.org\/licenses\/by-nc\/3.0\/","rights":null,"credits":"&copy; ","description":null,"mimeType":"jpg","fileName":"47bdd6c16dc4fc18c6016cc15d3bdbc2.jpg","URL":"http:\/\/media.eol.org\/content\/2012\/05\/23\/08\/80877_orig.jpg"},"iucnStatus":""},"48380796":{"collectionid":29658,"pageid":588504,"taxonConceptId":48380796,"taxonName":"Gypsophila paniculata","textDesc":{"objectId":"1da2601cd8294c9c925facb69694f072","identifier":"1da2601cd8294c9c925facb69694f072","title":"Localities documented in Tropicos sources","licence":"http:\/\/creativecommons.org\/licenses\/by-nc-sa\/3.0\/","rights":"Tropicos.org Copyright (c) Missouri Botanical Garden","credits":"&copy; Missouri Botanical Garden, 4344 Shaw Boulevard, St. Louis, MO 63110 USA","description":"<i>Gypsophila paniculata L.<\/i>: <br>Kazakhstan (Asia)<br>United States (North America)<br>Mexico (Mesoamerica)<br>China <br\/>(Asia)<br>Canada (North America)<br>Russian Federation (Asia)<br>Mongolia (Asia)<br>Brazil (South America)<br><br>Note: <br\/>This information is based on publications available through <a href='http:\/\/tropicos.org'>Tropicos<\/a> <br\/>and may not represent the entire distribution. Tropicos does not categorize distributions as native or non-native. <br\/>"},"flathierarchy":null,"preferredCommonNames":{"vernacularName":"baby's breath","language":"en","eol_preferred":true},"commonNames":[{"vernacularName":"Rispiges Gipskraut","language":"de","eol_preferred":true},{"vernacularName":"Schleierkraut","language":"de"},{"vernacularName":"baby's breath","language":"en","eol_preferred":true},{"vernacularName":"Old-fashioned Baby's Brea","language":"en"},{"vernacularName":"Tall Baby's-breath","language":"en"},{"vernacularName":"babysbreath","language":"en"},{"vernacularName":"babysbreath gypsophila","language":"en"},{"vernacularName":"bachelor's button","language":"en"},{"vernacularName":"perfoliate baby's breath","language":"en"},{"vernacularName":"perfoliate baby'sbreath","language":"en"},{"vernacularName":"ipcarige","language":"ro","eol_preferred":true},{"vernacularName":"\u041a\u0430\u0447\u0438\u043c \u043c\u0435\u0442\u0435\u043b\u044c\u0447\u0430\u0442\u044b\u0439","language":"ru","eol_preferred":true},{"vernacularName":"belyj myl'nyj koren","language":"ru"},{"vernacularName":"ka\u010dim metel'\u010datyj","language":"ru"},{"vernacularName":"perekatipole","language":"ru"},{"vernacularName":"\u0431\u0435\u043b\u044b\u0439 \u043c\u044b\u043b\u044c\u043d\u044b\u0439 \u043a\u043e\u0440\u0435\u043d","language":"ru"},{"vernacularName":"\u043a\u0430\u0447\u0438\u043c \u043c\u0435\u0442\u0435\u043b\u044c\u0447\u0430\u0442\u044b\u0439","language":"ru"},{"vernacularName":"\u043f\u0435\u0440\u0435\u043a\u0430\u0442\u0438\u043f\u043e\u043b\u0435","language":"ru"},{"vernacularName":"brudsl\u00f6ja","language":"sv","eol_preferred":true}],"image":{"objectId":"7beab240b0017e31369080cf650c9693","identifier":"7beab240b0017e31369080cf650c9693","title":"7beab240b0017e31369080cf650c9693","licence":"http:\/\/creativecommons.org\/licenses\/by-nc\/3.0\/","rights":null,"credits":"<a href='http:\/\/www.biolib.cz\/en\/person\/id913\/'>V\u00e1clav Dvo\u0159\u00e1k<\/a>&copy; ","description":null,"mimeType":"jpg","fileName":"7beab240b0017e31369080cf650c9693.jpg","URL":"http:\/\/media.eol.org\/content\/2010\/03\/24\/03\/84470_orig.jpg"},"iucnStatus":""},"48408222":{"collectionid":29658,"pageid":468175,"taxonConceptId":48408222,"taxonName":"Ambrosia artemisiifolia","textDesc":{"objectId":"2cb5ea10d7fdfa2df41f9d2479784adb","identifier":"2cb5ea10d7fdfa2df41f9d2479784adb","title":"Description","licence":"http:\/\/creativecommons.org\/licenses\/by-nc\/3.0\/","rights":"Copyright \u00a9 2002-2012 by Dr. John Hilty","credits":"&copy; John Hilty","description":"This is a native annual plant up to 3' tall and branching frequently. The hairy stems are green to light pinkish <br\/>red. The leaves are up to 6\u0022 long and 4\u0022 across, and are opposite or alternate along the stems. They are deeply pinnatifid, <br\/>broadly lanceolate (in outline), and usually much wider at the base than the tip. Mature leaves are relatively <br\/>hairless, but small emergent leaves often have hairs on their undersides.   Many of the upper stems terminate in <br\/>one or more cylindrical spikes of flowers about 1-4\u0022 long. Near the base of the central flowering spike, one or <br\/>two small spikes may develop that are only half as long. The small flowers are initially green, but later turn yellowish <br\/>green or brown as they mature and develop into achenes. Each flower is about 1\/8\u0022 long, the males producing a fine <br\/>yellow pollen that is easily carried by the wind. This pollen is usually released during late summer or early fall. <br\/>Numerous seeds are produced, which can remain viable for 5 years or more. The extensive root system is fibrous. <br\/>"},"flathierarchy":null,"preferredCommonNames":{"vernacularName":"common ragweed","language":"en","eol_preferred":true},"commonNames":[{"vernacularName":"bitterweed","language":"","eol_preferred":true},{"vernacularName":"Aufrechte Ambrosie","language":"de","eol_preferred":true},{"vernacularName":"common ragweed","language":"en","eol_preferred":true},{"vernacularName":"Hog-weed","language":"en"},{"vernacularName":"Roman wormwood","language":"en"},{"vernacularName":"annual ragweed","language":"en"},{"vernacularName":"low ragweed","language":"en"},{"vernacularName":"ragweed","language":"en"},{"vernacularName":"short ragweed","language":"en"},{"vernacularName":"small ragweed","language":"en"},{"vernacularName":"ambrozija odnolistnaja","language":"ru","eol_preferred":true},{"vernacularName":"ambrozija polynnolistnaja","language":"ru"},{"vernacularName":"\u0430\u043c\u0431\u0440\u043e\u0437\u0438\u044f \u043e\u0434\u043d\u043e\u043b\u0438\u0441\u0442\u043d\u0430\u044f","language":"ru"},{"vernacularName":"\u0430\u043c\u0431\u0440\u043e\u0437\u0438\u044f \u043f\u043e\u043b\u044b\u043d\u043d\u043e\u043b\u0438\u0441\u0442\u043d\u0430\u044f","language":"ru"}],"image":{"objectId":"0ac0113023f9bdbf893de7544b388ef1","identifier":"0ac0113023f9bdbf893de7544b388ef1","title":"0ac0113023f9bdbf893de7544b388ef1","licence":"","rights":"<p>This image is not copyrighted and may be freely used for any purpose. Please credit the artist, original publication if applicable, and the USDA-NRCS PLANTS Database. The following format is suggested and will be appreciated:<\/p> <p>USDA-NRCS PLANTS Database \/ Britton, N.L., and A. Brown. 1913. <","credits":"&copy; <a href=\u0022http:\/\/www.knps.org\u0022>Kentucky Native Plant Society<\/a>. Scanned by <a href=\u0022http:\/\/www.omnitekinc.com\/\u0022>Omnitek Inc<\/a>.","description":null,"mimeType":"tif","fileName":"0ac0113023f9bdbf893de7544b388ef1.tif","URL":"http:\/\/media.eol.org\/content\/2009\/04\/20\/22\/35419_orig.jpg"},"iucnStatus":""},"48380043":{"collectionid":29658,"pageid":585481,"taxonConceptId":48380043,"taxonName":"Gomphrena globosa","textDesc":{"objectId":"8a45fcaf93d7cf948a3c67553a2fd907","identifier":"8a45fcaf93d7cf948a3c67553a2fd907","title":"Description","licence":"http:\/\/creativecommons.org\/licenses\/by-nc\/3.0\/","rights":null,"credits":"&copy; Mark Hyde, Bart Wursten and Petra Ballings","description":"Annual herb, usually erect, to 60 cm tall.  Inflorescences spherical or depressed-spherical, pinkish to deep <br\/>red. "},"flathierarchy":null,"preferredCommonNames":{"vernacularName":"globe amaranth","language":"en","eol_preferred":true},"commonNames":[{"vernacularName":"globe amaranth","language":"en","eol_preferred":true},{"vernacularName":"common globe amaranth","language":"en"},{"vernacularName":"globe-amaranth","language":"en"},{"vernacularName":"tshonnalsaripul","language":"ko","eol_preferred":true},{"vernacularName":"bunga butang","language":"ms","eol_preferred":true},{"vernacularName":"klotamarant","language":"sv","eol_preferred":true}],"image":{"objectId":"251398adcbc2f629a0a3e09b26e4194f","identifier":"251398adcbc2f629a0a3e09b26e4194f","title":"251398adcbc2f629a0a3e09b26e4194f","licence":"http:\/\/creativecommons.org\/licenses\/by\/3.0\/","rights":null,"credits":"<a href='http:\/\/www.biolib.cz\/en\/person\/id2684\/'>Forest & Kim Starr<\/a>&copy; ","description":null,"mimeType":"jpg","fileName":"251398adcbc2f629a0a3e09b26e4194f.jpg","URL":"http:\/\/media.eol.org\/content\/2009\/09\/08\/02\/12549_orig.jpg"},"iucnStatus":""},"48527929":{"collectionid":29658,"pageid":1085160,"taxonConceptId":48527929,"taxonName":"Aloe arborescens","textDesc":{"objectId":"1079ebbce6b9af8e19a533f035db135f","identifier":"1079ebbce6b9af8e19a533f035db135f","title":"Biology","licence":"http:\/\/creativecommons.org\/licenses\/by-nc-sa\/3.0\/","rights":"Copyright Wildscreen 2003-2008","credits":"&copy; Wildscreen","description":"The large, colourful flower spikes of the krans aloe appear in the cool winter months of May and June (2) (5).  Like <br\/>other species of aloe, the flowers of the krans aloe produce nectar, attracting sunbirds and bees, which pollinate <br\/>the plant as they feed (5).  While each flower of an <i>Aloe<\/i> species contains both male and female organs, (the <br\/>stamens and pistil), it cleverly avoids the possibility of self-fertilisation as the stigma is able to recognise <br\/>its own pollen, and only accept pollen from other plants (7).  The sap-rich leaves of the krans aloe are used as a <br\/>first aid treatment for burns (6) "},"flathierarchy":null,"preferredCommonNames":{"vernacularName":"Mountain bush aloe","language":"en","eol_preferred":true},"commonNames":[{"vernacularName":"Mountain bush aloe","language":"en","eol_preferred":true},{"vernacularName":"Krans aloe","language":"en"},{"vernacularName":"Krantz Aloe","language":"en"},{"vernacularName":"Kranz aloe","language":"en"},{"vernacularName":"Tree Aloe","language":"en"},{"vernacularName":"candelabra aloe","language":"en"},{"vernacularName":"puuaaloe","language":"fi","eol_preferred":true},{"vernacularName":"rohtoaaloe","language":"fi"},{"vernacularName":"aloe drevovidnoe","language":"ru","eol_preferred":true},{"vernacularName":"stoletnik","language":"ru"},{"vernacularName":"\u0430\u043b\u043e\u0435 \u0434\u0440\u0435\u0432\u043e\u0432\u0438\u0434\u043d\u043e\u0435","language":"ru"},{"vernacularName":"\u0441\u0442\u043e\u043b\u0435\u0442\u043d\u0438\u043a","language":"ru"}],"image":{"objectId":"695db853c9e8b30fc45018bd1bdca478","identifier":"695db853c9e8b30fc45018bd1bdca478","title":"Krantz Aloe (Aloe arborescens)","licence":"http:\/\/creativecommons.org\/licenses\/by-nc-sa\/2.0\/","rights":null,"credits":"<a href='http:\/\/www.flickr.com\/photos\/58213213@N00'>Valter Jacinto<\/a>&copy; ","description":null,"mimeType":"jpg","fileName":"695db853c9e8b30fc45018bd1bdca478.jpg","URL":"http:\/\/media.eol.org\/content\/2012\/02\/01\/03\/39984_orig.jpg"},"iucnStatus":""},"48300984":{"collectionid":29658,"pageid":635645,"taxonConceptId":48300984,"taxonName":"Agrimonia eupatoria","textDesc":{"objectId":"809c766f865be6cd443e5aa07f337993","identifier":"809c766f865be6cd443e5aa07f337993","title":"Associations","licence":"http:\/\/creativecommons.org\/licenses\/by-nc-sa\/3.0\/","rights":null,"credits":"&copy; BioImages","description":"Foodplant \/ miner<br>larva of <i>Fenella nigrita<\/i> mines leaf of <i>Agrimonia eupatoria<\/i><br><br>Foodplant <br\/>\/ internal feeder<br>larva of <i>Hartigia linearis<\/i> feeds within stem of <i>Agrimonia eupatoria<\/i><br>Other: <br\/>sole host\/prey<br><br>Foodplant \/ saprobe<br>apothecium of <i>Hyalopeziza millepunctata<\/i> is saprobic <br\/>on dead stem of <i>Agrimonia eupatoria<\/i><br>Remarks: season: 5-10<br><br>Foodplant \/ saprobe<br>immersed <br\/>or semi-immersed pseudothecium of <i>Lophiostoma angustilabrum<\/i> is saprobic on dead stem of <i>Agrimonia <br\/>eupatoria<\/i><br>Remarks: season: 2-10<br>Other: major host\/prey<br><br>Foodplant \/ saprobe<br>immersed <br\/>or semi-immersed pseudothecium of <i>Lophiostoma caulium<\/i> is saprobic on dead stem of <i>Agrimonia eupatoria<\/i><br>Remarks: <br\/>season: 1-12<br><br>Foodplant \/ saprobe<br>partly immersed pseudothecium of <i>Lophiostoma fuckelii var. <br\/>fuckelii<\/i> is saprobic on dead stem of <i>Agrimonia eupatoria<\/i><br>Remarks: season: 3-10<br><br>Foodplant <br\/>\/ saprobe<br>usually immersed pseudothecium of <i>Lophiostoma vagabundum<\/i> is saprobic on dead stem of <br\/><i>Agrimonia eupatoria<\/i><br>Remarks: season: 1-12<br><br>In Great Britain and\/or Ireland:<br>Foodplant <br\/>\/ parasite<br><i>Podosphaera aphanis<\/i> parasitises live <i>Agrimonia eupatoria<\/i><br><br>Foodplant <br\/>\/ parasite<br>hypophyllous, often confluent uredium of <i>Pucciniastrum agrimoniae<\/i> parasitises live <br\/>leaf of <i>Agrimonia eupatoria<\/i><br>Remarks: season: 7-9<br>Other: major host\/prey<br><br> "},"flathierarchy":null,"preferredCommonNames":{"vernacularName":"agrimony","language":"en","eol_preferred":true},"commonNames":[{"vernacularName":"agrimony","language":"en","eol_preferred":true},{"vernacularName":"Sm\u00e5borre","language":"sv","eol_preferred":true}],"image":{"objectId":"88450efe5c4a6e7c4c155003fae1fc2d","identifier":"88450efe5c4a6e7c4c155003fae1fc2d","title":"Inflorescence in bud - side view","licence":"http:\/\/creativecommons.org\/licenses\/by-nc-sa\/3.0\/","rights":null,"credits":"&copy; ","description":null,"mimeType":"jpg","fileName":"88450efe5c4a6e7c4c155003fae1fc2d.jpg","URL":"http:\/\/media.eol.org\/content\/2012\/12\/05\/02\/03460_orig.jpg"},"iucnStatus":""},"48434447":{"collectionid":29658,"pageid":485249,"taxonConceptId":48434447,"taxonName":"Aconitum carmichaelii","textDesc":{"objectId":"9af8cee6cbc41019e9bf1fac1ff4407d","identifier":"9af8cee6cbc41019e9bf1fac1ff4407d","title":"General Description","licence":"http:\/\/creativecommons.org\/licenses\/by-nc\/3.0\/","rights":null,"credits":"&copy; Wen, Jun","description":"Caudex obconical, 2-4 cm, 1-1.6 cm in diameter. Stem 0.6-1.8 m, branched, apically sparsely retrorse pubescent, <br\/>with leaves equally arranged along stem. Proximal cauline leaves withered at anthesis; middle ones long petiolate; <br\/>petiole 1-2.5 cm; leaf blade pentagonal, 6-11 cm long, 9-15 cm wide, herbaceous or papery, abaxially usually <br\/>sparsely pubescent at veins, adaxially sparsely appressed pubescent, base slightly cordate, 3-sect; central <br\/>segment acute, acuminate, or long acuminate at apex, lobules broad; lateral segments unequally 2-parted. Inflorescence <br\/>terminal, 6-20 cm, many flowered; rachis and pedicels \u00b1 densely retrorse and appressed pubescent; proximal <br\/>bracts 3-fid, others narrowly ovate to lanceolate. Pedicels 1.5-4 cm, with 2 bracteoles at middle or below; bracteoles <br\/>lanceolate to linear, 3-8 mm long, 0.5-1.5 mm wide. Sepals blue-purple, abaxially pubescent; lower sepals 1.5-1.7 <br\/>cm; lateral sepals 1.5-2 cm; upper sepal high galeate, 2-2.6 cm high, 1.7-2.2 cm from base to beak, lower margin <br\/>slightly concave. Petals glabrous; limb ca. 1.1 cm; lip ca. 6 mm, slightly concave; spur usually circinate, 1.5-2.5 <br\/>mm. Stamens glabrous or sparsely pubescent; filaments 2-denticulate, or entire. Carpels 3-5, sparsely or densely <br\/>pubescent, rarely glabrous. Follicles 1.5-1.8 cm. Seeds 3-3.2 mm. "},"flathierarchy":null,"preferredCommonNames":{"vernacularName":"Carmichael's monkshood","language":"en","eol_preferred":true},"commonNames":[{"vernacularName":"Eisenhut","language":"de","eol_preferred":true},{"vernacularName":"Carmichael's monkshood","language":"en","eol_preferred":true},{"vernacularName":"budza","language":"ko","eol_preferred":true}],"image":{"objectId":"6fb1009227d14e7c3fe646ced1dc471b","identifier":"6fb1009227d14e7c3fe646ced1dc471b","title":"Flowers, Dujiangyuan, Sichuan, China, 2006","licence":"http:\/\/creativecommons.org\/licenses\/by-nc\/3.0\/","rights":null,"credits":"Wen, Jun&copy; ","description":null,"mimeType":"jpg","fileName":"6fb1009227d14e7c3fe646ced1dc471b.jpg","URL":"http:\/\/media.eol.org\/content\/2012\/01\/25\/15\/80640_orig.jpg"},"iucnStatus":""},"48331862":{"collectionid":29658,"pageid":641049,"taxonConceptId":48331862,"taxonName":"Acacia koaia","textDesc":{"objectId":"4452f037be4ba84d18ecd17adabfefa9","identifier":"4452f037be4ba84d18ecd17adabfefa9","title":"Localities documented in Tropicos sources","licence":"http:\/\/creativecommons.org\/licenses\/by-nc-sa\/3.0\/","rights":"Tropicos.org Copyright (c) Missouri Botanical Garden","credits":"&copy; Missouri Botanical Garden, 4344 Shaw Boulevard, St. Louis, MO 63110 USA","description":"<i>Acacia koaia W. Hillebrand<\/i>: <br>United States (North America)<br><br>Note: This information is based <br\/>on publications available through <a href='http:\/\/tropicos.org'>Tropicos<\/a> and may not represent the <br\/>entire distribution. Tropicos does not categorize distributions as native or non-native. "},"flathierarchy":null,"preferredCommonNames":{"vernacularName":"koaoha","language":"en","eol_preferred":true},"commonNames":[{"vernacularName":"koaoha","language":"en","eol_preferred":true},{"vernacularName":"Koai'a","language":"en"}],"image":{"objectId":"e1cdf2060026e44fdbaa139ec30185c0","identifier":"e1cdf2060026e44fdbaa139ec30185c0","title":"Acacia koaia","licence":"http:\/\/creativecommons.org\/licenses\/by\/2.0\/","rights":null,"credits":"<a href='http:\/\/www.flickr.com\/photos\/50823119@N08'>David  Eickhoff<\/a>&copy; ","description":null,"mimeType":"jpg","fileName":"e1cdf2060026e44fdbaa139ec30185c0.jpg","URL":"http:\/\/media.eol.org\/content\/2012\/02\/02\/00\/65962_orig.jpg"},"iucnStatus":""}}