{"48130472":{"collectionid":10770,"pageid":323888,"taxonConceptId":48130472,"taxonName":"Callithrix geoffroyi","textDesc":{"objectId":"58c3d4b602a970e9882d6ac87cd59d92","identifier":"58c3d4b602a970e9882d6ac87cd59d92","title":"Biology","licence":"http:\/\/creativecommons.org\/licenses\/by-nc-sa\/3.0\/","rights":"Copyright Wildscreen 2003-2008","credits":"&copy; Wildscreen","description":"Like many primates, Geoffroy's marmoset is a gregarious, social animal, and typically lives in family groups <br\/>of eight to ten individuals, consisting of the dominant female, her mate and their offspring, with breeding usually <br\/>restricted to the dominant pair (2) (5) (6). Young remain within a group, even when adult, and help care for their <br\/>siblings. These 'helpers' gain valuable breeding experience, which may be used when suitable habitat becomes <br\/>available for them to establish their own territory, as part of a dominant, monogamous breeding pair (5). Dominance <br\/>is enforced by scent-marking, scolding, cuffing and eye command. This is accentuated in the female by pheromones <br\/>produced in her scent glands, which inhibit ovulation in subordinate females, preventing them from breeding <br\/>as long as they remain within the group (6). The dominant female typically gives birth to twins, although singletons <br\/>and triplets also occur, after a gestation period of around 140 to 148 days (2) (5) (6). The father carries the young, <br\/>which are completely dependent for the first two weeks (5) (6). After this, all members of the group take turns <br\/>in carrying. Infants are weaned and independent by five to six months, by which time they are capable of collecting <br\/>their own food (6). Sexual maturity is reached at about 15 to 18 months of age (6), and individuals live around 10 <br\/>years (5).&nbsp;These diurnal, arboreal animals spend the day roaming around territories that may be up to 5 <br\/>hectares in size, and sleep at night in tree holes or other shelters. Home ranges are overlapping and, although <br\/>they are not defended, they are marked using scent, which is often smeared around favourite gum holes in trees. <br\/>The diet includes plant gums and saps, nectar, fruit, insects, invertebrates and other small animals (5). This <br\/>species has also been known to follow swarms of army ants, which flush many organisms up towards the trees, making <br\/>them available for the marmosets (8). "},"flathierarchy":[{"sourceIdentifier":"6873563","taxonID":48130472,"parentNameUsageID":48130468,"taxonConceptID":323888,"scientificName":"Callithrix geoffroyi (Humboldt, 1812)","taxonRank":"Species","type":"leaf"}],"preferredCommonNames":{"vernacularName":"White-fronted marmoset","language":"en","eol_preferred":true},"commonNames":[{"vernacularName":"white-headed marmoset","language":""},{"vernacularName":"Wei\u00dfkopf-B\u00fcschelaffe","language":"de","eol_preferred":true},{"vernacularName":"Weissgesicht-Seiden\u00e4ffchen","language":"de"},{"vernacularName":"White-fronted marmoset","language":"en","eol_preferred":true},{"vernacularName":"Geoffroy's tufted-ear marmoset","language":"en"},{"vernacularName":"Geoffroy\u2019s tufted-ear marmoset","language":"en"},{"vernacularName":"White-faced marmoset","language":"en"},{"vernacularName":"geoffroy's marmoset","language":"en"},{"vernacularName":"Tit\u00cc de caba blanca","language":"es","eol_preferred":true},{"vernacularName":"Tit\u00ed de caba blanca","language":"es"},{"vernacularName":"Witgezichtoeistitie","language":"nl","eol_preferred":true}],"image":{"objectId":"7a3d157e2b123dab126d374b2948ce02","identifier":"7a3d157e2b123dab126d374b2948ce02","title":"* Geoffroy's marmoset - Callithrix geoffroyi","licence":"http:\/\/creativecommons.org\/licenses\/by-nc-sa\/2.0\/","rights":null,"credits":"<a href='http:\/\/www.flickr.com\/photos\/42956474@N04'>Paulo B. Chaves<\/a>&copy; ","description":null,"mimeType":"jpg","fileName":"7a3d157e2b123dab126d374b2948ce02.jpg","URL":"http:\/\/media.eol.org\/content\/2011\/12\/23\/01\/77688_orig.jpg"}},"48176433":{"collectionid":10770,"pageid":995073,"taxonConceptId":48176433,"taxonName":"Syngnathoides biaculeatus","textDesc":{"objectId":"2b77ce54e6aed91f777f0ae4f2dd2b24","identifier":"2b77ce54e6aed91f777f0ae4f2dd2b24","title":"IUCN Red List Assessment","licence":"http:\/\/creativecommons.org\/licenses\/by-nc-sa\/3.0\/","rights":"\u00a9 International Union for Conservation of Nature and Natural Resources","credits":"&copy; International Union for Conservation of Nature and Natural Resources","description":"<div id=\u0022x_category_and_criteria\u0022> <br\/><b>Red List Category<\/b><br\/> <div id=\u0022red_list_category_code\u0022>DD<\/div> <br\/><div id=\u0022red_list_category_title\u0022>Data Deficient<\/div> <br\/><b>Red List Criteria<\/b><br\/> <div id=\u0022red_list_criteria\u0022\/> <br\/><br\/><b>Version<\/b><br\/> <div id=\u0022category_version\u0022>3.1<\/div> <\/div> <br\/><b>Year Assessed<\/b><br\/> <br\/><div id=\u0022modified_year\u0022>2008<\/div> <br\/><b>Assessor\/s<\/b><br\/> <div id=\u0022assessors\u0022>Bartnik, S., Morgan, <br\/>Pogonoski, J., Pollard, D. & Paxton, J.<\/div> <br\/><b>Reviewer\/s<\/b><br\/> <div id=\u0022reviewers\u0022>Martin-Smith, <br\/>K. & Caldwell, I. (Syngnathid Red List Authority)<\/div> <br\/><b>Contributor\/s<\/b><br\/> <div id=\u0022contributors\u0022\/> <br\/><br\/><b>Justification<\/b><br\/> <div id=\u0022justification\u0022>This species meets the criteria for a Data Deficient <br\/>listing. The information available for <em>Syngnathoides biaculeatus<\/em> includes distribution and life <br\/>history parameters such as growth, reproduction, and development data (Takahashi <em>et al.<\/em> 2003, Dhanya <br\/><span style=\u0022font-style: italic;\u0022>et al.<\/span> 2005) but excludes data on population dynamics. <em>Syngnathoides <br\/>biaculeatus<\/em> is a syngnathid that has a long history of use in traditional medicine (Shi <em>et al.<\/em> <br\/>1993, Pogonoski <em>et al.<\/em> 2002). While there is abundant information on the occurrence of this species, <br\/>information on catch and trade levels is scarce. A listing of Data Deficient does not imply that the taxon is not <br\/>threatened but that not enough information exists to quantify or even estimate extinction risk. Application <br\/>of the category Data Deficient is a call for more research and scrutiny to be directed at this species. Until there <br\/>exists more information on the main exploitation method for <em>S. biaculeatus<\/em>, (as it is not known if there <br\/>are directed fisheries for the species or if individuals are caught only as bycatch), the distribution of any <br\/>fisheries, and the volume of individuals that are caught and traded, the impact of the trade for traditional medicines <br\/>cannot be assessed with rigour.<\/div> <br\/><b>History<\/b><br\/> <ul id=\u0022assessment_years\u0022><li class=\u0022assessment_year\u0022> <br\/><div class=\u0022year\u0022>1996<\/div> <div class=\u0022category\u0022>Data Deficient<\/div> <\/li> <\/ul> "},"flathierarchy":[{"sourceIdentifier":"10084863","taxonID":48176433,"parentNameUsageID":48176432,"taxonConceptID":995073,"scientificName":"Syngnathoides biaculeatus (Bloch, 1785)","taxonRank":"Species","type":"leaf"}],"preferredCommonNames":{"vernacularName":"alligator pipefish","language":"en","eol_preferred":true},"commonNames":[{"vernacularName":"Fipumas","language":"","eol_preferred":true},{"vernacularName":"Kaaiman-pypvis","language":"af","eol_preferred":true},{"vernacularName":"\u62df\u6d77\u9f99","language":"cnm","eol_preferred":true},{"vernacularName":"\u64ec\u6d77\u9f8d","language":"cnm"},{"vernacularName":"\u68d8\u6d77\u9f8d","language":"cnm"},{"vernacularName":"\u68d8\u6d77\u9f99","language":"cnm"},{"vernacularName":"Gr\u00f8n tangn\u00e5l","language":"da","eol_preferred":true},{"vernacularName":"alligator pipefish","language":"en","eol_preferred":true},{"vernacularName":"Double-end pipehorse","language":"en"},{"vernacularName":"Double-ended pipefish","language":"en"},{"vernacularName":"Double-ended pipehorse","language":"en"},{"vernacularName":"Spiraltail pipefish","language":"en"},{"vernacularName":"Two-barbel pipe fish","language":"en"},{"vernacularName":"horned pipefish","language":"en"},{"vernacularName":"painted flute mouth","language":"en"},{"vernacularName":"twobarbel pipefish","language":"en"},{"vernacularName":"Alligaattorineula","language":"fi","eol_preferred":true},{"vernacularName":"Longue-fl\u00fbte","language":"fr","eol_preferred":true},{"vernacularName":"Togey\u00f4ji","language":"ja","eol_preferred":true},{"vernacularName":"Undup buaya","language":"jv","eol_preferred":true},{"vernacularName":"Hilitasi-tasi","language":"mh","eol_preferred":true},{"vernacularName":"\u0d2a\u0d41\u0d32\u0d4d\u0d1a\u0d3e\u0d33","language":"ml","eol_preferred":true},{"vernacularName":"Pulchala","language":"ml"},{"vernacularName":"Undok-undok buaya","language":"ms","eol_preferred":true},{"vernacularName":"Tangkur buaya","language":"ms"},{"vernacularName":"Tongkur buaya","language":"ms"},{"vernacularName":"Undok-undok","language":"ms"},{"vernacularName":"Dagum-dagum","language":"tl","eol_preferred":true},{"vernacularName":"C\u00e1 Ch\u00eca v\u00f4i","language":"vi","eol_preferred":true}],"image":{"objectId":"4000edc70cabcaeee648e1fe98fd6bef","identifier":"4000edc70cabcaeee648e1fe98fd6bef","title":"4000edc70cabcaeee648e1fe98fd6bef","licence":"http:\/\/creativecommons.org\/licenses\/by-nc\/3.0\/","rights":"This work is licensed under a Creative Commons Attribution-Noncommercial 3.0 Unported License. Image can be freely copied and altered but may be used only for non-commercial purposes. Original author and source must be properly acknowledged","credits":"<a href='http:\/\/www.fishbase.us\/collaborators\/CollaboratorSummary.php?id=50'>John E. Randall<\/a>&copy; Randall, J.E.","description":null,"mimeType":"jpg","fileName":"4000edc70cabcaeee648e1fe98fd6bef.jpg","URL":"http:\/\/media.eol.org\/content\/2009\/05\/19\/23\/54809_orig.jpg"}},"48176225":{"collectionid":10770,"pageid":994189,"taxonConceptId":48176225,"taxonName":"Hippocampus bargibanti","textDesc":{"objectId":"e6181343eae8c50823b9787b74b1f55d","identifier":"e6181343eae8c50823b9787b74b1f55d","title":"Biology","licence":"http:\/\/creativecommons.org\/licenses\/by-nc-sa\/3.0\/","rights":"Copyright Wildscreen 2003-2008","credits":"&copy; Wildscreen","description":"Adults are usually found in pairs or clusters of pairs, with up to 28 recorded on a single gorgonian, and may be monogamous <br\/>(1) (2). Unusually, it is the male, and not the female, that becomes pregnant in seahorses (7). Breeding occurs <br\/>year-round, and gestation averages two weeks (2) (4), during which the male carries the eggs concealed within <br\/>his trunk region (5). In one birth witnessed underwater a male 'gave birth' to a brood of 34 live young (2). The young <br\/>look like miniature adult seahorses, are independent from birth, and receive no further parental care (7). "},"flathierarchy":[{"sourceIdentifier":"10084722","taxonID":48176225,"parentNameUsageID":48176219,"taxonConceptID":994189,"scientificName":"Hippocampus bargibanti Whitley 1970","taxonRank":"Species","type":"leaf"}],"preferredCommonNames":{"vernacularName":"Pygmy seahorse","language":"en","eol_preferred":true},"commonNames":[{"vernacularName":"\u5df4\u6c0f\u6d77\u9a6c","language":"cnm","eol_preferred":true},{"vernacularName":"\u5df4\u6c0f\u6d77\u99ac","language":"cnm"},{"vernacularName":"Pygm\u00e6s\u00f8hest","language":"da","eol_preferred":true},{"vernacularName":"Pygmy seahorse","language":"en","eol_preferred":true},{"vernacularName":"Bargibant&#39;s seahorse","language":"en"},{"vernacularName":"Bargibant's seahorse","language":"en"},{"vernacularName":"Bargibant\u0092s seahorse","language":"en"},{"vernacularName":"Bargibant\u2019s seahorse","language":"en"},{"vernacularName":"Gorgonian seahorse","language":"en"}],"image":{"objectId":"a3448f3d0e47d48ac29acdd3125058eb","identifier":"a3448f3d0e47d48ac29acdd3125058eb","title":"File:Pygmy Seahorse - Hippocampus bargibanti.jpg","licence":"http:\/\/creativecommons.org\/licenses\/by\/3.0\/","rights":null,"credits":"Steve Childs&copy; ","description":null,"mimeType":"jpg","fileName":"a3448f3d0e47d48ac29acdd3125058eb.jpg","URL":"http:\/\/media.eol.org\/content\/2012\/06\/15\/06\/16732_orig.jpg"}},"48176404":{"collectionid":10770,"pageid":204529,"taxonConceptId":48176404,"taxonName":"Doryrhamphus dactyliophorus","textDesc":{"objectId":"00233c342d94f6e52f0af2156743b23d","identifier":"00233c342d94f6e52f0af2156743b23d","title":"Biology","licence":"http:\/\/creativecommons.org\/licenses\/by-nc\/3.0\/","rights":null,"credits":"&copy; FishBase","description":"Adults inhabit tide pools, lagoons, and outer reef slopes.  Found in caves and crevices.  Ovoviviparous (Ref. <br\/>205).  The male carries the eggs in a brood pouch which is found under the tail (Ref. 205).  Have been reared in captivity <br\/>(Ref. 35416). "},"flathierarchy":[{"sourceIdentifier":"10084679","taxonID":48176404,"parentNameUsageID":48176399,"taxonConceptID":204529,"scientificName":"Doryrhamphus dactyliophorus (Bleeker, 1853)","taxonRank":"Species","type":"leaf"}],"preferredCommonNames":{"vernacularName":"banded pipefish","language":"en","eol_preferred":true},"commonNames":[{"vernacularName":"Band-pypvis","language":"af","eol_preferred":true},{"vernacularName":"\u5e26\u7eb9\u77db\u543b\u6d77\u9f99","language":"cnm","eol_preferred":true},{"vernacularName":"\u5e36\u7d0b\u77db\u543b\u6d77\u9f8d","language":"cnm"},{"vernacularName":"\u6591\u7bc0\u6d77\u9f8d","language":"cnm"},{"vernacularName":"\u6591\u8282\u6d77\u9f99","language":"cnm"},{"vernacularName":"\u9ed1\u73af\u6d77\u9f99","language":"cnm"},{"vernacularName":"\u9ed1\u74b0\u6d77\u9f8d","language":"cnm"},{"vernacularName":"Stribet tangn\u00e5l","language":"da","eol_preferred":true},{"vernacularName":"banded pipefish","language":"en","eol_preferred":true},{"vernacularName":"Pipefish","language":"en"},{"vernacularName":"Ringed pipefish","language":"en"},{"vernacularName":"Seepraneula","language":"fi","eol_preferred":true},{"vernacularName":"Fl\u00fbte ray\u00e9","language":"fr","eol_preferred":true},{"vernacularName":"Oiran-y\u00f4ji","language":"ja","eol_preferred":true},{"vernacularName":"Tangkur merah putih","language":"ms","eol_preferred":true},{"vernacularName":"Kabayokabayoh","language":"tl","eol_preferred":true}],"image":{"objectId":"d624e630c0ee1bfdca3d73f98a723d22","identifier":"d624e630c0ee1bfdca3d73f98a723d22","title":"d624e630c0ee1bfdca3d73f98a723d22","licence":"http:\/\/creativecommons.org\/licenses\/by-nc\/3.0\/","rights":"This work is licensed under a Creative Commons Attribution-Noncommercial 3.0 Unported License. Image can be freely copied and altered but may be used only for non-commercial purposes. Original author and source must be properly acknowledged","credits":"<a href='http:\/\/www.fishbase.us\/collaborators\/CollaboratorSummary.php?id=50'>John E. Randall<\/a>&copy; Randall, J.E.","description":null,"mimeType":"jpg","fileName":"d624e630c0ee1bfdca3d73f98a723d22.jpg","URL":"http:\/\/media.eol.org\/content\/2009\/05\/19\/23\/70799_orig.jpg"}},"48217358":{"collectionid":10770,"pageid":331009,"taxonConceptId":48217358,"taxonName":"Silverstoneia flotator","textDesc":{"objectId":"4b99ede60fa500edd8166eae3d4c250a","identifier":"4b99ede60fa500edd8166eae3d4c250a","title":"Range Description","licence":"http:\/\/creativecommons.org\/licenses\/by-nc-sa\/3.0\/","rights":"\u00a9 International Union for Conservation of Nature and Natural Resources","credits":"&copy; International Union for Conservation of Nature and Natural Resources","description":"This species occurs in humid lowlands on the Atlantic slope from Costa Rica to east-central Panama and on the Pacific <br\/>versant in southwestern Costa Rica to west-central Panama. Suggestions that the species occurs in Colombia <br\/>are incorrect (T. Grant pers. comm.). It has an altitudinal range of 10-865m asl (Savage, 2002). "},"flathierarchy":[{"sourceIdentifier":"7155799","taxonID":48217358,"parentNameUsageID":48217356,"taxonConceptID":331009,"scientificName":"Silverstoneia flotator (Dunn, 1931)","taxonRank":"Species","type":"leaf"}],"preferredCommonNames":{"vernacularName":"rainforest rocket frog","language":"en","eol_preferred":true},"commonNames":[{"vernacularName":"rainforest rocket frog","language":"en","eol_preferred":true}],"image":{"objectId":"3bcd0eb4670f74a621bc92beb3f22433","identifier":"3bcd0eb4670f74a621bc92beb3f22433","title":"3bcd0eb4670f74a621bc92beb3f22433","licence":"http:\/\/creativecommons.org\/licenses\/by-nc-sa\/3.0\/","rights":null,"credits":"Oscar Federico Gonz\u00e1lez&copy; Instituto Nacional de Biodiversidad - INBio, Costa Rica.","description":null,"mimeType":"jpg","fileName":"3bcd0eb4670f74a621bc92beb3f22433.jpg","URL":"http:\/\/media.eol.org\/content\/2011\/08\/11\/14\/06311_orig.jpg"}},"48151050":{"collectionid":10770,"pageid":1177541,"taxonConceptId":48151050,"taxonName":"Sialia mexicana","textDesc":{"objectId":"677b7583c0da820df7641363be85b41f","identifier":"677b7583c0da820df7641363be85b41f","title":"Geographic Range","licence":"http:\/\/creativecommons.org\/licenses\/by-nc-sa\/3.0\/","rights":"\u00a91995-2012, The Regents of the University of Michigan and its licensors","credits":"&copy; The Regents of the University of Michigan and its licensors","description":"<p><span class=\u0022taxon-name\u0022>Sialia mexicana<\/span> is found throughout parts of western North America, <br\/>including southeastern British Columbia, Alberta, Washington, Oregon, Idaho, California, Nevada, Utah, <br\/>Colorado, New Mexico, Arizona, northern Baja California, and the central Mexican states. <\/p><p><strong>Biogeographic <br\/>Regions: <\/strong> nearctic  (Native )<\/p> "},"flathierarchy":[{"sourceIdentifier":"6849954","taxonID":48151050,"parentNameUsageID":48151044,"taxonConceptID":1177541,"scientificName":"Sialia mexicana Swainson 1832","taxonRank":"Species","type":"leaf"}],"preferredCommonNames":{"vernacularName":"Western Bluebird","language":"en","eol_preferred":true},"commonNames":[{"vernacularName":"Sialie z\u00e1padn\u00ed","language":"cs","eol_preferred":true},{"vernacularName":"sala\u0161n\u00edk z\u00e1padn\u00ed","language":"cs"},{"vernacularName":"Vestlig Sialia","language":"da","eol_preferred":true},{"vernacularName":"Blaukehl-H\u00fcttens\u00e4nger","language":"de","eol_preferred":true},{"vernacularName":"Western Bluebird","language":"en","eol_preferred":true},{"vernacularName":"California bluebird","language":"en"},{"vernacularName":"Mexican bluebird","language":"en"},{"vernacularName":"San Pedro bluebird","language":"en"},{"vernacularName":"chestnut-backed bluebird","language":"en"},{"vernacularName":"Sialia mexicana","language":"es","eol_preferred":true},{"vernacularName":"Azulejo Occidental","language":"es"},{"vernacularName":"Azulejo garganta azul","language":"es"},{"vernacularName":"Azulejo gorjiazul","language":"es"},{"vernacularName":"Azulillo de Garganta Azul","language":"es"},{"vernacularName":"l\u00e4\u00e4ne-sinilind","language":"et","eol_preferred":true},{"vernacularName":"Purppurasinikka","language":"fi","eol_preferred":true},{"vernacularName":"Merlebleu de l'Ouest","language":"fr","eol_preferred":true},{"vernacularName":"Merle bleu du Mexique","language":"fr"},{"vernacularName":"Merle bleu \u00e0 dos marron","language":"fr"},{"vernacularName":"Merlebleu \u00e0 dos marron","language":"fr"},{"vernacularName":"merle-bleu de l'ouest","language":"fr"},{"vernacularName":"Uccello azzurro occidentale","language":"it","eol_preferred":true},{"vernacularName":"Azzurrino occidentale","language":"it"},{"vernacularName":"\u30c1\u30e3\u30ac\u30bf\u30eb\u30ea\u30c4\u30b0\u30df","language":"ja","eol_preferred":true},{"vernacularName":"chagataruritsugumi","language":"ja"},{"vernacularName":"chakataruritsugumi","language":"ja"},{"vernacularName":"\u30c1\u30e3\u30ab\u30bf\u30eb\u30ea\u30c4\u30b0\u30df","language":"ja"},{"vernacularName":"Westelijke Bluebird","language":"nl","eol_preferred":true},{"vernacularName":"Blauwkeelsialia","language":"nl"},{"vernacularName":"Vestbl\u00e5fugl","language":"no","eol_preferred":true},{"vernacularName":"b\u0142\u0119kitnik meksyka\u0144ski","language":"pl","eol_preferred":true},{"vernacularName":"blekitnik meksykanski","language":"pl"},{"vernacularName":"\u0417\u0430\u043f\u0430\u0434\u043d\u0430\u044f \u043b\u0430\u0437\u0443\u0440\u043d\u0430\u044f \u043f\u0442\u0438\u0446\u0430","language":"ru","eol_preferred":true},{"vernacularName":"sala\u0161n\u00edk h\u00e1jov\u00fd","language":"sk","eol_preferred":true},{"vernacularName":"V\u00e4stsialia","language":"sv","eol_preferred":true}],"image":{"objectId":"07d70d223a489a7af472eb3d645bfeb8","identifier":"07d70d223a489a7af472eb3d645bfeb8","title":"File:Sialia mexicana -USA -male-8.jpg","licence":"http:\/\/creativecommons.org\/licenses\/by-sa\/3.0\/","rights":null,"credits":"Paul McGuire&copy; ","description":null,"mimeType":"jpg","fileName":"07d70d223a489a7af472eb3d645bfeb8.jpg","URL":"http:\/\/media.eol.org\/content\/2012\/08\/07\/03\/70567_orig.jpg"}},"48169460":{"collectionid":10770,"pageid":917158,"taxonConceptId":48169460,"taxonName":"Melanerpes formicivorus","textDesc":{"objectId":"8f7765e372c87ad7c7fe714929ab7763","identifier":"8f7765e372c87ad7c7fe714929ab7763","title":"Geographic Range","licence":"http:\/\/creativecommons.org\/licenses\/by-nc-sa\/3.0\/","rights":"\u00a91995-2012, The Regents of the University of Michigan and its licensors","credits":"&copy; The Regents of the University of Michigan and its licensors","description":"<p>The Acorn Woodpecker is found from northwestern Oregon, California, the American Southwest, and western <br\/>Mexico through the Central American highlands and into the northern Andes of Colombia.<\/p><p><strong>Biogeographic <br\/>Regions: <\/strong> nearctic  (Native ); neotropical  (Native )<\/p> "},"flathierarchy":[{"sourceIdentifier":"6849508","taxonID":48169460,"parentNameUsageID":48169458,"taxonConceptID":917158,"scientificName":"Melanerpes formicivorus (Swainson, 1827)","taxonRank":"Species","type":"leaf"}],"preferredCommonNames":{"vernacularName":"acorn woodpecker","language":"en","eol_preferred":true},"commonNames":[{"vernacularName":"datel sb\u011bra\u010d","language":"cs","eol_preferred":true},{"vernacularName":"Datel sberac","language":"cs"},{"vernacularName":"Agernsp\u00e6tte","language":"da","eol_preferred":true},{"vernacularName":"Eichel-Specht","language":"de","eol_preferred":true},{"vernacularName":"Eichelspecht","language":"de"},{"vernacularName":"acorn woodpecker","language":"en","eol_preferred":true},{"vernacularName":"Acorn Woodpwcker","language":"en"},{"vernacularName":"Acorn-storing Woodpecker","language":"en"},{"vernacularName":"California woodpecker","language":"en"},{"vernacularName":"Californian Woodpecker","language":"en"},{"vernacularName":"Mearns' woodpecker","language":"en"},{"vernacularName":"San Pedro woodpecker","language":"en"},{"vernacularName":"acorn-storing","language":"en"},{"vernacularName":"ant-eating woodpecker","language":"en"},{"vernacularName":"narrow-fronted woodpecker","language":"en"},{"vernacularName":"Melanerpes formicivorus","language":"es","eol_preferred":true},{"vernacularName":"Carpintero Arlequin","language":"es"},{"vernacularName":"Carpintero Arlequ\u00edn","language":"es"},{"vernacularName":"Carpintero bellotero","language":"es"},{"vernacularName":"Carpintero careto","language":"es"},{"vernacularName":"Carpintero de Robledales","language":"es"},{"vernacularName":"Cheje bellotero","language":"es"},{"vernacularName":"Garacaca","language":"es"},{"vernacularName":"guaracaca","language":"es"},{"vernacularName":"t\u00f5rur\u00e4hn","language":"et","eol_preferred":true},{"vernacularName":"Terhotikka","language":"fi","eol_preferred":true},{"vernacularName":"Pic glandivore","language":"fr","eol_preferred":true},{"vernacularName":"Pic des ch\u00eanes","language":"fr"},{"vernacularName":"Picchio delle ghiande","language":"it","eol_preferred":true},{"vernacularName":"\u30c9\u30f3\u30b0\u30ea\u30ad\u30c4\u30c4\u30ad","language":"ja","eol_preferred":true},{"vernacularName":"dongurikitsutsuki","language":"ja"},{"vernacularName":"Eikelspecht","language":"nl","eol_preferred":true},{"vernacularName":"Eikespett","language":"no","eol_preferred":true},{"vernacularName":"dzi\u0119ciur \u017co\u0142\u0119dziowy","language":"pl","eol_preferred":true},{"vernacularName":"dzieciur zoledziowy","language":"pl"},{"vernacularName":"\u041c\u0443\u0440\u0430\u0432\u044c\u0438\u043d\u044b\u0439 \u043c\u0435\u043b\u0430\u043d\u0435\u0440\u043f\u0435\u0441","language":"ru","eol_preferred":true},{"vernacularName":"\u0416\u0435\u043b\u0443\u0434\u0451\u0432\u044b\u0439 \u0434\u044f\u0442\u0435\u043b","language":"ru"},{"vernacularName":"tes\u00e1rik dubov\u00fd","language":"sk","eol_preferred":true},{"vernacularName":"Samlarspett","language":"sv","eol_preferred":true}],"image":{"objectId":"01ef309c0e70dbe66ec37416103729a7","identifier":"01ef309c0e70dbe66ec37416103729a7","title":"Acorn Woodpecker Melanerpes formicivorus","licence":"http:\/\/creativecommons.org\/licenses\/by-nc-sa\/2.0\/","rights":null,"credits":"<a href='http:\/\/www.flickr.com\/photos\/12978307@N00'>Dmitry Mozzherin<\/a>&copy; ","description":null,"mimeType":"jpg","fileName":"01ef309c0e70dbe66ec37416103729a7.jpg","URL":"http:\/\/media.eol.org\/content\/2011\/11\/02\/10\/14240_orig.jpg"}},"48166873":{"collectionid":10770,"pageid":1178369,"taxonConceptId":48166873,"taxonName":"Dromaius novaehollandiae","textDesc":{"objectId":"6af8d33c6b939f8327c71d434fc6b659","identifier":"6af8d33c6b939f8327c71d434fc6b659","title":"Geographic Range","licence":"http:\/\/creativecommons.org\/licenses\/by-nc-sa\/3.0\/","rights":"\u00a91995-2012, The Regents of the University of Michigan and its licensors","credits":"&copy; The Regents of the University of Michigan and its licensors","description":"<p>Occurs in Australia in all areas except rainforest and cleared land;  rare in deserts and extreme north.<\/p><p><strong>Biogeographic <br\/>Regions: <\/strong> australian  (Native )<\/p> "},"flathierarchy":[{"sourceIdentifier":"6847559","taxonID":48166873,"parentNameUsageID":48166872,"taxonConceptID":1178369,"scientificName":"Dromaius novaehollandiae (Latham, 1790)","taxonRank":"Species","type":"leaf"}],"preferredCommonNames":{"vernacularName":"Emu","language":"en","eol_preferred":true},"commonNames":[{"vernacularName":"\u0415\u043c\u0443","language":"bg","eol_preferred":true},{"vernacularName":"emu ostrovn\u00ed","language":"cs","eol_preferred":true},{"vernacularName":"Emu hned\u00fd","language":"cs"},{"vernacularName":"Emu","language":"da","eol_preferred":true},{"vernacularName":"Tasmanisches Emu","language":"de","eol_preferred":true},{"vernacularName":"Emu","language":"de"},{"vernacularName":"Tasmanienemu","language":"de"},{"vernacularName":"Emu","language":"en","eol_preferred":true},{"vernacularName":"Australian Emu","language":"en"},{"vernacularName":"Common Emu","language":"en"},{"vernacularName":"Emu [incl. King Island Emu]","language":"en"},{"vernacularName":"Larger Emu","language":"en"},{"vernacularName":"Spotted Emu","language":"en"},{"vernacularName":"Em\u00fa","language":"es","eol_preferred":true},{"vernacularName":"Emu","language":"et","eol_preferred":true},{"vernacularName":"Emu","language":"fi","eol_preferred":true},{"vernacularName":"\u00c9meu d'Australie","language":"fr","eol_preferred":true},{"vernacularName":"Emeu","language":"fr"},{"vernacularName":"Emeu d'Australie","language":"fr"},{"vernacularName":"\u00c9am\u00fa","language":"ga","eol_preferred":true},{"vernacularName":"Em\u00f9","language":"it","eol_preferred":true},{"vernacularName":"Emu","language":"it"},{"vernacularName":"\u30a8\u30df\u30e5\u30a2","language":"ja","eol_preferred":true},{"vernacularName":"emyu-","language":"ja"},{"vernacularName":"\u30a8\u30df\u30e5\u2212","language":"ja"},{"vernacularName":"Emu","language":"lt","eol_preferred":true},{"vernacularName":"Emoe","language":"nl","eol_preferred":true},{"vernacularName":"Tasmaanse emoe","language":"nl"},{"vernacularName":"Emu","language":"no","eol_preferred":true},{"vernacularName":"Emu","language":"pl","eol_preferred":true},{"vernacularName":"\u042d\u043c\u0443","language":"ru","eol_preferred":true},{"vernacularName":"\u041e\u0431\u044b\u043a\u043d\u043e\u0432\u0435\u043d\u043d\u044b\u0439 \u044d\u043c\u0443","language":"ru"},{"vernacularName":"\u0421\u0442\u0440\u0430\u0443\u0441 \u044d\u043c\u0443","language":"ru"},{"vernacularName":"Emu hned\u00fd","language":"sk","eol_preferred":true},{"vernacularName":"Emu","language":"sv","eol_preferred":true},{"vernacularName":"Emu","language":"tr","eol_preferred":true}],"image":{"objectId":"377dcb5eb7c72542c91ca7058b80b71a","identifier":"377dcb5eb7c72542c91ca7058b80b71a","title":"Emu","licence":"http:\/\/creativecommons.org\/licenses\/by-nc-sa\/2.0\/","rights":null,"credits":"<a href='http:\/\/www.flickr.com\/photos\/49828152@N00'>Leo<\/a>&copy; ","description":null,"mimeType":"jpg","fileName":"377dcb5eb7c72542c91ca7058b80b71a.jpg","URL":"http:\/\/media.eol.org\/content\/2012\/01\/14\/01\/98091_orig.jpg"}},"48196550":{"collectionid":10770,"pageid":221811,"taxonConceptId":48196550,"taxonName":"Apogon margaritophorus Bleeker, 1854","textDesc":{"objectId":"8ca135d765ce7bb67498047406a7393f","identifier":"8ca135d765ce7bb67498047406a7393f","title":"Biology","licence":"http:\/\/creativecommons.org\/licenses\/by-nc\/3.0\/","rights":null,"credits":"&copy; FishBase","description":"Found in shallow coral reefs around lagoons and sheltered bays (Ref. 36661).  In small groups, usually sheltering <br\/>near long-spined urchins or large anemones in seagrasses (Ref. 48635). "},"flathierarchy":[{"sourceIdentifier":"10069024","taxonID":48196550,"parentNameUsageID":48196458,"taxonConceptID":221811,"scientificName":"Apogon margaritophorus Bleeker, 1855","taxonRank":"Species","type":"leaf"}],"preferredCommonNames":{"vernacularName":"Pearly cardinalfish","language":"en","eol_preferred":true},"commonNames":[{"vernacularName":"Kultit","language":"","eol_preferred":true},{"vernacularName":"Pearly cardinalfish","language":"en","eol_preferred":true},{"vernacularName":"Red-striped cardinalfish","language":"en"}],"image":{"objectId":"d363f03541388937db8559fde4a6f10a","identifier":"d363f03541388937db8559fde4a6f10a","title":"d363f03541388937db8559fde4a6f10a","licence":"http:\/\/creativecommons.org\/licenses\/by-nc\/3.0\/","rights":"This work is licensed under a Creative Commons Attribution-Noncommercial 3.0 Unported License. Image can be freely copied and altered but may be used only for non-commercial purposes. Original author and source must be properly acknowledged","credits":"<a href='http:\/\/www.fishbase.us\/collaborators\/CollaboratorSummary.php?id=50'>John E. Randall<\/a>&copy; Randall, J.E.","description":null,"mimeType":"jpg","fileName":"d363f03541388937db8559fde4a6f10a.jpg","URL":"http:\/\/media.eol.org\/content\/2009\/05\/19\/11\/57772_orig.jpg"}},"48166264":{"collectionid":10770,"pageid":1049562,"taxonConceptId":48166264,"taxonName":"Himantopus himantopus","textDesc":{"objectId":"4567892e5ee052a9fa91457d713f20cf","identifier":"4567892e5ee052a9fa91457d713f20cf","title":"Distribution","licence":"http:\/\/creativecommons.org\/licenses\/by\/3.0\/","rights":null,"credits":"&copy; WoRMS for SMEBD","description":"Belgian Exclusive Economic Zone, Belgium, Djibouti, Eritrea, Irish Exclusive economic Zone, Kenya, Madagascar, <br\/>Mozambique, New Zealand Exclusive Economic Zone, Portugese Exclusive Economic Zone, Red Sea, Somalia, South <br\/>Africa (country), Spanish Exclusive Economic Zone, Tanzania, United Kingdom Exclusive Economic Zone, Wimereux <br\/>"},"flathierarchy":[{"sourceIdentifier":"6848799","taxonID":48166264,"parentNameUsageID":48166262,"taxonConceptID":1049562,"scientificName":"Himantopus himantopus (Linnaeus, 1758)","taxonRank":"Species","type":"leaf"}],"preferredCommonNames":{"vernacularName":"Black-winged Stilt","language":"en","eol_preferred":true},"commonNames":[{"vernacularName":"Candelero americano","language":"","eol_preferred":true},{"vernacularName":"Tero Real","language":"","eol_preferred":true},{"vernacularName":"Vira-pedras","language":"","eol_preferred":true},{"vernacularName":"Macarico pernilongo","language":""},{"vernacularName":"Macarico-pernilongo","language":""},{"vernacularName":"Perna-longa","language":""},{"vernacularName":"[gao-qiao-heng]","language":""},{"vernacularName":"[hei-chi chang-jiao yu]","language":""},{"vernacularName":"ma\u00e7aric\u00e3o","language":""},{"vernacularName":"ma\u00e7aric\u00e3o-de-pernas-longas","language":""},{"vernacularName":"perna longa","language":""},{"vernacularName":"pernalonga-comum","language":""},{"vernacularName":"pernilonga","language":""},{"vernacularName":"pernilongo-de-costas-negras","language":""},{"vernacularName":"\u9ad8\u8e7a\u9d34","language":""},{"vernacularName":"\u9ed1\u7fc5\u9577\u8173\u9df8","language":""},{"vernacularName":"Rooipootelsie","language":"af","eol_preferred":true},{"vernacularName":"\u0623\u0628\u0648 \u0645\u063a\u0627\u0632\u0644","language":"ar","eol_preferred":true},{"vernacularName":"\u0627\u0644\u0643\u0631\u0633\u0648\u0639","language":"ar"},{"vernacularName":"\u0627\u0644\u0643\u0631\u0633\u0648\u0639 \u0623\u0628\u0648\u0645\u063a\u0627\u0632\u0644","language":"ar"},{"vernacularName":"\u0627\u0644\u0643\u0631\u0633\u0648\u0639 \u0623\u0628\u0648\u0645\u063a\u0627\u0632\u0644 \u062c\u0648\u064a\u0631\u064a","language":"ar"},{"vernacularName":"\u0627\u0644\u0643\u0631\u0633\u0648\u0639 \u0627\u0628\u0648 \u0645\u063a\u0627\u0632\u0644","language":"ar"},{"vernacularName":"\u062c\u0648\u064a\u0631\u064a","language":"ar"},{"vernacularName":"\u00c7aydaq c\u00fcll\u00fct\u00fc","language":"az","eol_preferred":true},{"vernacularName":"\u0425\u0430\u0434\u0443\u043b\u0430\u0447\u043d\u0456\u043a","language":"be","eol_preferred":true},{"vernacularName":"\u041a\u043e\u043a\u0438\u043b\u043e\u0431\u0435\u0433\u0430\u0447","language":"bg","eol_preferred":true},{"vernacularName":"Ar skaseg kof gwenn","language":"br","eol_preferred":true},{"vernacularName":"Remena-rocs","language":"ca","eol_preferred":true},{"vernacularName":"Avisador","language":"ca"},{"vernacularName":"Cames llargues","language":"ca"},{"vernacularName":"pisila \u00e8\u00e1ponoh\u00e1","language":"cs","eol_preferred":true},{"vernacularName":"Pisila c\u00e1ponoh\u00e1","language":"cs"},{"vernacularName":"Pisila \u010d\u00e1ponoh\u00e1","language":"cs"},{"vernacularName":"hirgoes","language":"cy","eol_preferred":true},{"vernacularName":"Styltel\u00f8ber","language":"da","eol_preferred":true},{"vernacularName":"Stelzenl\u00e4ufer","language":"de","eol_preferred":true},{"vernacularName":"Bindenstrandl\u00e4ufer","language":"de"},{"vernacularName":"Stelzenlaeufer","language":"de"},{"vernacularName":"\u039a\u03b1\u03bb\u03b1\u03bc\u03bf\u03ba\u03b1\u03bd\u03ac\u03c2","language":"el","eol_preferred":true},{"vernacularName":"Black-winged Stilt","language":"en","eol_preferred":true},{"vernacularName":"Black-necked Stilt","language":"en"},{"vernacularName":"Blackwinged Stilt","language":"en"},{"vernacularName":"Pied Stilt","language":"en"},{"vernacularName":"Poaka","language":"en"},{"vernacularName":"White-headed Stilt","language":"en"},{"vernacularName":"common stilt","language":"en"},{"vernacularName":"Himantopo","language":"eo","eol_preferred":true},{"vernacularName":"Cig\u00fce\u00f1uela Com\u00fan","language":"es","eol_preferred":true},{"vernacularName":"Cigu\u00eb\u00f1uela","language":"es"},{"vernacularName":"Cig\u00fce\u00f1uela","language":"es"},{"vernacularName":"Cig\u00fce\u00f1uela de Alas Negras","language":"es"},{"vernacularName":"Correlimos Zancol\u00edn","language":"es"},{"vernacularName":"Gigu\u00eb\u00f1uela","language":"es"},{"vernacularName":"Playerito zancudo","language":"es"},{"vernacularName":"karkjalg","language":"et","eol_preferred":true},{"vernacularName":"Zankaluzea","language":"eu","eol_preferred":true},{"vernacularName":"Cames llargues","language":"eu"},{"vernacularName":"Zankaluze","language":"eu"},{"vernacularName":"pitk\u00e4jalka","language":"fi","eol_preferred":true},{"vernacularName":"echasse blanche","language":"fr","eol_preferred":true},{"vernacularName":"\u00c9chasse blanche","language":"fr"},{"vernacularName":"\u00c9chasse \u00e0 manteau noir","language":"fr"},{"vernacularName":"Steltkl\u00fat","language":"fy","eol_preferred":true},{"vernacularName":"Scodalach dubheiteach","language":"ga","eol_preferred":true},{"vernacularName":"Scadalach Dhubheiteach","language":"ga"},{"vernacularName":"Luigneach","language":"gd","eol_preferred":true},{"vernacularName":"Pernalonga","language":"gl","eol_preferred":true},{"vernacularName":"Cames llargues","language":"gl"},{"vernacularName":"Lurgagh","language":"gv","eol_preferred":true},{"vernacularName":"\u05ea\u05de\u05d9\u05e8\u05d5\u05df","language":"he","eol_preferred":true},{"vernacularName":"Pavazha kaal ullan","language":"hi","eol_preferred":true},{"vernacularName":"Vlastelica","language":"hr","eol_preferred":true},{"vernacularName":"Crvenonoga vlastelica","language":"hr"},{"vernacularName":"G\u00f3lyat\u00f6cs","language":"hu","eol_preferred":true},{"vernacularName":"\u0548\u057f\u0576\u0561\u0581\u0578\u0582\u057a\u056b\u056f","language":"hy","eol_preferred":true},{"vernacularName":"[Votnatsupik ]","language":"hy"},{"vernacularName":"\u0548\u057f\u0576\u0561\u0581\u0578\u0582\u057a\u0561\u056f","language":"hy"},{"vernacularName":"H\u00e1leggur","language":"is","eol_preferred":true},{"vernacularName":"Cavaliere d'Italia","language":"it","eol_preferred":true},{"vernacularName":"\u30bb\u30a4\u30bf\u30ab\u30b7\u30ae","language":"ja","eol_preferred":true},{"vernacularName":"Ashinaga-shigi","language":"ja"},{"vernacularName":"Seitaka-shigi","language":"ja"},{"vernacularName":"seitakashigi","language":"ja"},{"vernacularName":"\u10dd\u10e9\u10dd\u10e4\u10d4\u10ee\u10d0","language":"ka","eol_preferred":true},{"vernacularName":"\u04b0\u0437\u044b\u043d\u0441\u0438\u0440\u0430\u049b \u0431\u0430\u043b\u0448\u044b\u049b\u0448\u044b","language":"kk","eol_preferred":true},{"vernacularName":"\uc7a5\ub2e4\ub9ac\ubb3c\ub5bc\uc0c8","language":"ko","eol_preferred":true},{"vernacularName":"Cornwhylen carrek","language":"kw","eol_preferred":true},{"vernacularName":"koj\u016bkas","language":"lt","eol_preferred":true},{"vernacularName":"Kojukas","language":"lt"},{"vernacularName":"K\u016bjokas","language":"lt"},{"vernacularName":"Tsakaranta","language":"mg","eol_preferred":true},{"vernacularName":"Tafaly","language":"mg"},{"vernacularName":"Takapaly","language":"mg"},{"vernacularName":"kaki","language":"mi","eol_preferred":true},{"vernacularName":"\u0426\u0440\u0432\u0435\u043d\u043e\u043d\u043e\u0433\u0430 \u0441\u0430\u0431\u0458\u0430\u0440\u043a\u0430","language":"mk","eol_preferred":true},{"vernacularName":"\u0414\u043e\u043b\u0433\u043e\u043d\u043e\u0433\u0430 \u0448\u0459\u0443\u043a\u0430","language":"mk"},{"vernacularName":"\u0425\u0438\u043b\u044d\u043d \u0436\u0438\u0433\u04af\u04af\u0440\u0442","language":"mn","eol_preferred":true},{"vernacularName":"Kedidi Kaki Panjang","language":"ms","eol_preferred":true},{"vernacularName":"Fras-servjent","language":"mt","eol_preferred":true},{"vernacularName":"styltel\u00f8per","language":"nb","eol_preferred":true},{"vernacularName":"Steltkluut","language":"nl","eol_preferred":true},{"vernacularName":"Stelkluut","language":"nl"},{"vernacularName":"styltel\u00f8par","language":"nn","eol_preferred":true},{"vernacularName":"styltel\u00f8per","language":"no","eol_preferred":true},{"vernacularName":"Stylel\u00f8per","language":"no"},{"vernacularName":"szczud\u0142ak zwyczajny","language":"pl","eol_preferred":true},{"vernacularName":"Szczud\u0142ak","language":"pl"},{"vernacularName":"szczudlak","language":"pl"},{"vernacularName":"Pernilongo","language":"pt","eol_preferred":true},{"vernacularName":"Gambun pitschen","language":"rm","eol_preferred":true},{"vernacularName":"Piciorong","language":"ro","eol_preferred":true},{"vernacularName":"\u0445\u043e\u0434\u0443\u043b\u043e\u0447\u043d\u0438\u043a","language":"ru","eol_preferred":true},{"vernacularName":"Khodulochnik","language":"ru"},{"vernacularName":"\u0425\u043e\u0434\u0443\u043b\u043e\u0447\u043d\u0438\u043a","language":"ru"},{"vernacularName":"Zurruvigu","language":"sc","eol_preferred":true},{"vernacularName":"Zurruleu","language":"sc"},{"vernacularName":"\u0160i\u0161ila bocianov\u00edt\u00e1","language":"sk","eol_preferred":true},{"vernacularName":"\u00c9i\u0161ila bocianovit\u00e1","language":"sk"},{"vernacularName":"\u0161i\u0161ila bocianovit\u00e1","language":"sk"},{"vernacularName":"polojnik","language":"sl","eol_preferred":true},{"vernacularName":"kalor\u00ebsi","language":"sq","eol_preferred":true},{"vernacularName":"fisnikorja k\u00ebmb\u00ebkuqe","language":"sq"},{"vernacularName":"\u0412\u043b\u0430\u0441\u0442\u0435\u043b\u0438\u0446\u0430","language":"sr","eol_preferred":true},{"vernacularName":"Vlastelica","language":"sr"},{"vernacularName":"dugonogi prudnik","language":"sr"},{"vernacularName":"Styltl\u00f6pare","language":"sv","eol_preferred":true},{"vernacularName":"Msese Milonjo","language":"sw","eol_preferred":true},{"vernacularName":"\u0e19\u0e01\u0e15\u0e35\u0e19\u0e40\u0e17\u0e35\u0e22\u0e19","language":"th","eol_preferred":true},{"vernacularName":"Uzunbacak","language":"tr","eol_preferred":true},{"vernacularName":"\u0425\u043e\u0434\u0443\u043b\u0438\u0447\u043d\u0438\u043a","language":"uk","eol_preferred":true},{"vernacularName":"\u0414\u043e\u0432\u0433\u043e\u043d\u0456\u0433","language":"uk"},{"vernacularName":"\u041a\u0443\u043b\u0438\u043a-\u0434\u043e\u0432\u0433\u043e\u043d\u0456\u0433","language":"uk"},{"vernacularName":"\u0425\u043e\u0434\u0443\u043bo\u0447\u043d\u0438\u043a","language":"uk"},{"vernacularName":"C\u00e0 kheo","language":"vi","eol_preferred":true},{"vernacularName":"\u9ed1\u7fc5\u957f\u811a\u9e6c","language":"zh-Hans","eol_preferred":true},{"vernacularName":"\u957f\u817f\u5a18\u5b50","language":"zh-Hans"},{"vernacularName":"\u9ad8\u8df7\u9e3b","language":"zh-Hans"},{"vernacularName":"\u9ed1\u7fc5\u9ad8\u8df7","language":"zh-Hans"}],"image":{"objectId":"6b3fea90dcc309fa1be81083b910c937","identifier":"6b3fea90dcc309fa1be81083b910c937","title":"Black-winged Stilt Himantopus himantopus","licence":"http:\/\/creativecommons.org\/licenses\/by-nc-sa\/2.0\/","rights":null,"credits":"<a href='http:\/\/www.flickr.com\/photos\/65695019@N07'>BERNARD<\/a>&copy; ","description":null,"mimeType":"jpg","fileName":"6b3fea90dcc309fa1be81083b910c937.jpg","URL":"http:\/\/media.eol.org\/content\/2012\/04\/11\/00\/62035_orig.jpg"}},"48217368":{"collectionid":10770,"pageid":313596,"taxonConceptId":48217368,"taxonName":"Epipedobates boulengeri","textDesc":{"objectId":"a9443753e3a7f29f632d3e428879ba59","identifier":"a9443753e3a7f29f632d3e428879ba59","title":"a9443753e3a7f29f632d3e428879ba59","licence":"http:\/\/creativecommons.org\/licenses\/by-nc-sa\/3.0\/","rights":null,"credits":"&copy; Laura Pe\u00f1a and Lee Dietterich","description":"<p><i>Epipedobates boulengeri<\/i> is a small dendrobatid frog found in lowland rainforests in northwestern <br\/>Ecuador and southwestern Colombia, and on Gorgona Island 30 km off of Colombia\u2019s Pacific coast. Unlike many <br\/>other dendrobatids (the group that includes the colorful neotropical poison dart frogs), <i>E. boulengeri<\/i> <br\/>is cryptically colored and apparently nontoxic. Its back is a dark reddish brown color with black spots or mottling, <br\/>and it has characteristic whitish or yellowish stripes on its flanks and face. This species lives primarily on <br\/>the ground in moist rainforest habitats, although it has also been found in disturbed habitats such as gardens <br\/>and railroad tunnels. Unlike many of its close relatives which are specialized to prey primarily on ants, <i>E. <br\/>boulengeri<\/i> eats a much wider variety of insects and other small arthropods. <\/p> "},"flathierarchy":[{"sourceIdentifier":"7155764","taxonID":48217368,"parentNameUsageID":48217366,"taxonConceptID":313596,"scientificName":"Epipedobates boulengeri (Barbour, 1909)","taxonRank":"Species","type":"leaf"}],"preferredCommonNames":{"vernacularName":"Marbled poison frog","language":"en","eol_preferred":true},"commonNames":[{"vernacularName":"Marbled poison frog","language":"en","eol_preferred":true}],"image":{"objectId":"2ef202dbfa59afea4cca5d9779f34d6e","identifier":"2ef202dbfa59afea4cca5d9779f34d6e","title":"2ef202dbfa59afea4cca5d9779f34d6e","licence":"http:\/\/creativecommons.org\/licenses\/by-nc-sa\/3.0\/","rights":"<p>This image may be used for non-commercial purposes, but credit must be properly attributed to the photographer and rights holder, Luke Mahler. <br \/>The photographer retains the right to revoke permissions should use be deemed inappropriate.  All inquiries about use (including for commercial purp","credits":"Luke Mahler&copy; ","description":null,"mimeType":"jpg","fileName":"2ef202dbfa59afea4cca5d9779f34d6e.jpg","URL":"http:\/\/media.eol.org\/content\/2011\/02\/19\/07\/17036_orig.jpg"}},"48182802":{"collectionid":10770,"pageid":212214,"taxonConceptId":48182802,"taxonName":"Scorpaenichthys marmoratus","textDesc":{"objectId":"708a1aa8a1a0743bae506e0ce6cbe40f","identifier":"708a1aa8a1a0743bae506e0ce6cbe40f","title":"Biology","licence":"http:\/\/creativecommons.org\/licenses\/by-nc\/3.0\/","rights":null,"credits":"&copy; FishBase","description":"Inhabits rocky, sandy and muddy bottoms as well as kelp beds (Ref. 4925).  Adults and juveniles feed on crustaceans, <br\/>fishes and mollusks (Ref. 6885).  Commonly captured by sport fishers (from shore, boats or piers) and by scuba <br\/>divers (Ref. 2850).  Flesh is good eating but eggs are poisonous and will make humans violently ill (Ref. 13513). <br\/>"},"flathierarchy":[{"sourceIdentifier":"10080273","taxonID":48182802,"parentNameUsageID":48182801,"taxonConceptID":212214,"scientificName":"Scorpaenichthys marmoratus (Ayres, 1854)","taxonRank":"Species","type":"leaf"}],"preferredCommonNames":{"vernacularName":"Cabezon","language":"en","eol_preferred":true},"commonNames":[{"vernacularName":"K'ayeet","language":"","eol_preferred":true},{"vernacularName":"\u4e91\u6591\u9c89\u675c\u7236\u9c7c","language":"cnm","eol_preferred":true},{"vernacularName":"\u96f2\u6591\u9b8b\u675c\u7236\u9b5a","language":"cnm"},{"vernacularName":"Ulke","language":"da","eol_preferred":true},{"vernacularName":"Krabbe\u00e6dende ulk","language":"da"},{"vernacularName":"Seeskorpion","language":"de","eol_preferred":true},{"vernacularName":"Groppe","language":"de"},{"vernacularName":"Cabezon","language":"en","eol_preferred":true},{"vernacularName":"Cabezone","language":"en"},{"vernacularName":"Marbled sculpin","language":"en"},{"vernacularName":"Muddler","language":"en"},{"vernacularName":"Sculpin","language":"en"},{"vernacularName":"bullhead","language":"en"},{"vernacularName":"giant marbled sculpin","language":"en"},{"vernacularName":"sea raven","language":"en"},{"vernacularName":"Cabez\u00f3n","language":"es","eol_preferred":true},{"vernacularName":"Simppu","language":"fi","eol_preferred":true},{"vernacularName":"chabot marbr\u00e9","language":"fr","eol_preferred":true},{"vernacularName":"Marhn\u00fatur","language":"is","eol_preferred":true},{"vernacularName":"Scazzone","language":"it","eol_preferred":true},{"vernacularName":"Kajika rui","language":"ja","eol_preferred":true},{"vernacularName":"Ulke","language":"no","eol_preferred":true},{"vernacularName":"Kabezon","language":"pl","eol_preferred":true},{"vernacularName":"Escorpiao","language":"pt","eol_preferred":true},{"vernacularName":"\u0431\u044b\u0447\u043e\u043a-\u043a\u0430\u0431\u0435\u0437\u043e\u043d","language":"ru","eol_preferred":true},{"vernacularName":"Simpa","language":"sv","eol_preferred":true}],"image":{"objectId":"f075e462ba7581646be7140732fce147","identifier":"f075e462ba7581646be7140732fce147","title":"Aquarium of the Pacific, August 2010","licence":"http:\/\/creativecommons.org\/licenses\/by-nc\/3.0\/","rights":null,"credits":"Robertson, D Ross&copy; ","description":null,"mimeType":"jpg","fileName":"f075e462ba7581646be7140732fce147.jpg","URL":"http:\/\/media.eol.org\/content\/2011\/10\/14\/18\/54886_orig.jpg"}},"48155705":{"collectionid":10770,"pageid":1051274,"taxonConceptId":48155705,"taxonName":"Grallina cyanoleuca","textDesc":{"objectId":"a888826539a8f46cb745e8ab1ceabc2b","identifier":"a888826539a8f46cb745e8ab1ceabc2b","title":"IUCN Red List Assessment","licence":"http:\/\/creativecommons.org\/licenses\/by-nc-sa\/3.0\/","rights":"\u00a9 International Union for Conservation of Nature and Natural Resources","credits":"&copy; International Union for Conservation of Nature and Natural Resources","description":"<div id=\u0022x_category_and_criteria\u0022> <br\/><b>Red List Category<\/b><br\/> <div id=\u0022red_list_category_code\u0022>LC<\/div> <br\/><div id=\u0022red_list_category_title\u0022>Least Concern<\/div> <br\/><b>Red List Criteria<\/b><br\/> <div id=\u0022red_list_criteria\u0022\/> <br\/><br\/><b>Version<\/b><br\/> <div id=\u0022category_version\u0022>3.1<\/div> <\/div> <br\/><b>Year Assessed<\/b><br\/> <br\/><div id=\u0022modified_year\u0022>2009<\/div> <br\/><b>Assessor\/s<\/b><br\/> <div id=\u0022assessors\u0022>BirdLife International<\/div> <br\/><br\/><b>Reviewer\/s<\/b><br\/> <div id=\u0022reviewers\u0022>Bird, J., Butchart, S.<\/div> <br\/><b>Contributor\/s<\/b><br\/> <br\/><div id=\u0022contributors\u0022\/> <br\/><b>Justification<\/b><br\/> <div id=\u0022justification\u0022>This species has an <br\/>extremely large range, and hence does not approach the thresholds for Vulnerable under the range size criterion <br\/>(Extent of Occurrence <20,000 km2 combined with a declining or fluctuating range size, habitat extent\/quality, <br\/>or population size and a small number of locations or severe fragmentation). The population trend appears to <br\/>be increasing, and hence the species does not approach the thresholds for Vulnerable under the population trend <br\/>criterion (>30% decline over ten years or three generations). The population size has not been quantified, but <br\/>it is not believed to approach the thresholds for Vulnerable under the population size criterion (<10,000 mature <br\/>individuals with a continuing decline estimated to be >10% in ten years or three generations, or with a specified <br\/>population structure). For these reasons the species is evaluated as Least Concern.<\/div> <br\/><b>History<\/b><br\/> <br\/><ul id=\u0022assessment_years\u0022><li class=\u0022assessment_year\u0022> <div class=\u0022year\u0022>2008<\/div> <div class=\u0022category\u0022>Least <br\/>Concern<\/div> <\/li> <li class=\u0022assessment_year\u0022> <div class=\u0022year\u0022>2004<\/div> <div class=\u0022category\u0022>Least <br\/>Concern<\/div> <\/li> <\/ul> "},"flathierarchy":[{"sourceIdentifier":"6867782","taxonID":48155705,"parentNameUsageID":48155703,"taxonConceptID":1051274,"scientificName":"Grallina cyanoleuca (Latham, 1802)","taxonRank":"Species","type":"leaf"}],"preferredCommonNames":{"vernacularName":"Magpie-lark","language":"en","eol_preferred":true},"commonNames":[{"vernacularName":"Popel\u00e1cek drozd\u00ed","language":"cs","eol_preferred":true},{"vernacularName":"popel\u00e1\u010dek \u010dernob\u00edl\u00fd","language":"cs"},{"vernacularName":"Stor Skadel\u00e6rke","language":"da","eol_preferred":true},{"vernacularName":"Drossel-Stelze","language":"de","eol_preferred":true},{"vernacularName":"Drosselstelze","language":"de"},{"vernacularName":"Magpie-lark","language":"en","eol_preferred":true},{"vernacularName":"Australian Magpielark","language":"en"},{"vernacularName":"Magpie Lark","language":"en"},{"vernacularName":"Magpielark","language":"en"},{"vernacularName":"Mud-Lark","language":"en"},{"vernacularName":"Peewee","language":"en"},{"vernacularName":"mudlark","language":"en"},{"vernacularName":"Grallina Australiana","language":"es","eol_preferred":true},{"vernacularName":"Alondra Urraca","language":"es"},{"vernacularName":"Mutaharakka","language":"fi","eol_preferred":true},{"vernacularName":"Gralline pie","language":"fr","eol_preferred":true},{"vernacularName":"Gralline d'Australie","language":"fr"},{"vernacularName":"Branjanganlumpur Australia","language":"id","eol_preferred":true},{"vernacularName":"Grallina gazza","language":"it","eol_preferred":true},{"vernacularName":"Allodola-gazza australiana","language":"it"},{"vernacularName":"\u30c4\u30c1\u30b9\u30c9\u30ea","language":"ja","eol_preferred":true},{"vernacularName":"tsuchisudori","language":"ja"},{"vernacularName":"Australische slijkekster","language":"nl","eol_preferred":true},{"vernacularName":"Parkskj\u00e6relerke","language":"no","eol_preferred":true},{"vernacularName":"gralina srokata","language":"pl","eol_preferred":true},{"vernacularName":"\u0410\u0432\u0441\u0442\u0440\u0430\u043b\u0438\u0439\u0441\u043a\u0438\u0439 \u0441\u043e\u0440\u043e\u0447\u0438\u0439 \u0436\u0430\u0432\u043e\u0440\u043e\u043d\u043e\u043a","language":"ru","eol_preferred":true},{"vernacularName":"Strakavec \u0161kovr\u00e1nkovit\u00fd","language":"sk","eol_preferred":true},{"vernacularName":"strakavec \u0161kovr\u00e1nc\u00ed","language":"sk"},{"vernacularName":"strakavec \u0161kovr\u00e1n\u010d\u00ed","language":"sk"},{"vernacularName":"Skatl\u00e4rka","language":"sv","eol_preferred":true}],"image":{"objectId":"cbd1f785a82262825b3e4c5873db23d1","identifier":"cbd1f785a82262825b3e4c5873db23d1","title":"cbd1f785a82262825b3e4c5873db23d1","licence":"http:\/\/creativecommons.org\/licenses\/by-sa\/3.0\/","rights":null,"credits":"<a href='http:\/\/www.biolib.cz\/en\/person\/id1832\/'>Petr Baum<\/a>&copy; ","description":null,"mimeType":"jpg","fileName":"cbd1f785a82262825b3e4c5873db23d1.jpg","URL":"http:\/\/media.eol.org\/content\/2009\/07\/24\/12\/94876_orig.jpg"}},"47637804":{"collectionid":10770,"pageid":612588,"taxonConceptId":47637804,"taxonName":"Abedus indentatus (Haldeman, 1854)","textDesc":{"objectId":"6f32638210ac1f43b4eea4a214bfcfb4","identifier":"6f32638210ac1f43b4eea4a214bfcfb4","title":"Functional adaptation","licence":"http:\/\/creativecommons.org\/licenses\/by-nc\/3.0\/","rights":"(c) 2008-2009 The Biomimicry Institute","credits":"&copy; The Biomimicry Institute","description":"<strong>Glue sticks underwater: giant water bug<\/strong>  <br>  &nbsp;              <p>Females of giant water bug species <br\/>glue eggs to their mates&#039; backs via bodily secretions that act as a type of waterproof glue.<\/p>&nbsp;              <div><a <br\/>href=\u0022http:\/\/www.asknature.org\/browse\/type\/aof\/selected\/strategy%7C1\u0022>Move or stay put<\/a> &gt; <a <br\/>href=\u0022http:\/\/www.asknature.org\/browse\/type\/aof\/selected\/strategy%7C1%7C31\u0022>Attach<\/a> &gt; <a href=\u0022http:\/\/www.asknature.org\/browse\/type\/aof\/selected\/strategy%7C1%7C31%7C36\u0022>Permanently<\/a>&nbsp;<\/div>&nbsp;<br\/>&nbsp; <br\/>             \u0022Using bodily secretions, the female [giant water bug] glues the eggs to her mate's back.\u0022 (Crump 2005:52)<br\/>&nbsp; <br\/>             <a class=\u0022external_link\u0022 href=\u0022http:\/\/www.asknature.org\/strategy\/459a48874662aa0e3f5f558853925d44\u0022>Learn <br\/>more about this functional adaptation.<\/a> "},"flathierarchy":[{"sourceIdentifier":"6836871","taxonID":47637804,"parentNameUsageID":47637797,"taxonConceptID":612588,"scientificName":"Abedus indentatus (Haldeman, 1854)","taxonRank":"Species","type":"leaf"}],"preferredCommonNames":false,"commonNames":[],"image":{"objectId":"b335e3091baad41e28424c05a6973c2c","identifier":"b335e3091baad41e28424c05a6973c2c","title":"b335e3091baad41e28424c05a6973c2c","licence":"http:\/\/creativecommons.org\/licenses\/by-nc-sa\/3.0\/","rights":"To support the Manzanita Project, please notify Manzanita@calacademy.org of any use of this image under the Creative Common License. High res images are also available upon request.","credits":"<a href='http:\/\/calphotos.berkeley.edu\/cgi\/photographer_query?where-name_full=Gerald+and+Buff+Corsi&one=T'>Gerald and Buff Corsi<\/a>&copy; 1999 California Academy of Sciences","description":null,"mimeType":"jpg","fileName":"b335e3091baad41e28424c05a6973c2c.jpg","URL":"http:\/\/media.eol.org\/content\/2011\/08\/04\/08\/91199_orig.jpg"}},"48199885":{"collectionid":10770,"pageid":223856,"taxonConceptId":48199885,"taxonName":"Gasterosteus aculeatus","textDesc":{"objectId":"f9dd47303a29012f0dbe2ebfef25c69b","identifier":"f9dd47303a29012f0dbe2ebfef25c69b","title":"f9dd47303a29012f0dbe2ebfef25c69b","licence":"http:\/\/creativecommons.org\/licenses\/by-sa\/3.0\/","rights":"Text modified from Wikipedia","credits":"&copy; ","description":"The threespine stickleback (<i>Gasterosteus aculeatus<\/i>) is a species of fish in the family Gasterosteidae, <br\/>which includes five genera and 15 other species.  The threespine stickelback is small, between 4-6 cm, and is found <br\/>in a circumpolar distribution that includes northern Europe, northern Asia and North America.  It has also been <br\/>introduced to central and southern Europe.  Threespine sticklebacks are primarily and historically anadromous <br\/>marine fish that feed on plankton for most of their adult lives in coastal waters and return to freshwater to mate <br\/>and lay eggs.  Threespine sticklebacks do not have scales, but have bony armor plates along their sides.  In addition <br\/>to the marine forms, threespine sticklebacks also exist in freshwater forms found in landlocked lakes.  These <br\/>many freshwater populations are thought to have derived from migratory anadromous <i>G. aculeatus<\/i> in many <br\/>independent events, such as marine individuals permanently moving into a freshwater area or getting caught <br\/>in land-locked lakes after the ice age, and subsequently adapting to an entirely freshwater existence.  Freshwater <br\/>threespine sticklebacks have notably reduced numbers of lateral armor plates as compared to marine populations <br\/>and also show huge morphological diversity among different populations, so much that some populations living <br\/>in the same lake do not interbreed.  <i>Gasterosteus aculeatus<\/i> has contributed much to the study of species <br\/>formation and are a research organism for evolutionary biologists and geneticists studying adaptation to new <br\/>environments.  Currently the IUCN (International Union for Conservation of Nature) recognizes three subspecies <br\/>of threespine stickleback: <i> Gasterosteus aculeatus aculeatus<\/i>; <i>G.a. williomsoni<\/i>, the unarmored <br\/>threespine stickeback; and <i>G. a. santaeannae<\/i>, the Santa Ana stickleback, but some taxonomists would <br\/>classify the sticklebacks inhabiting isolated lakes into many more subspecies.  Although the species itself <br\/>is abundant and in no threat of extinction, various populations that represent specific diversity are in danger <br\/>of local extirpation. <br\/> <br\/>Froese and Pauly 2010; <a href=\u0022http:\/\/www.iucnredlist.org\/apps\/redlist\/details\/8951\/0\u0022>Hammerson <br\/>et al 2012<\/a>; <a href=\u0022http:\/\/www.natureserve.org\/explorer\/servlet\/NatureServe?searchName=Gasterosteus+aculeatus+williamsoni\u0022>Natureserve <br\/>2011<\/a>; <a href=\u0022http:\/\/ecos.fws.gov\/speciesProfile\/profile\/speciesProfile.action?spcode=E00X\u0022>US <br\/>Fish and Wildlife Service 2012<\/a>; <a href=\u0022http:\/\/en.wikipedia.org\/w\/index.php?title=Three-spined_stickleback&amp;oldid=469543917\u0022>Wikipedia <br\/>4 January 2012<\/a>; <a href=\u0022http:\/\/en.wikipedia.org\/w\/index.php?title=Stickleback&amp;oldid=475369426\u0022>Wikipedia <br\/>6 February 2012<\/a>) <br\/> <br\/> "},"flathierarchy":[{"sourceIdentifier":"10064089","taxonID":48199885,"parentNameUsageID":48199884,"taxonConceptID":223856,"scientificName":"Gasterosteus aculeatus Linnaeus, 1758","taxonRank":"Species","type":"leaf"}],"preferredCommonNames":{"vernacularName":"Three-spined stickleback","language":"en","eol_preferred":true},"commonNames":[{"vernacularName":"three spined stickleback","language":"","eol_preferred":true},{"vernacularName":"crothell dri phigyn","language":"cy","eol_preferred":true},{"vernacularName":"Trepigget Hundestejle","language":"da","eol_preferred":true},{"vernacularName":"Dreistachliger Stichling","language":"de","eol_preferred":true},{"vernacularName":"Three-spined stickleback","language":"en","eol_preferred":true},{"vernacularName":"Alaskan stickleback","language":"en"},{"vernacularName":"Santa Ana stickleback","language":"en"},{"vernacularName":"Threespined stickleback","language":"en"},{"vernacularName":"threespine stickleback","language":"en"},{"vernacularName":"threespine stickletback","language":"en"},{"vernacularName":"Doctor","language":"es","eol_preferred":true},{"vernacularName":"espinocho","language":"es"},{"vernacularName":"epinoche \u00e0 trois pointes","language":"fr","eol_preferred":true},{"vernacularName":"Cr\u00e8ve-valet","language":"fr"},{"vernacularName":"\u00c8pinoche \u00e0 trois \u00c8pines","language":"fr"},{"vernacularName":"\u00c9pinoche \u00e0 trois \u00e9pines","language":"fr"},{"vernacularName":"trispygl\u0117 dygl\u0117","language":"lt","eol_preferred":true},{"vernacularName":"Trepigget stingsild","language":"nb","eol_preferred":true},{"vernacularName":"Driedoornige stekelbaars","language":"nl","eol_preferred":true},{"vernacularName":"Trepigga stingsild","language":"nn","eol_preferred":true},{"vernacularName":"Ciernik","language":"pl","eol_preferred":true},{"vernacularName":"\u041a\u043e\u043b\u044e\u0448\u043a\u0430 \u0442\u0440\u0435\u0445\u0438\u0433\u043b\u0430\u044f \u043e\u0431\u044b\u043a\u043d\u043e\u0432\u0435\u043d\u043d\u0430\u044f","language":"ru","eol_preferred":true},{"vernacularName":"\u0442\u0440\u0451\u0445\u0438\u0433\u043b\u0430\u044f \u043a\u043e\u043b\u044e\u0448\u043a\u0430","language":"ru"},{"vernacularName":"Zet","language":"sl","eol_preferred":true},{"vernacularName":"Storspigg","language":"sv","eol_preferred":true},{"vernacularName":"Dikence bal\u0131\u011f\u0131","language":"tr","eol_preferred":true},{"vernacularName":"Dikence baligi","language":"tr"},{"vernacularName":"\u0422\u0440\u0438\u0433\u043e\u043b\u043a\u043e\u0432\u0430 \u043a\u043e\u043b\u044e\u0447\u043a\u0430 \u0437\u0432\u0438\u0447\u0430\u0439\u043d\u0430","language":"uk","eol_preferred":true},{"vernacularName":"\u041a\u043e\u043b\u044e\u0447\u043a\u0430 \u0442\u0440\u0438\u0433\u043e\u043b\u043a\u043e\u0432\u0430 \u0437\u0432\u0438\u0447\u0430\u0439\u043d\u0430","language":"uk"}],"image":{"objectId":"3a6fe7861b15da8b9f37c3c950f276cb","identifier":"3a6fe7861b15da8b9f37c3c950f276cb","title":"Aquarium of the Pacific, August 2010","licence":"http:\/\/creativecommons.org\/licenses\/by-nc\/3.0\/","rights":null,"credits":"Robertson, D Ross&copy; ","description":null,"mimeType":"jpg","fileName":"3a6fe7861b15da8b9f37c3c950f276cb.jpg","URL":"http:\/\/media.eol.org\/content\/2011\/10\/14\/18\/26860_orig.jpg"}},"48217325":{"collectionid":10770,"pageid":330769,"taxonConceptId":48217325,"taxonName":"Dendrobates auratus","textDesc":{"objectId":"7571be1fb5e7da48f7facc4919f89b64","identifier":"7571be1fb5e7da48f7facc4919f89b64","title":"Description","licence":"http:\/\/creativecommons.org\/licenses\/by\/3.0\/","rights":"See http:\/\/www.amphibiaweb.org\/datause.html.","credits":"&copy; AmphibiaWeb \u00a9 2000-2011 The Regents of the University of California","description":"<i>Dendrobates auratus<\/i> can be identified by their calligraphic brillant green markings on a black background <br\/>on their dorsal side  (Caldwell and Summers 2003). Ventrally, they are marbled or spotted with yellow, blue, or <br\/>green on dark background  (Guyer and Donnelly 2005). Among populations there are variation in both hue (ranging <br\/>from white to blue-green) and pattern (from thick stripes to dots) (Caldwell and Summers 2003). <i>Dendrobates <br\/>auratus<\/i> has a smooth upper surface with a head that is relatively long. The snout truncates to slightly rounded <br\/> (Savage 2002). <i>Dendrobates auratus<\/i> is the largest poison-dart frog in Costa Rica, with adult females <br\/>ranging from 27.0-42.0 mm and adult males ranging from 25.0-39.5 mm  (Leenders 2001).<br>&nbsp;<br><p> A Spanish-language <br\/>species account can be found at the website of <a href=\u0022http:\/\/darnis.inbio.ac.cr\/FMPro?-DB=UBIpub.fp3&-lay=WebAll&-Format=\/ubi\/detail.html&-Op=bw&id=4396&-Find\u0022>Instituto <br\/>Nacional de Biodiversidad (INBio)<\/a>. "},"flathierarchy":[{"sourceIdentifier":"7155801","taxonID":48217325,"parentNameUsageID":48217324,"taxonConceptID":330769,"scientificName":"Dendrobates auratus (Girard, 1855)","taxonRank":"Species","type":"leaf"}],"preferredCommonNames":{"vernacularName":"green and black poison dart frog","language":"en","eol_preferred":true},"commonNames":[{"vernacularName":"Gold-Baumsteiger","language":"de","eol_preferred":true},{"vernacularName":"green and black poison dart frog","language":"en","eol_preferred":true},{"vernacularName":"Green and black dart-poison frog","language":"en"},{"vernacularName":"Green and black poison frog","language":"en"},{"vernacularName":"Green poison frog","language":"en"},{"vernacularName":"Green-and-black Poison Dart Frog","language":"en"},{"vernacularName":"dart poison frog","language":"en"},{"vernacularName":"poison dart frog","language":"en"}],"image":{"objectId":"28bf39687cd8af80ac927c7dd8d690a3","identifier":"28bf39687cd8af80ac927c7dd8d690a3","title":"28bf39687cd8af80ac927c7dd8d690a3","licence":"http:\/\/creativecommons.org\/licenses\/by-nc-sa\/3.0\/","rights":null,"credits":"Alvaro Herrera&copy; Instituto Nacional de Biodiversidad - INBio, Costa Rica.","description":null,"mimeType":"jpg","fileName":"28bf39687cd8af80ac927c7dd8d690a3.jpg","URL":"http:\/\/media.eol.org\/content\/2011\/08\/11\/14\/08573_orig.jpg"}},"48103531":{"collectionid":10770,"pageid":511004,"taxonConceptId":48103531,"taxonName":"Tanystylum duospinum Hilton, 1939","textDesc":{"objectId":"49f597c21557514d8f5612da2dc77289","identifier":"49f597c21557514d8f5612da2dc77289","title":"Distribution","licence":"http:\/\/creativecommons.org\/licenses\/by\/3.0\/","rights":null,"credits":"&copy; WoRMS for SMEBD","description":"East Pacific, Gulf of Mexico "},"flathierarchy":[{"sourceIdentifier":"5283211","taxonID":48103531,"parentNameUsageID":48103513,"taxonConceptID":511004,"scientificName":"Tanystylum duospinum Hilton, W.A., 1939","taxonRank":"Species","type":"leaf"}],"preferredCommonNames":false,"commonNames":[],"image":{"objectId":"049dadd2a23fc65c7a5460f6aa4445dc","identifier":"049dadd2a23fc65c7a5460f6aa4445dc","title":"049dadd2a23fc65c7a5460f6aa4445dc","licence":"http:\/\/creativecommons.org\/licenses\/by-nc-sa\/3.0\/","rights":"To support the Manzanita Project, please notify Manzanita@calacademy.org of any use of this image under the Creative Common License. High res images are also available upon request.","credits":"<a href='http:\/\/calphotos.berkeley.edu\/cgi\/photographer_query?where-name_full=Lovell+and+Libby+Langstroth&one=T'>Lovell and Libby Langstroth<\/a>&copy; 2005 California Academy of Sciences","description":null,"mimeType":"jpg","fileName":"049dadd2a23fc65c7a5460f6aa4445dc.jpg","URL":"http:\/\/media.eol.org\/content\/2011\/06\/14\/15\/62400_orig.jpg"}},"48130335":{"collectionid":10770,"pageid":323959,"taxonConceptId":48130335,"taxonName":"Macaca sylvanus","textDesc":{"objectId":"137a51ad96ba99620bcdfaf3e31fd555","identifier":"137a51ad96ba99620bcdfaf3e31fd555","title":"Introduction","licence":"http:\/\/creativecommons.org\/licenses\/by-nc-sa\/3.0\/","rights":null,"credits":"&copy; Natural History Museum, London","description":"Barbary macaques, Macaca sylvanus, are large Old World monkeys found in mountainous regions of Algeria and Morocco <br\/>and on Gibraltar.The population of Barbary macaques is declining and they are becoming a threatened species. <br\/>Numbers are falling because the Barbary macaques are losing their habitat to human activity such as logging and <br\/>overgrazing. "},"flathierarchy":[{"sourceIdentifier":"6873681","taxonID":48130335,"parentNameUsageID":48130321,"taxonConceptID":323959,"scientificName":"Macaca sylvanus (Linnaeus, 1758)","taxonRank":"Species","type":"leaf"}],"preferredCommonNames":{"vernacularName":"barbary macaque","language":"en","eol_preferred":true},"commonNames":[{"vernacularName":"Berberaffe","language":"de","eol_preferred":true},{"vernacularName":"barbary macaque","language":"en","eol_preferred":true},{"vernacularName":"Barbary \u0022Ape\u0022","language":"en"},{"vernacularName":"Barbary ape","language":"en"},{"vernacularName":"Macaca sylvanus","language":"es","eol_preferred":true},{"vernacularName":"Mona de berber\u00eda","language":"es"},{"vernacularName":"Mona de gibraltar","language":"es"},{"vernacularName":"Mono de berberea","language":"es"},{"vernacularName":"Mono de gibraltar","language":"es"},{"vernacularName":"Magot commun","language":"fr","eol_preferred":true},{"vernacularName":"Macaque de gibraltar","language":"fr"},{"vernacularName":"Magot","language":"fr"},{"vernacularName":"Berberaap","language":"nl","eol_preferred":true},{"vernacularName":"Berberaap of magot","language":"nl"},{"vernacularName":"\u041c\u0430\u0433\u043e\u0442","language":"ru","eol_preferred":true},{"vernacularName":"\u041e\u0431\u0435\u0437\u044c\u044f\u043d\u0430 \u0432\u0430\u0440\u0432\u0430\u0440\u0438\u0439\u0441\u043a\u0430\u044f","language":"ru"},{"vernacularName":"\u043c\u0430\u0433\u043e\u0442","language":"ru"}],"image":{"objectId":"30e2b827fedb880c484209f0c9ca2f97","identifier":"30e2b827fedb880c484209f0c9ca2f97","title":"File:Macaca sylvanus on the way to Azrou.jpg","licence":"http:\/\/creativecommons.org\/licenses\/by\/3.0\/","rights":null,"credits":"lin padgham&copy; ","description":null,"mimeType":"jpg","fileName":"30e2b827fedb880c484209f0c9ca2f97.jpg","URL":"http:\/\/media.eol.org\/content\/2012\/06\/13\/02\/03666_orig.jpg"}}}