{"48309269":{"collectionid":12819,"pageid":29916,"taxonConceptId":48309269,"taxonName":"Eucalyptus L'H\u00e9r.","textDesc":"","flathierarchy":[{"sourceIdentifier":"11068534","taxonID":48309269,"parentNameUsageID":48305244,"taxonConceptID":29916,"scientificName":"eucalyptus","taxonRank":"Genus","type":"leaf"},{"sourceIdentifier":"11018802","taxonID":48305244,"parentNameUsageID":48305243,"taxonConceptID":8095,"scientificName":"Myrtaceae","taxonRank":"family","type":"node"},{"sourceIdentifier":"11018801","taxonID":48305243,"parentNameUsageID":48276629,"taxonConceptID":4328,"scientificName":"Myrtales","taxonRank":"order","type":"node"},{"sourceIdentifier":"11017506","taxonID":48276629,"parentNameUsageID":48276628,"taxonConceptID":283,"scientificName":"Magnoliopsida","taxonRank":"class","type":"node"},{"sourceIdentifier":"11017505","taxonID":48276628,"parentNameUsageID":48276627,"taxonConceptID":282,"scientificName":"Magnoliophyta","taxonRank":"phylum","type":"node"},{"sourceIdentifier":"11017504","taxonID":48276627,"parentNameUsageID":0,"taxonConceptID":281,"scientificName":"Plantae","taxonRank":"kingdom","type":"node"}],"preferredCommonNames":{"vernacularName":"Gums","language":"en","eol_preferred":true},"commonNames":[{"vernacularName":"Gums","language":"en","eol_preferred":true},{"vernacularName":"eucalyptus","language":"en"},{"vernacularName":"gum","language":"en"}],"image":{"objectId":"4f69d07e211e0142d5baa37cb7e03020","identifier":"4f69d07e211e0142d5baa37cb7e03020","title":"Blue Gum forest, Grose Valley, Blue Mountains National Park","licence":"http:\/\/creativecommons.org\/licenses\/by\/2.0\/","rights":null,"credits":"<a href='http:\/\/www.flickr.com\/photos\/23660854@N07'>Marshal Hedin<\/a>&copy; ","description":null,"mimeType":"jpg","fileName":"4f69d07e211e0142d5baa37cb7e03020.jpg","URL":"http:\/\/media.eol.org\/content\/2012\/01\/25\/02\/25884_orig.jpg"},"iucnStatus":""},"48442941":{"collectionid":12819,"pageid":1102886,"taxonConceptId":48442941,"taxonName":"Gardenia jasminoides","textDesc":"","flathierarchy":[{"sourceIdentifier":"9814190","taxonID":48442941,"parentNameUsageID":48442869,"taxonConceptID":1102886,"scientificName":"Gardenia jasminoides J. Ellis","taxonRank":"Species","type":"leaf"},{"sourceIdentifier":"11044966","taxonID":48442869,"parentNameUsageID":48438284,"taxonConceptID":29805,"scientificName":"Gardenia","taxonRank":"genus","type":"node"},{"sourceIdentifier":"11026562","taxonID":48438284,"parentNameUsageID":48438283,"taxonConceptID":4202,"scientificName":"Rubiaceae","taxonRank":"family","type":"node"},{"sourceIdentifier":"11026561","taxonID":48438283,"parentNameUsageID":48276629,"taxonConceptID":4201,"scientificName":"Rubiales","taxonRank":"order","type":"node"},{"sourceIdentifier":"11017506","taxonID":48276629,"parentNameUsageID":48276628,"taxonConceptID":283,"scientificName":"Magnoliopsida","taxonRank":"class","type":"node"},{"sourceIdentifier":"11017505","taxonID":48276628,"parentNameUsageID":48276627,"taxonConceptID":282,"scientificName":"Magnoliophyta","taxonRank":"phylum","type":"node"},{"sourceIdentifier":"11017504","taxonID":48276627,"parentNameUsageID":0,"taxonConceptID":281,"scientificName":"Plantae","taxonRank":"kingdom","type":"node"}],"preferredCommonNames":{"vernacularName":"gardenia","language":"en","eol_preferred":true},"commonNames":[{"vernacularName":"Kap-Gardenie","language":"de","eol_preferred":true},{"vernacularName":"Duft-Gardenie","language":"de"},{"vernacularName":"gardenia","language":"en","eol_preferred":true},{"vernacularName":"cape jasmine","language":"en"}],"image":{"objectId":"3745cb8038306d3644c81ce7897c1d07","identifier":"3745cb8038306d3644c81ce7897c1d07","title":"3745cb8038306d3644c81ce7897c1d07","licence":"http:\/\/creativecommons.org\/licenses\/by\/3.0\/","rights":null,"credits":"<a href='http:\/\/www.biolib.cz\/en\/person\/id2684\/'>Forest & Kim Starr<\/a>&copy; ","description":null,"mimeType":"jpg","fileName":"3745cb8038306d3644c81ce7897c1d07.jpg","URL":"http:\/\/media.eol.org\/content\/2009\/07\/24\/02\/21377_orig.jpg"},"iucnStatus":""},"48496263":{"collectionid":12819,"pageid":1081522,"taxonConceptId":48496263,"taxonName":"Polianthes tuberosa","textDesc":"","flathierarchy":[{"sourceIdentifier":"9760501","taxonID":48496263,"parentNameUsageID":48496247,"taxonConceptID":1081522,"scientificName":"Polianthes tuberosa L.","taxonRank":"Species","type":"leaf"},{"sourceIdentifier":"11069000","taxonID":48496247,"parentNameUsageID":48494657,"taxonConceptID":80113,"scientificName":"Polianthes","taxonRank":"genus","type":"node"},{"sourceIdentifier":"11022532","taxonID":48494657,"parentNameUsageID":48492088,"taxonConceptID":8194,"scientificName":"Asparagaceae","taxonRank":"family","type":"node"},{"sourceIdentifier":"11022530","taxonID":48492088,"parentNameUsageID":48454180,"taxonConceptID":4175,"scientificName":"Asparagales","taxonRank":"order","type":"node"},{"sourceIdentifier":"11019426","taxonID":48454180,"parentNameUsageID":48276628,"taxonConceptID":8772139,"scientificName":"Liliopsida","taxonRank":"class","type":"node"},{"sourceIdentifier":"11017505","taxonID":48276628,"parentNameUsageID":48276627,"taxonConceptID":282,"scientificName":"Magnoliophyta","taxonRank":"phylum","type":"node"},{"sourceIdentifier":"11017504","taxonID":48276627,"parentNameUsageID":0,"taxonConceptID":281,"scientificName":"Plantae","taxonRank":"kingdom","type":"node"}],"preferredCommonNames":{"vernacularName":"tuberose","language":"en","eol_preferred":true},"commonNames":[{"vernacularName":"tuberose","language":"en","eol_preferred":true},{"vernacularName":"Double Pearl Tuberose","language":"en"},{"vernacularName":"Nardo com\u00fan","language":"es","eol_preferred":true},{"vernacularName":"Nardo","language":"es"}],"image":{"objectId":"d8e1a8323c6158c5508e16aeec7b157e","identifier":"d8e1a8323c6158c5508e16aeec7b157e","title":"d8e1a8323c6158c5508e16aeec7b157e","licence":"http:\/\/creativecommons.org\/licenses\/by\/3.0\/","rights":null,"credits":"<a href='http:\/\/www.biolib.cz\/en\/person\/id2684\/'>Forest & Kim Starr<\/a>&copy; ","description":null,"mimeType":"jpg","fileName":"d8e1a8323c6158c5508e16aeec7b157e.jpg","URL":"http:\/\/media.eol.org\/content\/2009\/07\/24\/04\/60633_orig.jpg"},"iucnStatus":""},"48436140":{"collectionid":12819,"pageid":61788,"taxonConceptId":48436140,"taxonName":"Jasminum","textDesc":"","flathierarchy":[{"sourceIdentifier":"11121357","taxonID":48436140,"parentNameUsageID":48436096,"taxonConceptID":61788,"scientificName":"Jasminum","taxonRank":"Genus","type":"leaf"},{"sourceIdentifier":"11025475","taxonID":48436096,"parentNameUsageID":48435640,"taxonConceptID":4426,"scientificName":"Oleaceae","taxonRank":"family","type":"node"},{"sourceIdentifier":"11025468","taxonID":48435640,"parentNameUsageID":48276629,"taxonConceptID":4300,"scientificName":"Scrophulariales","taxonRank":"order","type":"node"},{"sourceIdentifier":"11017506","taxonID":48276629,"parentNameUsageID":48276628,"taxonConceptID":283,"scientificName":"Magnoliopsida","taxonRank":"class","type":"node"},{"sourceIdentifier":"11017505","taxonID":48276628,"parentNameUsageID":48276627,"taxonConceptID":282,"scientificName":"Magnoliophyta","taxonRank":"phylum","type":"node"},{"sourceIdentifier":"11017504","taxonID":48276627,"parentNameUsageID":0,"taxonConceptID":281,"scientificName":"Plantae","taxonRank":"kingdom","type":"node"}],"preferredCommonNames":{"vernacularName":"jasmines","language":"en","eol_preferred":true},"commonNames":[{"vernacularName":"jessamines","language":"","eol_preferred":true},{"vernacularName":"jasmines","language":"en","eol_preferred":true},{"vernacularName":"jasmine","language":"en"}],"image":{"objectId":"73c2b49af8b3840c33af8aacf75b5706","identifier":"73c2b49af8b3840c33af8aacf75b5706","title":"Jasmineiro-do-monte ou Giest\u00f3 \/\/ Shrubby Jasmine (Jasminum fruticans)","licence":"http:\/\/creativecommons.org\/licenses\/by-nc-sa\/2.0\/","rights":null,"credits":"<a href='http:\/\/www.flickr.com\/photos\/58213213@N00'>Valter Jacinto<\/a>&copy; ","description":null,"mimeType":"jpg","fileName":"73c2b49af8b3840c33af8aacf75b5706.jpg","URL":"http:\/\/media.eol.org\/content\/2012\/01\/25\/03\/17876_orig.jpg"},"iucnStatus":""},"48476515":{"collectionid":12819,"pageid":1114447,"taxonConceptId":48476515,"taxonName":"Anthoxanthum nitens","textDesc":"","flathierarchy":[{"sourceIdentifier":"9788730","taxonID":48476515,"parentNameUsageID":48476496,"taxonConceptID":1114447,"scientificName":"Hierochloe odorata (L.) P. Beauv.","taxonRank":"Species","type":"leaf"},{"sourceIdentifier":"11042615","taxonID":48476496,"parentNameUsageID":48466579,"taxonConceptID":108087,"scientificName":"Hierochloe","taxonRank":"genus","type":"node"},{"sourceIdentifier":"11019599","taxonID":48466579,"parentNameUsageID":48454181,"taxonConceptID":8223,"scientificName":"Poaceae","taxonRank":"family","type":"node"},{"sourceIdentifier":"11019427","taxonID":48454181,"parentNameUsageID":48454180,"taxonConceptID":4075,"scientificName":"Poales","taxonRank":"order","type":"node"},{"sourceIdentifier":"11019426","taxonID":48454180,"parentNameUsageID":48276628,"taxonConceptID":8772139,"scientificName":"Liliopsida","taxonRank":"class","type":"node"},{"sourceIdentifier":"11017505","taxonID":48276628,"parentNameUsageID":48276627,"taxonConceptID":282,"scientificName":"Magnoliophyta","taxonRank":"phylum","type":"node"},{"sourceIdentifier":"11017504","taxonID":48276627,"parentNameUsageID":0,"taxonConceptID":281,"scientificName":"Plantae","taxonRank":"kingdom","type":"node"}],"preferredCommonNames":{"vernacularName":"Indian Grass","language":"en","eol_preferred":true},"commonNames":[{"vernacularName":"Indian Grass","language":"en","eol_preferred":true},{"vernacularName":"buffalo grass","language":"en"},{"vernacularName":"sweet grass","language":"en"},{"vernacularName":"sweetgrass","language":"en"},{"vernacularName":"vanilla grass","language":"en"},{"vernacularName":"Veenreukgras","language":"nl","eol_preferred":true},{"vernacularName":"iarba Sfintei M\u0103rii","language":"ro","eol_preferred":true},{"vernacularName":"lati\u0163\u0103","language":"ro"},{"vernacularName":"parangin\u0103","language":"ro"},{"vernacularName":"scard\u0103","language":"ro"},{"vernacularName":"Myskgr\u00e4s","language":"sv","eol_preferred":true}],"image":{"objectId":"5f44b824f974c8209126fe702c3cac18","identifier":"5f44b824f974c8209126fe702c3cac18","title":"5f44b824f974c8209126fe702c3cac18","licence":"","rights":"<p>This image is not copyrighted and may be freely used for any purpose. Please credit the artist, original publication if applicable, and the USDA-NRCS PLANTS Database. The following format is suggested and will be appreciated:<\/p> <p>Robert H. Mohlenbrock @ USDA-NRCS PLANTS Database \/ USDA NRCS. 1","credits":"&copy; <a href=\u0022http:\/\/www.pwrc.usgs.gov\/WLI\/\u0022>USDA NRCS Wetland Science Institute<\/a>.","description":null,"mimeType":"jpg","fileName":"5f44b824f974c8209126fe702c3cac18.jpg","URL":"http:\/\/media.eol.org\/content\/2009\/04\/21\/02\/03555_orig.jpg"},"iucnStatus":""},"48555913":{"collectionid":12819,"pageid":34221,"taxonConceptId":48555913,"taxonName":"Cedrus","textDesc":"","flathierarchy":[{"sourceIdentifier":"11086870","taxonID":48555913,"parentNameUsageID":48555555,"taxonConceptID":34221,"scientificName":"Cedrus","taxonRank":"Genus","type":"leaf"},{"sourceIdentifier":"11021313","taxonID":48555555,"parentNameUsageID":48555306,"taxonConceptID":6747,"scientificName":"Pinaceae","taxonRank":"family","type":"node"},{"sourceIdentifier":"11019490","taxonID":48555306,"parentNameUsageID":48555305,"taxonConceptID":4064,"scientificName":"Pinales","taxonRank":"order","type":"node"},{"sourceIdentifier":"11019489","taxonID":48555305,"parentNameUsageID":48555304,"taxonConceptID":4063,"scientificName":"Pinopsida","taxonRank":"class","type":"node"},{"sourceIdentifier":"11019488","taxonID":48555304,"parentNameUsageID":48276627,"taxonConceptID":4062,"scientificName":"Pinophyta","taxonRank":"phylum","type":"node"},{"sourceIdentifier":"11017504","taxonID":48276627,"parentNameUsageID":0,"taxonConceptID":281,"scientificName":"Plantae","taxonRank":"kingdom","type":"node"}],"preferredCommonNames":{"vernacularName":"cedar","language":"en","eol_preferred":true},"commonNames":[{"vernacularName":"cedar","language":"en","eol_preferred":true}],"image":{"objectId":"577de97fa9c5144b8c87d89d5e1b14e2","identifier":"577de97fa9c5144b8c87d89d5e1b14e2","title":"File:Cedars24(js).jpg","licence":"http:\/\/creativecommons.org\/licenses\/by-sa\/3.0\/","rights":null,"credits":"Jerzy Strzelecki&copy; ","description":null,"mimeType":"jpg","fileName":"577de97fa9c5144b8c87d89d5e1b14e2.jpg","URL":"http:\/\/media.eol.org\/content\/2012\/06\/13\/08\/60323_orig.jpg"},"iucnStatus":""},"48435327":{"collectionid":12819,"pageid":582200,"taxonConceptId":48435327,"taxonName":"Citrus limon","textDesc":"","flathierarchy":[{"sourceIdentifier":"7042623","taxonID":48435327,"parentNameUsageID":48435325,"taxonConceptID":582200,"scientificName":"Citrus limon (L.) Burm. f.","taxonRank":"Species","type":"leaf"},{"sourceIdentifier":"11120949","taxonID":48435325,"parentNameUsageID":48435321,"taxonConceptID":61101,"scientificName":"Citrus","taxonRank":"genus","type":"node"},{"sourceIdentifier":"11025463","taxonID":48435321,"parentNameUsageID":48435124,"taxonConceptID":4414,"scientificName":"Rutaceae","taxonRank":"family","type":"node"},{"sourceIdentifier":"11025457","taxonID":48435124,"parentNameUsageID":48276629,"taxonConceptID":4408,"scientificName":"Sapindales","taxonRank":"order","type":"node"},{"sourceIdentifier":"11017506","taxonID":48276629,"parentNameUsageID":48276628,"taxonConceptID":283,"scientificName":"Magnoliopsida","taxonRank":"class","type":"node"},{"sourceIdentifier":"11017505","taxonID":48276628,"parentNameUsageID":48276627,"taxonConceptID":282,"scientificName":"Magnoliophyta","taxonRank":"phylum","type":"node"},{"sourceIdentifier":"11017504","taxonID":48276627,"parentNameUsageID":0,"taxonConceptID":281,"scientificName":"Plantae","taxonRank":"kingdom","type":"node"}],"preferredCommonNames":{"vernacularName":"lemon","language":"en","eol_preferred":true},"commonNames":[{"vernacularName":"Bijauri","language":"","eol_preferred":true},{"vernacularName":"Sitroen","language":"","eol_preferred":true},{"vernacularName":"re-mo-n","language":"","eol_preferred":true},{"vernacularName":"\u039b\u03b5\u03bc\u03cc\u03bd\u03b9","language":"","eol_preferred":true},{"vernacularName":"\u0644\u06cc\u0645\u0648 \u062e\u0627\u06af\u06cc","language":"","eol_preferred":true},{"vernacularName":"Galgal","language":""},{"vernacularName":"Lemoni","language":""},{"vernacularName":"Lem\u00f3ni","language":""},{"vernacularName":"Limoo","language":""},{"vernacularName":"Limou","language":""},{"vernacularName":"Limou khagi","language":""},{"vernacularName":"l\u00fdmw","language":""},{"vernacularName":"l\u00fdmw \u1e2bag\u00fd","language":""},{"vernacularName":"\u0644\u06cc\u0645\u0648","language":""},{"vernacularName":"\u120a\u121e\u1295","language":"am","eol_preferred":true},{"vernacularName":"Limone","language":"am"},{"vernacularName":"Lomi","language":"am"},{"vernacularName":"li-mo-ne","language":"am"},{"vernacularName":"lo-mi","language":"am"},{"vernacularName":"\u120e\u121a","language":"am"},{"vernacularName":"\u0644\u064a\u0645\u0648\u0646","language":"ar","eol_preferred":true},{"vernacularName":"Limon","language":"ar"},{"vernacularName":"lemon","language":"ar"},{"vernacularName":"\u0644\u064e\u064a\u0652\u0645\u064f\u0648\u0646","language":"ar"},{"vernacularName":"Limon","language":"az","eol_preferred":true},{"vernacularName":"\u041b\u0438\u043c\u043e\u043d","language":"az"},{"vernacularName":"\u041b\u0438\u043c\u043e\u043d","language":"bg","eol_preferred":true},{"vernacularName":"Limon","language":"bg"},{"vernacularName":"Nebu","language":"bn","eol_preferred":true},{"vernacularName":"Llimonera","language":"ca","eol_preferred":true},{"vernacularName":"Citr\u00f3n","language":"cs","eol_preferred":true},{"vernacularName":"citron","language":"da","eol_preferred":true},{"vernacularName":"Zitrone","language":"de","eol_preferred":true},{"vernacularName":"lemon","language":"en","eol_preferred":true},{"vernacularName":"Lemon-tree","language":"en"},{"vernacularName":"Citrono","language":"eo","eol_preferred":true},{"vernacularName":"limonero","language":"es","eol_preferred":true},{"vernacularName":"Lim\u00f3n","language":"es"},{"vernacularName":"Harilik sidrunipuu","language":"et","eol_preferred":true},{"vernacularName":"Sitruuna","language":"fi","eol_preferred":true},{"vernacularName":"citron","language":"fr","eol_preferred":true},{"vernacularName":"Crann limoin","language":"gd","eol_preferred":true},{"vernacularName":"Follas de Lima Cafre","language":"gl","eol_preferred":true},{"vernacularName":"Limbu","language":"gu","eol_preferred":true},{"vernacularName":"\u05dc\u05d9\u05de\u05d5\u05df","language":"he","eol_preferred":true},{"vernacularName":"Limon","language":"he"},{"vernacularName":"Bijaura","language":"hi","eol_preferred":true},{"vernacularName":"Limbu","language":"hi"},{"vernacularName":"baranibu","language":"hi"},{"vernacularName":"jambira","language":"hi"},{"vernacularName":"\u091c\u093e\u092e\u092c\u0940\u0930\u093e","language":"hi"},{"vernacularName":"\u0935\u0928 \u0928\u0940\u092c\u0942","language":"hi"},{"vernacularName":"Limun","language":"hr","eol_preferred":true},{"vernacularName":"Citrom","language":"hu","eol_preferred":true},{"vernacularName":"\u053f\u056b\u057f\u0580\u0578\u0576","language":"hy","eol_preferred":true},{"vernacularName":"Gidron","language":"hy"},{"vernacularName":"Gidronakhod","language":"hy"},{"vernacularName":"Kitron","language":"hy"},{"vernacularName":"Kitronaxot","language":"hy"},{"vernacularName":"Kitrona\u1e2bot","language":"hy"},{"vernacularName":"\u053f\u056b\u057f\u0580\u0578\u0576\u0561\u056d\u0578\u057f","language":"hy"},{"vernacularName":"Jeruk (nipis)","language":"id","eol_preferred":true},{"vernacularName":"S\u00edtr\u00f3na","language":"is","eol_preferred":true},{"vernacularName":"Limone","language":"it","eol_preferred":true},{"vernacularName":"\u6ab8\u6aac","language":"ja","eol_preferred":true},{"vernacularName":"Remon","language":"ja"},{"vernacularName":"\u308c\u3082\u3093","language":"ja"},{"vernacularName":"\u30ec\u30e2\u30f3","language":"ja"},{"vernacularName":"\u10da\u10d8\u10db\u10dd\u10dc\u10d8","language":"ka","eol_preferred":true},{"vernacularName":"Limoni","language":"ka"},{"vernacularName":"\u041b\u0438\u043c\u043e\u043d","language":"kk","eol_preferred":true},{"vernacularName":"Limon","language":"kk"},{"vernacularName":"Liymon","language":"kk"},{"vernacularName":"\u0c97\u0c9c\u0cb2\u0cbf\u0c82\u0cac\u0cc6","language":"kn","eol_preferred":true},{"vernacularName":"Gajalimbe","language":"kn"},{"vernacularName":"gajalimb\u0115","language":"kn"},{"vernacularName":"\ub808\ubaac","language":"ko","eol_preferred":true},{"vernacularName":"Remon","language":"ko"},{"vernacularName":"re-mon","language":"ko"},{"vernacularName":"Citrinos","language":"lt","eol_preferred":true},{"vernacularName":"Tikrasis citrinmedis","language":"lt"},{"vernacularName":"Citrons","language":"lv","eol_preferred":true},{"vernacularName":"Cherunarakam","language":"ml","eol_preferred":true},{"vernacularName":"Gilam","language":"ml"},{"vernacularName":"\u0932\u093f\u0902\u092c\u0942","language":"mr","eol_preferred":true},{"vernacularName":"Limbu","language":"mr"},{"vernacularName":"limb\u016b","language":"mr"},{"vernacularName":"Limau","language":"ms","eol_preferred":true},{"vernacularName":"Lumi","language":"mt","eol_preferred":true},{"vernacularName":"Shauktakera","language":"my","eol_preferred":true},{"vernacularName":"Citroen","language":"nl","eol_preferred":true},{"vernacularName":"Lembu","language":"or","eol_preferred":true},{"vernacularName":"Cytryna","language":"pl","eol_preferred":true},{"vernacularName":"Lim\u00e3o","language":"pt","eol_preferred":true},{"vernacularName":"limoeiro azedo","language":"pt"},{"vernacularName":"L\u0103m\u00e2i","language":"ro","eol_preferred":true},{"vernacularName":"\u041b\u0438\u043c\u043e\u043d","language":"ru","eol_preferred":true},{"vernacularName":"Limon","language":"ru"},{"vernacularName":"Ruchaka","language":"sa","eol_preferred":true},{"vernacularName":"Nimbaka","language":"sa"},{"vernacularName":"Vijapura","language":"sa"},{"vernacularName":"Sedaran","language":"si","eol_preferred":true},{"vernacularName":"Citr\u00f3novn\u00edk","language":"sk","eol_preferred":true},{"vernacularName":"Citr\u00f3n","language":"sk"},{"vernacularName":"Citr\u00f3ny","language":"sk"},{"vernacularName":"Limona","language":"sl","eol_preferred":true},{"vernacularName":"Muremani","language":"sn","eol_preferred":true},{"vernacularName":"Mundimu","language":"sn"},{"vernacularName":"Limoni","language":"sq","eol_preferred":true},{"vernacularName":"citron","language":"sv","eol_preferred":true},{"vernacularName":"suckat","language":"sv"},{"vernacularName":"Limau","language":"sw","eol_preferred":true},{"vernacularName":"\u0b8e\u0bb2\u0bc1\u0bae\u0bbf\u0b9a\u0bcd\u0b9a\u0bae\u0bcd","language":"ta","eol_preferred":true},{"vernacularName":"Elumicham","language":"ta"},{"vernacularName":"Sidalai","language":"ta"},{"vernacularName":"c\u012bta\u1e37ai","language":"ta"},{"vernacularName":"\u0115lumiccam","language":"ta"},{"vernacularName":"\u0b9a\u0bc0\u0ba4\u0bb3\u0bc8","language":"ta"},{"vernacularName":"\u0c28\u0c3f\u0c2e\u0c4d\u0c2e\u0c2a\u0c02\u0c21\u0c41","language":"te","eol_preferred":true},{"vernacularName":"Nimmapandu","language":"te"},{"vernacularName":"nimmapa\u1e47\u1e0du","language":"te"},{"vernacularName":"\u0e21\u0e30\u0e19\u0e32\u0e27\u0e1d\u0e23\u0e31\u0e48\u0e07","language":"th","eol_preferred":true},{"vernacularName":"? Manao farang ?","language":"th"},{"vernacularName":"Ma nao leung","language":"th"},{"vernacularName":"Manao farang","language":"th"},{"vernacularName":"Som saa","language":"th"},{"vernacularName":"Limon","language":"tr","eol_preferred":true},{"vernacularName":"\u041b\u0438\u043c\u043e\u043d","language":"uk","eol_preferred":true},{"vernacularName":"Limon","language":"uk"},{"vernacularName":"Lymon","language":"uk"},{"vernacularName":"Chanh t\u00e2y","language":"vi","eol_preferred":true},{"vernacularName":"Chanh tay","language":"vi"},{"vernacularName":"Ninh mong","language":"vi"},{"vernacularName":"N\u1ecbnh m\u00f4ng","language":"vi"},{"vernacularName":"Limene","language":"yi","eol_preferred":true},{"vernacularName":"Tsitrin","language":"yi"}],"image":{"objectId":"82b2f020cf0dc8c7da4aecae56388525","identifier":"82b2f020cf0dc8c7da4aecae56388525","title":"82b2f020cf0dc8c7da4aecae56388525","licence":"http:\/\/creativecommons.org\/licenses\/by-nc\/3.0\/","rights":null,"credits":"&copy; ","description":null,"mimeType":"jpg","fileName":"82b2f020cf0dc8c7da4aecae56388525.jpg","URL":"http:\/\/media.eol.org\/content\/2012\/05\/23\/09\/05989_orig.jpg"},"iucnStatus":""},"48507502":{"collectionid":12819,"pageid":1127948,"taxonConceptId":48507502,"taxonName":"Vanilla planifolia","textDesc":"","flathierarchy":[{"sourceIdentifier":"9734306","taxonID":48507502,"parentNameUsageID":48507430,"taxonConceptID":1127948,"scientificName":"Vanilla planifolia Jacks. ex Andrews","taxonRank":"Species","type":"leaf"},{"sourceIdentifier":"11044947","taxonID":48507430,"parentNameUsageID":48498333,"taxonConceptID":29195,"scientificName":"Vanilla","taxonRank":"genus","type":"node"},{"sourceIdentifier":"11022540","taxonID":48498333,"parentNameUsageID":48492088,"taxonConceptID":8156,"scientificName":"Orchidaceae","taxonRank":"family","type":"node"},{"sourceIdentifier":"11022530","taxonID":48492088,"parentNameUsageID":48454180,"taxonConceptID":4175,"scientificName":"Asparagales","taxonRank":"order","type":"node"},{"sourceIdentifier":"11019426","taxonID":48454180,"parentNameUsageID":48276628,"taxonConceptID":8772139,"scientificName":"Liliopsida","taxonRank":"class","type":"node"},{"sourceIdentifier":"11017505","taxonID":48276628,"parentNameUsageID":48276627,"taxonConceptID":282,"scientificName":"Magnoliophyta","taxonRank":"phylum","type":"node"},{"sourceIdentifier":"11017504","taxonID":48276627,"parentNameUsageID":0,"taxonConceptID":281,"scientificName":"Plantae","taxonRank":"kingdom","type":"node"}],"preferredCommonNames":{"vernacularName":"vanilla","language":"en","eol_preferred":true},"commonNames":[{"vernacularName":"Fanylje","language":"","eol_preferred":true},{"vernacularName":"Juuyu","language":"","eol_preferred":true},{"vernacularName":"Lavanilina","language":"","eol_preferred":true},{"vernacularName":"Lig\u00fcey","language":"","eol_preferred":true},{"vernacularName":"Nash\u00fa-Xicha","language":"","eol_preferred":true},{"vernacularName":"Sisbic","language":"","eol_preferred":true},{"vernacularName":"Xanat","language":"","eol_preferred":true},{"vernacularName":"ba-ni-ra","language":"","eol_preferred":true},{"vernacularName":"\u0392\u03b1\u03bd\u03af\u03bb\u03bb\u03b9\u03b1","language":"","eol_preferred":true},{"vernacularName":"\u0648\u0627\u0646\u06cc\u0644","language":"","eol_preferred":true},{"vernacularName":"Ban\u00edllia","language":""},{"vernacularName":"Caxix\u00e1nath","language":""},{"vernacularName":"Fanille","language":""},{"vernacularName":"Juju","language":""},{"vernacularName":"Kuoley gm","language":""},{"vernacularName":"Shanat","language":""},{"vernacularName":"Stakne'x\u00e1nath","language":""},{"vernacularName":"Vanillia","language":""},{"vernacularName":"wan\u00fdl","language":""},{"vernacularName":"\u126b\u1292\u120b","language":"am","eol_preferred":true},{"vernacularName":"Vanila","language":"am"},{"vernacularName":"vaa-ni-laa","language":"am"},{"vernacularName":"\u0641\u0627\u0646\u064a\u0644\u064a\u0627","language":"ar","eol_preferred":true},{"vernacularName":"Fanilya","language":"ar"},{"vernacularName":"\u0641\u0627\u0646\u0650\u064a\u0644\u064a\u064e\u0627","language":"ar"},{"vernacularName":"\u0412\u0430\u043d\u0438\u043b\u0438\u044f","language":"bg","eol_preferred":true},{"vernacularName":"Vaniliya","language":"bg"},{"vernacularName":"Vanili\u00e2","language":"bg"},{"vernacularName":"Vanilka","language":"cs","eol_preferred":true},{"vernacularName":"Vanilje","language":"da","eol_preferred":true},{"vernacularName":"Vanille","language":"de","eol_preferred":true},{"vernacularName":"vanilla","language":"en","eol_preferred":true},{"vernacularName":"Vanilla orchid","language":"en"},{"vernacularName":"Vanilo","language":"eo","eol_preferred":true},{"vernacularName":"Vainilla mansa","language":"es","eol_preferred":true},{"vernacularName":"Su chel","language":"es"},{"vernacularName":"Tlilx\u00f3chitl","language":"es"},{"vernacularName":"Vainilla","language":"es"},{"vernacularName":"Vainilla colibr\u00ed","language":"es"},{"vernacularName":"Vainilla tlilx\u00f3chil","language":"es"},{"vernacularName":"vainillero","language":"es"},{"vernacularName":"Harilik vanill","language":"et","eol_preferred":true},{"vernacularName":"Vanillikaun","language":"et"},{"vernacularName":"Bainila","language":"eu","eol_preferred":true},{"vernacularName":"Vanilja","language":"fi","eol_preferred":true},{"vernacularName":"Vanille","language":"fr","eol_preferred":true},{"vernacularName":"\u05d5\u05e0\u05d9\u05dc","language":"he","eol_preferred":true},{"vernacularName":"Vanil","language":"he"},{"vernacularName":"Vanilija","language":"hr","eol_preferred":true},{"vernacularName":"Van\u00edlia","language":"hu","eol_preferred":true},{"vernacularName":"\u054e\u0561\u0576\u056b\u056c","language":"hy","eol_preferred":true},{"vernacularName":"Vanil","language":"hy"},{"vernacularName":"Paneli","language":"id","eol_preferred":true},{"vernacularName":"Panili","language":"id"},{"vernacularName":"vanilla","language":"is","eol_preferred":true},{"vernacularName":"Vaniglia","language":"it","eol_preferred":true},{"vernacularName":"\u30d0\u30cb\u30e9","language":"ja","eol_preferred":true},{"vernacularName":"Banira","language":"ja"},{"vernacularName":"\u10d5\u10d0\u10dc\u10d8\u10da\u10d8","language":"ka","eol_preferred":true},{"vernacularName":"Vanili","language":"ka"},{"vernacularName":"\u0412\u0430\u043d\u0438\u043b\u044c","language":"kk","eol_preferred":true},{"vernacularName":"Vanil'","language":"kk"},{"vernacularName":"Vaniyl","language":"kk"},{"vernacularName":"\u0cb5\u0ccd\u0caf\u0ca8\u0cbf\u0cb2\u0ccd\u0cb2","language":"kn","eol_preferred":true},{"vernacularName":"Vyanilla","language":"kn"},{"vernacularName":"\ubc14\ub2d0\ub77c","language":"ko","eol_preferred":true},{"vernacularName":"Panilla","language":"ko"},{"vernacularName":"ba-nil-ra","language":"ko"},{"vernacularName":"Vanil\u0117","language":"lt","eol_preferred":true},{"vernacularName":"Kvapioji vanil\u0117","language":"lt"},{"vernacularName":"Smar\u017e\u012bg\u0101 vani\u013ca","language":"lv","eol_preferred":true},{"vernacularName":"Vanille","language":"nl","eol_preferred":true},{"vernacularName":"Vanilje","language":"no","eol_preferred":true},{"vernacularName":"Wanilia p\u0142askolistna","language":"pl","eol_preferred":true},{"vernacularName":"Baunilha","language":"pt","eol_preferred":true},{"vernacularName":"Vanilie","language":"ro","eol_preferred":true},{"vernacularName":"\u0412\u0430\u043d\u0438\u043b\u044c","language":"ru","eol_preferred":true},{"vernacularName":"Vanil","language":"ru"},{"vernacularName":"Vanil'","language":"ru"},{"vernacularName":"Vanilka","language":"sk","eol_preferred":true},{"vernacularName":"Vanilija","language":"sl","eol_preferred":true},{"vernacularName":"Vanilj","language":"sv","eol_preferred":true},{"vernacularName":"Lavani","language":"sw","eol_preferred":true},{"vernacularName":"\u0bb5\u0ba9\u0bbf\u0b95\u0bcd\u0b95\u0bc7\u0bbe\u0b9f\u0bbf","language":"ta","eol_preferred":true},{"vernacularName":"Vanikkodi","language":"ta"},{"vernacularName":"va\u0146ikko\u1e6di","language":"ta"},{"vernacularName":"\u0e27\u0e19\u0e34\u0e25\u0e32","language":"th","eol_preferred":true},{"vernacularName":"? Wanila ?","language":"th"},{"vernacularName":"? Wanilla ?","language":"th"},{"vernacularName":"Wanila","language":"th"},{"vernacularName":"Wanilla","language":"th"},{"vernacularName":"\u0e27\u0e32\u0e19\u0e34\u0e25\u0e25\u0e32","language":"th"},{"vernacularName":"Vanilia","language":"tl","eol_preferred":true},{"vernacularName":"Vanilya","language":"tr","eol_preferred":true},{"vernacularName":"\u0412\u0430\u043d\u0456\u043b\u044c","language":"uk","eol_preferred":true},{"vernacularName":"Vanil","language":"uk"},{"vernacularName":"Van\u00ecl'","language":"uk"},{"vernacularName":"Vanil","language":"yi","eol_preferred":true}],"image":{"objectId":"3313625f45f8ceca7f6b3135330a1980","identifier":"3313625f45f8ceca7f6b3135330a1980","title":"File:Vanilla.jpg","licence":"http:\/\/creativecommons.org\/licenses\/publicdomain\/","rights":null,"credits":"Editor William Kerr Higley&copy; ","description":null,"mimeType":"jpg","fileName":"3313625f45f8ceca7f6b3135330a1980.jpg","URL":"http:\/\/media.eol.org\/content\/2012\/06\/12\/20\/97761_orig.jpg"},"iucnStatus":""},"48428704":{"collectionid":12819,"pageid":579379,"taxonConceptId":48428704,"taxonName":"Rosmarinus officinalis L.","textDesc":"","flathierarchy":[{"sourceIdentifier":"7045008","taxonID":48428704,"parentNameUsageID":48428703,"taxonConceptID":579379,"scientificName":"Rosmarinus officinalis L.","taxonRank":"Species","type":"leaf"},{"sourceIdentifier":"11184004","taxonID":48428703,"parentNameUsageID":48428085,"taxonConceptID":70853,"scientificName":"Rosmarinus","taxonRank":"genus","type":"node"},{"sourceIdentifier":"11025358","taxonID":48428085,"parentNameUsageID":48427637,"taxonConceptID":4302,"scientificName":"Lamiaceae","taxonRank":"family","type":"node"},{"sourceIdentifier":"11025356","taxonID":48427637,"parentNameUsageID":48276629,"taxonConceptID":11892045,"scientificName":"Lamiales","taxonRank":"order","type":"node"},{"sourceIdentifier":"11017506","taxonID":48276629,"parentNameUsageID":48276628,"taxonConceptID":283,"scientificName":"Magnoliopsida","taxonRank":"class","type":"node"},{"sourceIdentifier":"11017505","taxonID":48276628,"parentNameUsageID":48276627,"taxonConceptID":282,"scientificName":"Magnoliophyta","taxonRank":"phylum","type":"node"},{"sourceIdentifier":"11017504","taxonID":48276627,"parentNameUsageID":0,"taxonConceptID":281,"scientificName":"Plantae","taxonRank":"kingdom","type":"node"}],"preferredCommonNames":{"vernacularName":"rosemary","language":"en","eol_preferred":true},"commonNames":[{"vernacularName":"Rosemary Gorizia","language":"","eol_preferred":true},{"vernacularName":"Roumanieou","language":"","eol_preferred":true},{"vernacularName":"ro--zu-ma-ri","language":"","eol_preferred":true},{"vernacularName":"\u0394\u03b5\u03bd\u03c4\u03c1\u03bf\u03bb\u03af\u03b2\u03b1\u03bd\u03bf","language":"","eol_preferred":true},{"vernacularName":"\u0627\u06a9\u0644\u06cc\u0644 \u06a9\u0648\u0647\u06cc","language":"","eol_preferred":true},{"vernacularName":"Dendrolivano","language":""},{"vernacularName":"Dendrol\u00edbano","language":""},{"vernacularName":"Dentrolivano","language":""},{"vernacularName":"Dentrol\u00edbano","language":""},{"vernacularName":"Eklil kuhi","language":""},{"vernacularName":"Roumanin","language":""},{"vernacularName":"Rozmari","language":""},{"vernacularName":"Rozmar\u00ed","language":""},{"vernacularName":"a\u1e31l\u00fdl \u1e31wh\u00fd","language":""},{"vernacularName":"ma-n-ne-n-ro-u","language":""},{"vernacularName":"rzmar\u00fd","language":""},{"vernacularName":"\u0394\u03b5\u03bd\u03b4\u03c1\u03bf\u03bb\u03af\u03b2\u03b1\u03bd\u03bf","language":""},{"vernacularName":"\u03a1\u03bf\u03b6\u03bc\u03b1\u03c1\u03af","language":""},{"vernacularName":"\u0631\u0632\u0645\u0627\u0631\u06cc","language":""},{"vernacularName":"\u12a0\u12dc\u121e\u122a\u1293","language":"am","eol_preferred":true},{"vernacularName":"'a-zee-mo-ri-naa","language":"am"},{"vernacularName":"Azemorina","language":"am"},{"vernacularName":"kelil","language":"ar","eol_preferred":true},{"vernacularName":"Ikleel al-Jabal","language":"ar"},{"vernacularName":"Iklil al-Jabal","language":"ar"},{"vernacularName":"\u0625\u0650\u0643\u0652\u0644\u0650\u064a\u0644 \u0627\u0644\u062c\u064e\u0628\u064e\u0644","language":"ar"},{"vernacularName":"\u0627\u0643\u0644\u064a\u0644 \u0627\u0644\u062c\u0628\u0644","language":"ar"},{"vernacularName":"Rozmarin","language":"az","eol_preferred":true},{"vernacularName":"\u0420\u043e\u0437\u043c\u0430\u0440\u0438\u043d","language":"az"},{"vernacularName":"\u0420\u043e\u0437\u043c\u0430\u0440\u0438\u043d","language":"bg","eol_preferred":true},{"vernacularName":"Rozmarin","language":"bg"},{"vernacularName":"Roman\u00ed","language":"ca","eol_preferred":true},{"vernacularName":"Romer","language":"ca"},{"vernacularName":"Rozmar\u00fdna","language":"cs","eol_preferred":true},{"vernacularName":"Rozmar\u00fdn l\u00e9ka\u0159sk\u00fd","language":"cs"},{"vernacularName":"Rozmar\u00fdna l\u00e9ka\u0159sk\u00e1","language":"cs"},{"vernacularName":"Rosmarin","language":"da","eol_preferred":true},{"vernacularName":"Rosmarin","language":"de","eol_preferred":true},{"vernacularName":"rosemary","language":"en","eol_preferred":true},{"vernacularName":"Old Man","language":"en"},{"vernacularName":"Prostrate Rosemary","language":"en"},{"vernacularName":"Romero","language":"en"},{"vernacularName":"Rosmareno","language":"eo","eol_preferred":true},{"vernacularName":"Romero","language":"es","eol_preferred":true},{"vernacularName":"Rosmario","language":"es"},{"vernacularName":"rom\u00e9ro","language":"es"},{"vernacularName":"Harilik rosmariin","language":"et","eol_preferred":true},{"vernacularName":"Erromero","language":"eu","eol_preferred":true},{"vernacularName":"Rosmariini","language":"fi","eol_preferred":true},{"vernacularName":"Romarin","language":"fr","eol_preferred":true},{"vernacularName":"Ecensier","language":"fr"},{"vernacularName":"Rosmarin","language":"fr"},{"vernacularName":"Rosmarin encens","language":"fr"},{"vernacularName":"R\u00f2s Mhuire","language":"gd","eol_preferred":true},{"vernacularName":"Romeiro","language":"gl","eol_preferred":true},{"vernacularName":"Romeu","language":"gl"},{"vernacularName":"\u05e8\u05d5\u05d6\u05de\u05e8\u05d9\u05df","language":"he","eol_preferred":true},{"vernacularName":"Rozmarin","language":"he"},{"vernacularName":"Ru\u017emarin","language":"hr","eol_preferred":true},{"vernacularName":"Rozmaring","language":"hu","eol_preferred":true},{"vernacularName":"\u053d\u0576\u056f\u0578\u0582\u0576\u056b","language":"hy","eol_preferred":true},{"vernacularName":"Khngooni","language":"hy"},{"vernacularName":"Xnkuni","language":"hy"},{"vernacularName":"\u1e2ankuni","language":"hy"},{"vernacularName":"R\u00f3smar\u00edn","language":"is","eol_preferred":true},{"vernacularName":"S\u00e6d\u00f6gg","language":"is"},{"vernacularName":"Ramerino","language":"it","eol_preferred":true},{"vernacularName":"Rosmarino","language":"it"},{"vernacularName":"mannenr\u00fb","language":"ja","eol_preferred":true},{"vernacularName":"Mannenro","language":"ja"},{"vernacularName":"Rozumari","language":"ja"},{"vernacularName":"\u30de\u30f3\u30cd\u30f3\u30ed\u30a6","language":"ja"},{"vernacularName":"\u30ed\u30fc\u30ba\u30de\u30ea","language":"ja"},{"vernacularName":"\ub85c\uc988\ub9c8\ub9ac","language":"ko","eol_preferred":true},{"vernacularName":"Rojumari","language":"ko"},{"vernacularName":"Rojumeri","language":"ko"},{"vernacularName":"ro-jeu-ma-ri","language":"ko"},{"vernacularName":"ro-jeu-me-ri","language":"ko"},{"vernacularName":"\ub85c\uc988\uba54\ub9ac","language":"ko"},{"vernacularName":"Rozmarinas","language":"lt","eol_preferred":true},{"vernacularName":"Kvapusis rozmarinas","language":"lt"},{"vernacularName":"Rozmar\u012bns","language":"lv","eol_preferred":true},{"vernacularName":"Klin","language":"mt","eol_preferred":true},{"vernacularName":"Rozemarijn","language":"nl","eol_preferred":true},{"vernacularName":"Rosmarin","language":"no","eol_preferred":true},{"vernacularName":"Rozmaryn","language":"pl","eol_preferred":true},{"vernacularName":"Alecrim","language":"pt","eol_preferred":true},{"vernacularName":"alecrim-do-jardim","language":"pt"},{"vernacularName":"erva-coroada","language":"pt"},{"vernacularName":"rosa-marinha","language":"pt"},{"vernacularName":"rosmarinho","language":"pt"},{"vernacularName":"Rozmarin","language":"ro","eol_preferred":true},{"vernacularName":"Rozmarin","language":"ru","eol_preferred":true},{"vernacularName":"\u0420\u043e\u0437\u043c\u0430\u0440\u0438\u043d","language":"ru"},{"vernacularName":"\u0440\u043e\u0437\u043c\u0430\u0440\u0438\u043d","language":"ru"},{"vernacularName":"Rozmar\u00edn lek\u00e1rsky","language":"sk","eol_preferred":true},{"vernacularName":"Rozmar\u00edn","language":"sk"},{"vernacularName":"Ro\u017emarin","language":"sl","eol_preferred":true},{"vernacularName":"Rozmarin\u00eb","language":"sq","eol_preferred":true},{"vernacularName":"Rosmarin","language":"sv","eol_preferred":true},{"vernacularName":"\u0e42\u0e23\u0e2a\u0e41\u0e21\u0e23\u0e35","language":"th","eol_preferred":true},{"vernacularName":"? Rosmari ?","language":"th"},{"vernacularName":"Rosmari","language":"th"},{"vernacularName":"Dumero","language":"tl","eol_preferred":true},{"vernacularName":"Romero","language":"tl"},{"vernacularName":"Biberiye","language":"tr","eol_preferred":true},{"vernacularName":"Hasalban","language":"tr"},{"vernacularName":"Ku\u015fdili","language":"tr"},{"vernacularName":"\u0420\u043e\u0437\u043c\u0430\u0440\u0438\u043d","language":"uk","eol_preferred":true},{"vernacularName":"Rozmarin","language":"uk"},{"vernacularName":"Rozmarin sprav\u017en\u00ecj","language":"uk"},{"vernacularName":"Rozmaryn","language":"uk"},{"vernacularName":"Rozmaryn spravzhni","language":"uk"},{"vernacularName":"\u0420\u043e\u0437\u043c\u0430\u0440\u0438\u043d \u0441\u043f\u0440\u0430\u0432\u0436\u043d\u0456\u0439","language":"uk"},{"vernacularName":"L\u00e1 h\u01b0\u01a1ng th\u1ea3o","language":"vi","eol_preferred":true},{"vernacularName":"La huong thao","language":"vi"}],"image":{"objectId":"fae9c24d69aa19ccefb7d7ead674b44c","identifier":"fae9c24d69aa19ccefb7d7ead674b44c","title":"Flor do Alecrim \/\/ Rosemary (Rosmarinus officinalis)","licence":"http:\/\/creativecommons.org\/licenses\/by-nc-sa\/2.0\/","rights":null,"credits":"<a href='http:\/\/www.flickr.com\/photos\/58213213@N00'>Valter Jacinto<\/a>&copy; ","description":null,"mimeType":"jpg","fileName":"fae9c24d69aa19ccefb7d7ead674b44c.jpg","URL":"http:\/\/media.eol.org\/content\/2011\/12\/30\/01\/89603_orig.jpg"},"iucnStatus":""},"48288905":{"collectionid":12819,"pageid":631307,"taxonConceptId":48288905,"taxonName":"Rosa rugosa","textDesc":"","flathierarchy":[{"sourceIdentifier":"7185484","taxonID":48288905,"parentNameUsageID":48286411,"taxonConceptID":631307,"scientificName":"Rosa rugosa Dematra","taxonRank":"Species","type":"leaf"},{"sourceIdentifier":"11043666","taxonID":48286411,"parentNameUsageID":48276993,"taxonConceptID":29911,"scientificName":"Rosa","taxonRank":"genus","type":"node"},{"sourceIdentifier":"11018799","taxonID":48276993,"parentNameUsageID":48276992,"taxonConceptID":8097,"scientificName":"Rosaceae","taxonRank":"family","type":"node"},{"sourceIdentifier":"11018798","taxonID":48276992,"parentNameUsageID":48276629,"taxonConceptID":4385,"scientificName":"Rosales","taxonRank":"order","type":"node"},{"sourceIdentifier":"11017506","taxonID":48276629,"parentNameUsageID":48276628,"taxonConceptID":283,"scientificName":"Magnoliopsida","taxonRank":"class","type":"node"},{"sourceIdentifier":"11017505","taxonID":48276628,"parentNameUsageID":48276627,"taxonConceptID":282,"scientificName":"Magnoliophyta","taxonRank":"phylum","type":"node"},{"sourceIdentifier":"11017504","taxonID":48276627,"parentNameUsageID":0,"taxonConceptID":281,"scientificName":"Plantae","taxonRank":"kingdom","type":"node"}],"preferredCommonNames":{"vernacularName":"rugosa rose","language":"en","eol_preferred":true},"commonNames":[{"vernacularName":"Turkestan rose","language":"","eol_preferred":true},{"vernacularName":"Kartoffel-Rose","language":"de","eol_preferred":true},{"vernacularName":"rugosa rose","language":"en","eol_preferred":true},{"vernacularName":"Japanese rose","language":"en"},{"vernacularName":"Sea Tomato","language":"en"},{"vernacularName":"Hamanasu","language":"ja","eol_preferred":true}],"image":{"objectId":"ad166455bc4a45b97798f6299807ab67","identifier":"ad166455bc4a45b97798f6299807ab67","title":"File:Rosa rugosa Sakhalin 3.JPG","licence":"http:\/\/creativecommons.org\/licenses\/publicdomain\/","rights":null,"credits":"<a href='http:\/\/commons.wikimedia.org\/wiki\/User:Vihljun'>Vihljun<\/a>&copy; ","description":null,"mimeType":"jpg","fileName":"ad166455bc4a45b97798f6299807ab67.jpg","URL":"http:\/\/media.eol.org\/content\/2012\/07\/26\/21\/21586_orig.jpg"},"iucnStatus":""}}