{"name":"plants<br\/><i>Plantae<\/i>","depth":0,"taxonConceptID":281,"children":[{"name":"flowering plants<br\/><i>Magnoliophyta<\/i>","depth":1,"taxonConceptID":282,"children":[{"name":"dicotyledons<br\/><i>Magnoliopsida<\/i>","depth":2,"taxonConceptID":283,"children":[{"name":"Myrtales","depth":3,"taxonConceptID":4328,"children":[{"name":"myrtle family<br\/><i>Myrtaceae<\/i>","depth":4,"taxonConceptID":8095,"children":[{"name":"Gums<br\/><i>eucalyptus<\/i>","depth":5,"terminal":true,"image":"0f5ad4ea1b8c91b1e3884667ad1fc36a.jpg","taxonConceptID":29916}]}]},{"name":"Rubiales","depth":3,"taxonConceptID":4201,"children":[{"name":"Coffee family<br\/><i>Rubiaceae<\/i>","depth":4,"taxonConceptID":4202,"children":[{"name":"gardenia<br\/><i>Gardenia<\/i>","depth":5,"taxonConceptID":29805,"children":[{"name":"gardenia<br\/><i>Gardenia jasminoides J. Ellis<\/i>","depth":6,"terminal":true,"image":"3745cb8038306d3644c81ce7897c1d07.jpg","taxonConceptID":1102886}]}]}]},{"name":"Scrophulariales","depth":3,"taxonConceptID":4300,"children":[{"name":"Olive family<br\/><i>Oleaceae<\/i>","depth":4,"taxonConceptID":4426,"children":[{"name":"jasmines<br\/><i>Jasminum<\/i>","depth":5,"terminal":true,"image":"73c2b49af8b3840c33af8aacf75b5706.jpg","taxonConceptID":61788}]}]},{"name":"Sapindales","depth":3,"taxonConceptID":4408,"children":[{"name":"Citrus family<br\/><i>Rutaceae<\/i>","depth":4,"taxonConceptID":4414,"children":[{"name":"citrus<br\/><i>Citrus<\/i>","depth":5,"taxonConceptID":61101,"children":[{"name":"lemon<br\/><i>Citrus limon (L.) Burm. f.<\/i>","depth":6,"terminal":true,"image":"82b2f020cf0dc8c7da4aecae56388525.jpg","taxonConceptID":582200}]}]}]},{"name":"Lamiales","depth":3,"taxonConceptID":11892045,"children":[{"name":"Mint and basil family<br\/><i>Lamiaceae<\/i>","depth":4,"taxonConceptID":4302,"children":[{"name":"rosemary<br\/><i>Rosmarinus<\/i>","depth":5,"taxonConceptID":70853,"children":[{"name":"rosemary<br\/><i>Rosmarinus officinalis L.<\/i>","depth":6,"terminal":true,"image":"fae9c24d69aa19ccefb7d7ead674b44c.jpg","taxonConceptID":579379}]}]}]},{"name":"Rosales","depth":3,"children":[{"name":"Rosaceae","depth":4,"children":[{"name":"Rosa","depth":5,"children":[{"name":"rugosa rose<br\/><i>Rosa rugosa Dematra<\/i>","depth":6,"terminal":true,"image":"ad166455bc4a45b97798f6299807ab67.jpg","taxonConceptID":631307}]}]}]}]},{"name":"Liliopsida","depth":2,"taxonConceptID":8772139,"children":[{"name":"Asparagales","depth":3,"taxonConceptID":4175,"children":[{"name":"asparagus family<br\/><i>Asparagaceae<\/i>","depth":4,"taxonConceptID":8194,"children":[{"name":"polianthes<br\/><i>Polianthes<\/i>","depth":5,"taxonConceptID":80113,"children":[{"name":"tuberose<br\/><i>Polianthes tuberosa L.<\/i>","depth":6,"terminal":true,"image":"d8e1a8323c6158c5508e16aeec7b157e.jpg","taxonConceptID":1081522}]}]},{"name":"orchid family<br\/><i>Orchidaceae<\/i>","depth":4,"taxonConceptID":8156,"children":[{"name":"Bog candle orchid<br\/><i>Vanilla<\/i>","depth":5,"taxonConceptID":29195,"children":[{"name":"vanilla<br\/><i>Vanilla planifolia Jacks. ex Andrews<\/i>","depth":6,"terminal":true,"image":"3313625f45f8ceca7f6b3135330a1980.jpg","taxonConceptID":1127948}]}]}]},{"name":"Poales","depth":3,"taxonConceptID":4075,"children":[{"name":"grass family<br\/><i>Poaceae<\/i>","depth":4,"taxonConceptID":8223,"children":[{"name":"vanilla grass<br\/><i>Hierochloe<\/i>","depth":5,"taxonConceptID":108087,"children":[{"name":"Indian Grass<br\/><i>Hierochloe odorata (L.) P. Beauv.<\/i>","depth":6,"terminal":true,"image":"5f44b824f974c8209126fe702c3cac18.jpg","taxonConceptID":1114447}]}]}]}]}]},{"name":"conifers<br\/><i>Pinophyta<\/i>","depth":1,"taxonConceptID":4062,"children":[{"name":"conifers<br\/><i>Pinopsida<\/i>","depth":2,"taxonConceptID":4063,"children":[{"name":"conifers<br\/><i>Pinales<\/i>","depth":3,"taxonConceptID":4064,"children":[{"name":"pine family<br\/><i>Pinaceae<\/i>","depth":4,"taxonConceptID":6747,"children":[{"name":"cedar<br\/><i>Cedrus<\/i>","depth":5,"terminal":true,"image":"577de97fa9c5144b8c87d89d5e1b14e2.jpg","taxonConceptID":34221}]}]}]}]}]}