{"48130880":{"collectionid":29653,"pageid":118009,"taxonConceptId":48130880,"taxonName":"Lepus europaeus","textDesc":{"objectId":"d52e35c2f58e11294c9df848639afe7b","identifier":"d52e35c2f58e11294c9df848639afe7b","title":"Biology","licence":"http:\/\/creativecommons.org\/licenses\/by-nc-sa\/3.0\/","rights":"Copyright Wildscreen 2003-2008","credits":"&copy; Wildscreen","description":"The brown hare is predominantly nocturnal, spending most of the day in small depressions in the grass known as <br\/>forms. At night the hare ventures out, grazing on the young shoots of grasses and herbs as well as agricultural <br\/>crops. Hares escape predation by outrunning their enemies; with their powerful hind legs they can reach speeds <br\/>of up to 45mph (2).&nbsp;Courtship involves boxing; this well-known 'mad March hare' behaviour actually involves <br\/>unreceptive females fending off amorous males. Breeding usually occurs between February and September, females <br\/>typically give birth to around 3 litters each year of 2-4 young (leverets). Leverets are born with their eyes open, <br\/>and are left alone in the day in forms to avoid attracting predators. The mother returns at sunset and the leverets <br\/>gather around her to suckle (2). "},"flathierarchy":null,"preferredCommonNames":{"vernacularName":"European hare","language":"en","eol_preferred":true},"commonNames":[{"vernacularName":"Feldhase","language":"de","eol_preferred":true},{"vernacularName":"European hare","language":"en","eol_preferred":true},{"vernacularName":"European brown hare","language":"en"},{"vernacularName":"brown hare","language":"en"},{"vernacularName":"Liebre europea","language":"es","eol_preferred":true},{"vernacularName":"Li\u00e8vre d'Europe","language":"fr","eol_preferred":true},{"vernacularName":"Haas (dier)","language":"nl","eol_preferred":true},{"vernacularName":"Gewone haas","language":"nl"},{"vernacularName":"\u0417\u0430\u044f\u0446-\u0440\u0443\u0441\u0430\u043a","language":"ru","eol_preferred":true}],"image":{"objectId":"c2c93c3e8b5abbb331b108bfe0276a00","identifier":"c2c93c3e8b5abbb331b108bfe0276a00","title":"File:European Hare 2012-07-30 1.JPG","licence":"http:\/\/creativecommons.org\/licenses\/by-sa\/3.0\/","rights":null,"credits":"<a href='http:\/\/commons.wikimedia.org\/wiki\/User:Slaunger'>Kim Hansen<\/a>&copy; ","description":null,"mimeType":"jpg","fileName":"c2c93c3e8b5abbb331b108bfe0276a00.jpg","URL":"http:\/\/media.eol.org\/content\/2012\/08\/14\/03\/69882_orig.jpg"},"iucnStatus":""},"48130582":{"collectionid":29653,"pageid":328648,"taxonConceptId":48130582,"taxonName":"Equus caballus","textDesc":"","flathierarchy":null,"preferredCommonNames":{"vernacularName":"horse","language":"en","eol_preferred":true},"commonNames":[{"vernacularName":"equine","language":"","eol_preferred":true},{"vernacularName":"brumby","language":""},{"vernacularName":"Shetlandpony","language":"de"},{"vernacularName":"horse","language":"en","eol_preferred":true},{"vernacularName":"Domestic Horse","language":"en"},{"vernacularName":"Przewalski's horse","language":"en"},{"vernacularName":"horse (feral)","language":"en"},{"vernacularName":"Caballo","language":"es","eol_preferred":true},{"vernacularName":"\u0918\u094b\u0921\u093e","language":"hi","eol_preferred":true},{"vernacularName":"\u0918\u094b\u0921\u093e","language":"mr","eol_preferred":true},{"vernacularName":"k'orra","language":"pa","eol_preferred":true},{"vernacularName":"ghorra","language":"ur","eol_preferred":true},{"vernacularName":"isp","language":"ur"},{"vernacularName":"\u91ce\u9a6c","language":"zh-Hans","eol_preferred":true},{"vernacularName":"\u5854\u5e0c","language":"zh-Hans"},{"vernacularName":"\u592a\u5c14\u6f58","language":"zh-Hans"},{"vernacularName":"\u5947\u5404\u53f0","language":"zh-Hans"},{"vernacularName":"\u666e\u6c0f\u91ce\u9a6c","language":"zh-Hans"},{"vernacularName":"\u8499\u53e4\u91ce\u9a6c","language":"zh-Hans"},{"vernacularName":"\u8e0f\u563f","language":"zh-Hans"}],"image":{"objectId":"dd08d59879004f41c0c10bcb4b779717","identifier":"dd08d59879004f41c0c10bcb4b779717","title":"File:Chevaux estive Pyrenees.jpg","licence":"http:\/\/creativecommons.org\/licenses\/by-sa\/3.0\/","rights":null,"credits":"<a href='http:\/\/commons.wikimedia.org\/wiki\/User:Myrabella'>Photo: Myrabella<\/a>&copy; ","description":null,"mimeType":"jpg","fileName":"dd08d59879004f41c0c10bcb4b779717.jpg","URL":"http:\/\/media.eol.org\/content\/2012\/06\/12\/10\/88921_orig.jpg"},"iucnStatus":""},"48133121":{"collectionid":29653,"pageid":328532,"taxonConceptId":48133121,"taxonName":"Pseudorca crassidens","textDesc":{"objectId":"d91dfb093f78f6ab401c5cf592f2ebbf","identifier":"d91dfb093f78f6ab401c5cf592f2ebbf","title":"Description","licence":"http:\/\/creativecommons.org\/licenses\/by\/3.0\/","rights":null,"credits":"&copy; Smithsonian Institution","description":"For reasons unknown, the false killer whale is among the most common cetaceans involved in mass strandings. The <br\/>sheer size of these episodes is hard to absorb - 835 animals were beached in the largest documented case. They are <br\/>found in tropical and temperate waters worldwide, swimming with as many as ten other species of cetaceans. They <br\/>feed primarily on fish and squid and have been seen sharing food in the wild, an unusual occurrence in mammals. <br\/>In captivity, they have hybridized with bottlenose dolphins<I> <\/I>and given birth to viable offspring. The <br\/>false killer whale is the second largest of the dolphins, measuring 3.3 - 6 m in length and weighing up to 1,360 kg; <br\/>in the family Delphinidae, only killer whales are larger.<br><br>Links:<br><A href=\u0022http:\/\/www.bucknell.edu\/msw3\/\u0022 <br\/>target=_blank>Mammal Species of the World<\/A><br><A href=\u0022http:\/\/www.science.smith.edu\/departments\/Biology\/VHAYSSEN\/msi\/pdf\/i0076-3519-456-01-0001.pdf\u0022 <br\/>target=_blank>Click here for The American Society of Mammalogists species account<\/A> "},"flathierarchy":null,"preferredCommonNames":{"vernacularName":"False killer whale","language":"en","eol_preferred":true},"commonNames":[{"vernacularName":"\u0627\u0644\u062d\u0648\u062a \u0627\u0644\u0642\u0627\u062a\u0644 \u0627\u0644\u0635\u063a\u064a\u0631","language":"ar","eol_preferred":true},{"vernacularName":"kosatka \u010dern\u00e1","language":"cs","eol_preferred":true},{"vernacularName":"kosati\u010dka","language":"cs"},{"vernacularName":"kosatka mal\u00e1","language":"cs"},{"vernacularName":"coegleiddiad","language":"cy","eol_preferred":true},{"vernacularName":"Halvsp\u00e6khugger","language":"da","eol_preferred":true},{"vernacularName":"Unechter Schwertwal","language":"de","eol_preferred":true},{"vernacularName":"Dickzachniger butzkopf","language":"de"},{"vernacularName":"Kleiner M\u00f6rder","language":"de"},{"vernacularName":"Kleiner Schwertwal","language":"de"},{"vernacularName":"Schwarzer Schwertwal","language":"de"},{"vernacularName":"\u03a8\u03b5\u03c5\u03b4\u03cc\u03c1\u03ba\u03b1","language":"el","eol_preferred":true},{"vernacularName":"False killer whale","language":"en","eol_preferred":true},{"vernacularName":"Blackfish","language":"en"},{"vernacularName":"Bubble","language":"en"},{"vernacularName":"Fals killer whale","language":"en"},{"vernacularName":"blackfish (general term)","language":"en"},{"vernacularName":"curiously tailed dolphin","language":"en"},{"vernacularName":"Orca-falsa","language":"es","eol_preferred":true},{"vernacularName":"Falsa orca","language":"es"},{"vernacularName":"Orca negra","language":"es"},{"vernacularName":"orca bastarda","language":"es"},{"vernacularName":"orca falsa","language":"es"},{"vernacularName":"Pseudorque","language":"fr","eol_preferred":true},{"vernacularName":"Faux orque","language":"fr"},{"vernacularName":"Orque noire","language":"fr"},{"vernacularName":"faux-orque","language":"fr"},{"vernacularName":"\u05e2\u05d1\u05e9\u05df","language":"he","eol_preferred":true},{"vernacularName":"Pseudorca crassidens","language":"it","eol_preferred":true},{"vernacularName":"Pseudorca","language":"it"},{"vernacularName":"Okikondo","language":"ja","eol_preferred":true},{"vernacularName":"okigondo kujira","language":"ja"},{"vernacularName":"heuk-beom-gorae","language":"ko","eol_preferred":true},{"vernacularName":"Juodoji orka","language":"lt","eol_preferred":true},{"vernacularName":"halvspekkhogger","language":"nb","eol_preferred":true},{"vernacularName":"falsk spekkhogger","language":"nb"},{"vernacularName":"Kleine zwaardwalvis","language":"nl","eol_preferred":true},{"vernacularName":"Kleine zwarte zwaardvis","language":"nl"},{"vernacularName":"Zwarte schijnorka","language":"nl"},{"vernacularName":"Zwarte zwaardwalis","language":"nl"},{"vernacularName":"zwarte zwaardwalvis","language":"nl"},{"vernacularName":"halvspekkhoggar","language":"nn","eol_preferred":true},{"vernacularName":"falsk spekkhoggar","language":"nn"},{"vernacularName":"szablogrzbiet","language":"pl","eol_preferred":true},{"vernacularName":"Falsa orca","language":"pt","eol_preferred":true},{"vernacularName":"False orca","language":"pt"},{"vernacularName":"Chernaia kosatka","language":"ru","eol_preferred":true},{"vernacularName":"Chernaia kasatka","language":"ru"},{"vernacularName":"Malaia kasatka","language":"ru"},{"vernacularName":"Malaia kosatka","language":"ru"},{"vernacularName":"chornaya kasatka","language":"ru"},{"vernacularName":"malaya kasatka","language":"ru"},{"vernacularName":"\u041a\u043e\u0441\u0430\u0442\u043a\u0430 \u043c\u0430\u043b\u0430\u044f","language":"ru"},{"vernacularName":"\u0438\u043b\u0438 \u0447\u0435\u0440\u043d\u0430\u044f \u043a\u043e\u0441\u0430\u0442\u043a\u0430","language":"ru"},{"vernacularName":"\u043c\u0430\u043b\u0430\u044f","language":"ru"},{"vernacularName":"Komadwa","language":"si","eol_preferred":true},{"vernacularName":"Mala orka","language":"sl","eol_preferred":true},{"vernacularName":"halvsp\u00e4ckhuggare","language":"sv","eol_preferred":true},{"vernacularName":"yalanc\u0131 katil balina","language":"tr","eol_preferred":true},{"vernacularName":"\u041a\u043e\u0441\u0430\u0442\u043a\u0430 \u043c\u0430\u043b\u0430","language":"uk","eol_preferred":true},{"vernacularName":"\u043c\u0430\u043b\u0430 \u043a\u043e\u0441\u0430\u0442\u043a\u0430","language":"uk"},{"vernacularName":"\u4f2a\u864e\u9cb8","language":"zh-Hans","eol_preferred":true},{"vernacularName":"\u9ed1\u9b5a","language":"zh-Hans"},{"vernacularName":"\u9ed1\u9bc3(\u53f0\u6e7e)","language":"zh-Hans"}],"image":{"objectId":"970c7adb7ae6451eca8801f00729bac9","identifier":"970c7adb7ae6451eca8801f00729bac9","title":"Pseudorca crassidens, (Owen) Reinhardt. False Killer. 1883. False killer whale; Pseudorca crassidens.","licence":"http:\/\/creativecommons.org\/licenses\/publicdomain\/","rights":"No copyright permissions are needed. Acknowledgement of the Freshwater and Marine Image Bank as a source for borrowed images is requested.","credits":"&copy; ","description":null,"mimeType":"jpg","fileName":"970c7adb7ae6451eca8801f00729bac9.jpg","URL":"http:\/\/media.eol.org\/content\/2012\/06\/14\/17\/97674_orig.jpg"},"iucnStatus":""},"48135003":{"collectionid":29653,"pageid":344581,"taxonConceptId":48135003,"taxonName":"Camelus bactrianus","textDesc":{"objectId":"630ce4a9d0fbe641a7f496ac57156441","identifier":"630ce4a9d0fbe641a7f496ac57156441","title":"Geographic Range","licence":"http:\/\/creativecommons.org\/licenses\/by-nc-sa\/3.0\/","rights":"\u00a91995-2012, The Regents of the University of Michigan and its licensors","credits":"&copy; The Regents of the University of Michigan and its licensors","description":"<p><span class=\u0022taxon-name\u0022>Camelus bactrianus<\/span> occurs throughout Asia north of the Himalayan massif.<\/p><p>(Sanderson, <br\/>1961) <\/p><p><strong>Biogeographic Regions: <\/strong> palearctic  (Native )<\/p> "},"flathierarchy":null,"preferredCommonNames":{"vernacularName":"Bactrian Camel","language":"en","eol_preferred":true},"commonNames":[{"vernacularName":"camel","language":""},{"vernacularName":"domestic Bactrian camel","language":""},{"vernacularName":"Trampeltier","language":"de","eol_preferred":true},{"vernacularName":"Bactrian Camel","language":"en","eol_preferred":true},{"vernacularName":"Bactran Camel","language":"en"},{"vernacularName":"Wild bactrian camel","language":"en"},{"vernacularName":"two-humped camel","language":"en"},{"vernacularName":"Camelus bactrianus","language":"es","eol_preferred":true},{"vernacularName":"Camello bactriano","language":"es"},{"vernacularName":"Chameau de bactriane","language":"fr","eol_preferred":true},{"vernacularName":"Chameau domestique","language":"fr"},{"vernacularName":"Kameel","language":"nl","eol_preferred":true},{"vernacularName":"Wilde kameel","language":"nl"},{"vernacularName":"\u0431\u0430\u043a\u0442\u0440\u0438\u0430\u043d","language":"ru","eol_preferred":true},{"vernacularName":"\u0412\u0435\u0440\u0431\u043b\u044e\u0434 \u0434\u0432\u0443\u0433\u043e\u0440\u0431\u044b\u0439","language":"ru"},{"vernacularName":"\u53cc\u5cf0\u9a7c","language":"zh-Hans","eol_preferred":true},{"vernacularName":"\u91ce\u751f\u53cc\u5cf0\u9a7c","language":"zh-Hans"},{"vernacularName":"\u91ce\u9a7c","language":"zh-Hans"},{"vernacularName":"\u91ce\u9a86\u9a7c","language":"zh-Hans"}],"image":{"objectId":"e820f0c264e8c73b0d7dd4dcc023be86","identifier":"e820f0c264e8c73b0d7dd4dcc023be86","title":"e820f0c264e8c73b0d7dd4dcc023be86","licence":"http:\/\/creativecommons.org\/licenses\/by-nc\/3.0\/","rights":null,"credits":"<a href='http:\/\/www.biolib.cz\/en\/person\/id616\/'>V\u00e1clav Hanzl\u00edk<\/a>&copy; ","description":null,"mimeType":"jpg","fileName":"e820f0c264e8c73b0d7dd4dcc023be86.jpg","URL":"http:\/\/media.eol.org\/content\/2009\/07\/24\/11\/47800_orig.jpg"},"iucnStatus":""},"48135004":{"collectionid":29653,"pageid":309019,"taxonConceptId":48135004,"taxonName":"Camelus dromedarius","textDesc":{"objectId":"d9c9abb71e9b1742e2ee0b711630cf42","identifier":"d9c9abb71e9b1742e2ee0b711630cf42","title":"Physical Description","licence":"http:\/\/creativecommons.org\/licenses\/by-nc-sa\/3.0\/","rights":"\u00a91995-2012, The Regents of the University of Michigan and its licensors","credits":"&copy; The Regents of the University of Michigan and its licensors","description":"<p><span class=\u0022taxon-name\u0022>Dromedary camels<\/span> are characterized by a long-curved neck, deep-narrow <br\/>chest, and a single hump. The hump is composed of fat bound together by fibrous tissue, acting as food storage in <br\/>times of need.  The size of the hump varies with the nutritional status of the camel, becoming smaller and leaning <br\/>to one side during times of starvation. The lips of <span class=\u0022taxon-name\u0022>dromedary camels<\/span> are thickened <br\/>to allow consumption of coarse, thorny plants.  Dromedaries are typically caramel brown or sandy brown in color, <br\/>however, coloration can range from almost black to nearly white. Hair length is longer on the throat, shoulder, <br\/>and hump areas. The feet of dromedaries are pad-shaped and adapted for traveling on sand.  They can be easily injured <br\/>on sharp stones and are unsuitable for slippery or muddy conditions.  Male dromedaries, in comparison to females, <br\/>are about 10% heavier, weighing 400-600 kg, and are about 10 cm taller at shoulder height, measuring 1.8-2.0 m. <br\/>Additionally, male dromedaries have an inflatable soft palate which is used to attract females.  Dromedary camels <br\/>have a total of 34 teeth, with a dental formula of 1\/3; 1\/1; 3\/2; 3\/3. (Kohler-Rollefson 1991)<\/p><p><span class=\u0022taxon-name\u0022>Dromedary <br\/>camels<\/span> have remarkable adaptations for their desert lifestyle.  Their eyes are protected from blowing <br\/>sand and dust by a double row of eyelashes.  Additionally, at the onset of a sandstorm, these camels have the ability <br\/>to close their nostrils to prevent sand from entering (Phoenix Zoo 1995).&nbsp;<span class=\u0022taxon-name\u0022>Dromedary <br\/>camels<\/span> are able to conserve water in a variety of ways. Water is conserved by the camel's ability to fluctuate <br\/>its body temperature throughout the day from 34 degrees Celsius to 41.7 degrees Celsius.  This fluctuation in <br\/>body temperature allows the camel to conserve water by not sweating as the external temperature rises.  Groups <br\/>of camels also avoid excess heat from the environment by pressing against each other.  <span class=\u0022taxon-name\u0022>Dromedary <br\/>camels<\/span> can tolerate greater that 30% water loss, a condition which is lethal for most other mammals at <br\/>15%. Water is expended primarily from interstitial and intracellular bodily fluids.  Furthermore, <span class=\u0022taxon-name\u0022>dromedary <br\/>camels<\/span> can rehydrate quickly, being capable of drinking 100 L of water in just 10 minutes, a feat which <br\/>would be lethal to any other mammals. (Schmidt-Nielsen 1979, Schmidt-Nielsen et al 1956)<\/p><p><strong>Range <br\/>mass:<\/strong> 300 to 690 kg.<\/p><p><strong>Other Physical Features: <\/strong> endothermic ; heterothermic <br\/>; bilateral symmetry <\/p><p><strong>Sexual Dimorphism: <\/strong> male larger; sexes shaped differently<\/p><p><strong>Average <br\/>basal metabolic rate:<\/strong> 224.779 W.<\/p> "},"flathierarchy":null,"preferredCommonNames":{"vernacularName":"Dromedary","language":"en","eol_preferred":true},"commonNames":[{"vernacularName":"one-humped camel","language":"","eol_preferred":true},{"vernacularName":"camel","language":""},{"vernacularName":"dromedaries","language":""},{"vernacularName":"Dromedary","language":"en","eol_preferred":true},{"vernacularName":"Arabian Camel","language":"en"},{"vernacularName":"Dromedary Camel","language":"en"},{"vernacularName":"dromedaris","language":"nl","eol_preferred":true},{"vernacularName":"\u0412\u0435\u0440\u0431\u043b\u044e\u0434 \u043e\u0434\u043d\u043e\u0433\u043e\u0440\u0431\u044b\u0439","language":"ru","eol_preferred":true},{"vernacularName":"\u0434\u0440\u043e\u043c\u0435\u0434\u0430\u0440, \u0434\u0440\u043e\u043c\u0430\u0434\u0435\u0440","language":"ru"}],"image":{"objectId":"688531e23976b8a58e6966ff6cb9f35d","identifier":"688531e23976b8a58e6966ff6cb9f35d","title":"File:07. Camel Profile, near Silverton, NSW, 07.07.2007.jpg","licence":"http:\/\/creativecommons.org\/licenses\/by-sa\/3.0\/","rights":null,"credits":"<a href='http:\/\/commons.wikimedia.org\/wiki\/User:Jjron'>jjron<\/a>&copy; ","description":null,"mimeType":"jpg","fileName":"688531e23976b8a58e6966ff6cb9f35d.jpg","URL":"http:\/\/media.eol.org\/content\/2012\/06\/12\/23\/92553_orig.jpg"},"iucnStatus":""},"48134919":{"collectionid":29653,"pageid":308378,"taxonConceptId":48134919,"taxonName":"Giraffa camelopardalis","textDesc":{"objectId":"cc0fef3d081dd1a5fcd49a569984268f","identifier":"cc0fef3d081dd1a5fcd49a569984268f","title":"Description","licence":"http:\/\/creativecommons.org\/licenses\/by-nc-sa\/3.0\/","rights":"Copyright Wildscreen 2003-2008","credits":"&copy; Wildscreen","description":"Spectacularly tall, the giraffe has a very long neck with a short, upstanding mane, and high shoulders that slope <br\/>steeply to the hindquarters. The legs are also long. The giraffe's neck is made up of the same number of neck bones <br\/>(vertebrae) as most mammals, including humans, but they are much larger and linked by ball and socket joints for <br\/>improved flexibility (4). The specific name of the giraffe comes from the Latin 'camelopardalis', meaning 'camel <br\/>marked like a leopard', owing to their buff background with brown blotches, which helps to camouflage them in <br\/>the dappled light and shade patterns created by the trees they feed on (5).&nbsp;The various subspecies of giraffe <br\/>differ slightly in colouration and patterning. The reticulated giraffe of northeastern Kenya (<i>Giraffa <br\/>camelopardalis reticulata<\/i>) has large, chestnut-coloured patches outlined by thin white lines. Rothschild's <br\/>giraffe of western Kenya and eastern Uganda (<i>Giraffa camelopardalis rothschildi<\/i>) has broader dividing <br\/>white lines than the reticulated giraffe, and no spotting beneath the knees. The Masai giraffe of Tanzania and <br\/>southern Kenya (<i>Giraffa camelopardalis tippelskirchi<\/i>) has irregular star-shaped light to dark brown <br\/>spots. Giraffes have two horn-like structures about 13 cm long made of skin-covered bone; they are thin and tufted <br\/>in females and thick and bald on top in males, as a result of wearing during fights with other males (3). Males can <br\/>develop calcium depositions on their heads in addition to their horns as they age. These help to deliver heavier <br\/>blows during fights with other males (3). "},"flathierarchy":null,"preferredCommonNames":{"vernacularName":"Giraffe","language":"en","eol_preferred":true},"commonNames":[{"vernacularName":"Reticulated Giraffe","language":"","eol_preferred":true},{"vernacularName":"Rothschild Giraffe","language":""},{"vernacularName":"Giraffe","language":"en","eol_preferred":true}],"image":{"objectId":"e3da685d42cd8669baecedf7f0a06075","identifier":"e3da685d42cd8669baecedf7f0a06075","title":"File:South African Giraffes, fighting.jpg","licence":"http:\/\/creativecommons.org\/licenses\/by-sa\/3.0\/","rights":null,"credits":"<a href='http:\/\/commons.wikimedia.org\/wiki\/User:Dger'>D. Gordon E. Robertson<\/a>&copy; ","description":null,"mimeType":"jpg","fileName":"e3da685d42cd8669baecedf7f0a06075.jpg","URL":"http:\/\/media.eol.org\/content\/2012\/06\/12\/11\/73693_orig.jpg"},"iucnStatus":""},"48219551":{"collectionid":29653,"pageid":213726,"taxonConceptId":48219551,"taxonName":"Carcharodon carcharias","textDesc":{"objectId":"5e1882d822ec530069d6d29e28944369","identifier":"5e1882d822ec530069d6d29e28944369","title":"Biology","licence":"http:\/\/creativecommons.org\/licenses\/by-nc-sa\/3.0\/","rights":"Copyright Wildscreen 2003-2008","credits":"&copy; Wildscreen","description":"Despite its worldwide notoriety, very little is known about the natural ecology and behaviour of this predator. <br\/>These sharks are usually solitary or occur in pairs, although it is apparently a social animal that can also be <br\/>found in small aggregations of 10 or more, particularly around a carcass (3) (6). Females are ovoviviparous; <br\/>the pups hatch from eggs retained within their mother's body, and she then gives birth to live young (10). Great <br\/>white sharks are particularly slow-growing, late maturing and long-lived, with a small litter size and low reproductive <br\/>capacity (8). Females do not reproduce until they reach about 4.5 to 5 metres in length, and litter sizes range <br\/>from two to ten pups (8). The length of gestation is not known but estimated at between 12 and 18 months, and it is <br\/>likely that these sharks only reproduce every two or three years (8) (11). After birth, there is no maternal care, <br\/>and despite their large size, survival of young is thought to be low (8).&nbsp;Great whites are at the top of the <br\/>marine food chain, and these sharks are skilled predators. They feed predominately on fish but will also consume <br\/>turtles, molluscs, and crustaceans, and are active hunters of small cetaceans such as dolphins and porpoises, <br\/>and of other marine mammals such as seals and sea lions (12). Using their acute senses of smell, sound location <br\/>and electroreception, weak and injured prey can be detected from a great distance (7). Efficient swimmers, sharks <br\/>have a quick turn of speed and will attack rapidly before backing off whilst the prey becomes weakened; they are <br\/>sometimes seen leaping clear of the water (6). Great whites, unlike most other fish, are able to maintain their <br\/>body temperature higher than that of the surrounding water using a heat exchange system in their blood vessels <br\/>(11). "},"flathierarchy":null,"preferredCommonNames":{"vernacularName":"great white shark","language":"en","eol_preferred":true},"commonNames":[{"vernacularName":"K'wet'then\u00e9chte","language":"","eol_preferred":true},{"vernacularName":"Tibur\u00f3n","language":"","eol_preferred":true},{"vernacularName":"Tribon blancu","language":"","eol_preferred":true},{"vernacularName":"Skylopsaro sbrillios","language":""},{"vernacularName":"Skyl\u00f3psaro sbr\u00ccllios","language":""},{"vernacularName":"Sarda","language":"af","eol_preferred":true},{"vernacularName":"Witdoodshaai","language":"af"},{"vernacularName":"springhaai","language":"af"},{"vernacularName":"withaai","language":"af"},{"vernacularName":"Wahsh","language":"ar","eol_preferred":true},{"vernacularName":"Kalb","language":"ar"},{"vernacularName":"Kalb bahr","language":"ar"},{"vernacularName":"Taur\u00f3 blanc","language":"ca","eol_preferred":true},{"vernacularName":"\u566c\u4eba\u9ca8","language":"cnm","eol_preferred":true},{"vernacularName":"\u566c\u4eba\u9bca","language":"cnm"},{"vernacularName":"\u5927\u767d\u9bca","language":"cnm"},{"vernacularName":"\u5927\u767d\u9ca8","language":"cnm"},{"vernacularName":"\u98df\u4eba\u9bab","language":"cnm"},{"vernacularName":"\u98df\u4eba\u9c9b","language":"cnm"},{"vernacularName":"\u008eralok b\u00edl\u00fd velik\u00fd","language":"cs","eol_preferred":true},{"vernacularName":"\u017dralok b\u00edl\u00fd velik\u00fd","language":"cs"},{"vernacularName":"Stor hvid haj","language":"da","eol_preferred":true},{"vernacularName":"Bl\u00e5 haj","language":"da"},{"vernacularName":"Hvid Haj","language":"da"},{"vernacularName":"Menneskehaj","language":"da"},{"vernacularName":"Store hvide haj","language":"da"},{"vernacularName":"Weisshai","language":"de","eol_preferred":true},{"vernacularName":"Menschen fresser","language":"de"},{"vernacularName":"Menschenhai","language":"de"},{"vernacularName":"Merviel fras","language":"de"},{"vernacularName":"Wei\u00dfer Hai","language":"de"},{"vernacularName":"Wei\u00dfhai","language":"de"},{"vernacularName":"Karcharias","language":"el","eol_preferred":true},{"vernacularName":"Sbrillias","language":"el"},{"vernacularName":"Skyl\u00f3psaro sbr\u00edllios","language":"el"},{"vernacularName":"Smprilios","language":"el"},{"vernacularName":"\u039a\u03b1\u03c1\u03c7\u03b1\u03c1\u03af\u03b1\u03c2","language":"el"},{"vernacularName":"\u039b\u03ac\u03bc\u03b9\u03b1","language":"el"},{"vernacularName":"\u039b\u03b5\u03c5\u03ba\u03cc\u03c2 \u03ba\u03b1\u03c1\u03c7\u03b1\u03c1\u03af\u03b1\u03c2","language":"el"},{"vernacularName":"\u03a3\u03ba\u03c5\u03bb\u03cc\u03c8\u03b1\u03c1\u03bf","language":"el"},{"vernacularName":"\u03a3\u03bc\u03c0\u03c1\u03af\u03bb\u03b9\u03bf\u03c2","language":"el"},{"vernacularName":"great white shark","language":"en","eol_preferred":true},{"vernacularName":"Blue pointer","language":"en"},{"vernacularName":"Bruce","language":"en"},{"vernacularName":"Cowshark","language":"en"},{"vernacularName":"Man eater","language":"en"},{"vernacularName":"Man-eater","language":"en"},{"vernacularName":"Man-eater shark","language":"en"},{"vernacularName":"Maneater","language":"en"},{"vernacularName":"Maneater shark","language":"en"},{"vernacularName":"Mango-taniwha","language":"en"},{"vernacularName":"Mango-ururoa","language":"en"},{"vernacularName":"Shark","language":"en"},{"vernacularName":"Tommy","language":"en"},{"vernacularName":"White death","language":"en"},{"vernacularName":"White pointer","language":"en"},{"vernacularName":"White shark","language":"en"},{"vernacularName":"anchovy-eater","language":"en"},{"vernacularName":"death shark","language":"en"},{"vernacularName":"demon shark","language":"en"},{"vernacularName":"great white death","language":"en"},{"vernacularName":"jumping shark","language":"en"},{"vernacularName":"mudshark","language":"en"},{"vernacularName":"tuna shark","language":"en"},{"vernacularName":"uptail","language":"en"},{"vernacularName":"white death shark","language":"en"},{"vernacularName":"Taur\u00f3 blanc","language":"es","eol_preferred":true},{"vernacularName":"Africano","language":"es"},{"vernacularName":"Devorador de hombres","language":"es"},{"vernacularName":"Jaquent\u00f3n blanco","language":"es"},{"vernacularName":"Jaqueton blanco","language":"es"},{"vernacularName":"Jaquet\u00f3n blanco","language":"es"},{"vernacularName":"Jaquet\u00f3n de ley","language":"es"},{"vernacularName":"Marraco","language":"es"},{"vernacularName":"Marrajo","language":"es"},{"vernacularName":"Salroig","language":"es"},{"vernacularName":"Sarda","language":"es"},{"vernacularName":"Tiburo","language":"es"},{"vernacularName":"Tibur\u00f3n antrop\u00f3fago","language":"es"},{"vernacularName":"Tibur\u00f3n blanco","language":"es"},{"vernacularName":"ca mari","language":"es"},{"vernacularName":"jaquet\u00f3n","language":"es"},{"vernacularName":"salproig","language":"es"},{"vernacularName":"salproix","language":"es"},{"vernacularName":"taburo","language":"es"},{"vernacularName":"Valkohai","language":"fi","eol_preferred":true},{"vernacularName":"Requin blanc","language":"fr","eol_preferred":true},{"vernacularName":"Carcharodonte","language":"fr"},{"vernacularName":"Grand requin blanc","language":"fr"},{"vernacularName":"Mangeur d&#39;hommes","language":"fr"},{"vernacularName":"Mangeur d'hommes","language":"fr"},{"vernacularName":"Requin","language":"fr"},{"vernacularName":"Requin mangeur d'homme","language":"fr"},{"vernacularName":"\u05e7\u05e8\u05d7\u05d4 \u05dc\u05d1\u05e0\u05d4","language":"he","eol_preferred":true},{"vernacularName":"Karish lava","language":"he"},{"vernacularName":"Pas ljudo\u009eder","language":"hr","eol_preferred":true},{"vernacularName":"Pas ljudo\u017eder","language":"hr"},{"vernacularName":"Nagy feh\u00e9rc\u00e1pa","language":"hu","eol_preferred":true},{"vernacularName":"Niuhi","language":"hw","eol_preferred":true},{"vernacularName":"Carcharodon carcharias","language":"it","eol_preferred":true},{"vernacularName":"Cagnia","language":"it"},{"vernacularName":"Can grossu","language":"it"},{"vernacularName":"Canesca","language":"it"},{"vernacularName":"Caniscu","language":"it"},{"vernacularName":"Canusu","language":"it"},{"vernacularName":"Damiano","language":"it"},{"vernacularName":"Lamia","language":"it"},{"vernacularName":"Mangia alici","language":"it"},{"vernacularName":"Manzo de mar","language":"it"},{"vernacularName":"Pesce cane","language":"it"},{"vernacularName":"Pesce hane","language":"it"},{"vernacularName":"Pescecane","language":"it"},{"vernacularName":"Pesci can","language":"it"},{"vernacularName":"Pesse can","language":"it"},{"vernacularName":"Pisci bistinu","language":"it"},{"vernacularName":"Pisci cani","language":"it"},{"vernacularName":"Squalo bianco","language":"it"},{"vernacularName":"Tunnu palamitu di funnu","language":"it"},{"vernacularName":"cagnesca grande","language":"it"},{"vernacularName":"carcarodonte","language":"it"},{"vernacularName":"carcarodonte di rondelet","language":"it"},{"vernacularName":"carcarodonte lamia","language":"it"},{"vernacularName":"imbestinu","language":"it"},{"vernacularName":"mangia alice","language":"it"},{"vernacularName":"mastinu feru","language":"it"},{"vernacularName":"pesca can","language":"it"},{"vernacularName":"pesce can grande","language":"it"},{"vernacularName":"pesciu can","language":"it"},{"vernacularName":"pici bistinu","language":"it"},{"vernacularName":"pisci mastinu","language":"it"},{"vernacularName":"\u30db\u30db\u30b8\u30ed\u30b6\u30e1","language":"ja","eol_preferred":true},{"vernacularName":"Hohojirozame","language":"ja"},{"vernacularName":"hitokiuzame","language":"ja"},{"vernacularName":"oshirozame","language":"ja"},{"vernacularName":"\ubc31\uc0c1\uc544\ub9ac","language":"ko","eol_preferred":true},{"vernacularName":"baltasis ryklys","language":"lt","eol_preferred":true},{"vernacularName":"Masiake","language":"mg","eol_preferred":true},{"vernacularName":"Farao","language":"mg"},{"vernacularName":"hare hongi","language":"mi","eol_preferred":true},{"vernacularName":"mango-tuatini","language":"mi"},{"vernacularName":"taniwha","language":"mi"},{"vernacularName":"Huta tax-Xmara","language":"mt","eol_preferred":true},{"vernacularName":"Kelb Abjad","language":"mt"},{"vernacularName":"Kelb il - bahar Abjad","language":"mt"},{"vernacularName":"Kelb il-bahar","language":"mt"},{"vernacularName":"Silfjun","language":"mt"},{"vernacularName":"gab doll","language":"mt"},{"vernacularName":"kelb-il-bahar abjad","language":"mt"},{"vernacularName":"Witte haai","language":"nl","eol_preferred":true},{"vernacularName":"Mensen haai","language":"nl"},{"vernacularName":"Mensenhaai","language":"nl"},{"vernacularName":"Wittehaai","language":"nl"},{"vernacularName":"Hvithai","language":"no","eol_preferred":true},{"vernacularName":"haa skieding","language":"no"},{"vernacularName":"\u017car\u0142acz bia\u0142y","language":"pl","eol_preferred":true},{"vernacularName":"Zarlacz ludojad","language":"pl"},{"vernacularName":"tubar\u00e2o branco","language":"pt","eol_preferred":true},{"vernacularName":"Alequim","language":"pt"},{"vernacularName":"Anequim","language":"pt"},{"vernacularName":"Anequin","language":"pt"},{"vernacularName":"Ca\u00e7\u00e3o-anequim","language":"pt"},{"vernacularName":"Ca\u00e7\u00e3o-anequin","language":"pt"},{"vernacularName":"Iperu","language":"pt"},{"vernacularName":"Tubar\u00e3o branco","language":"pt"},{"vernacularName":"Tubar\u00e3o de S\u00e3o Tome","language":"pt"},{"vernacularName":"Tubar\u00e3o de S\u00e3o Tom\u00e9","language":"pt"},{"vernacularName":"Tubar\u00e3o-anequim","language":"pt"},{"vernacularName":"Tubar\u00e3o-branco","language":"pt"},{"vernacularName":"Tubar\u00e3o-come-homens","language":"pt"},{"vernacularName":"Tubar\u00e3o-de-S\u00e3o-Tom\u00e9","language":"pt"},{"vernacularName":"tabarao","language":"pt"},{"vernacularName":"tubarao de sao tom\u00e9","language":"pt"},{"vernacularName":"tubar\u00e3o","language":"pt"},{"vernacularName":"Rechin alb","language":"ro","eol_preferred":true},{"vernacularName":"Rechin mancator de oameni","language":"ro"},{"vernacularName":"\u0411\u043e\u043b\u044c\u0448\u0430\u044f \u0431\u0435\u043b\u0430\u044f \u0430\u043a\u0443\u043b\u0430","language":"ru","eol_preferred":true},{"vernacularName":"Geldevaja akula","language":"ru"},{"vernacularName":"\u043a\u0430\u0440\u0445\u0430\u0440\u043e\u0434\u043e\u043d \u043c\u0435\u0433\u0430\u043b\u043e\u0434\u043e\u043d","language":"ru"},{"vernacularName":"\u043c\u0435\u0433\u0430\u043b\u043e\u0434\u043e\u043d","language":"ru"},{"vernacularName":"veliki beli morski pes","language":"sl","eol_preferred":true},{"vernacularName":"tanifa","language":"sm","eol_preferred":true},{"vernacularName":"peshkaqen njeringr\u00ebn\u00ebs","language":"sq","eol_preferred":true},{"vernacularName":"Peshkagen njeringrenes","language":"sq"},{"vernacularName":"Peshkaqen njeringrenes","language":"sq"},{"vernacularName":"velika bela ajkula","language":"sr","eol_preferred":true},{"vernacularName":"Pas liudo\u009eder","language":"sr"},{"vernacularName":"Pas liudo\u017eder","language":"sr"},{"vernacularName":"Pas modrulj","language":"sr"},{"vernacularName":"bela ajkula","language":"sr"},{"vernacularName":"Vithaj","language":"sv","eol_preferred":true},{"vernacularName":"Stor vit haj","language":"sv"},{"vernacularName":"Pating","language":"tl","eol_preferred":true},{"vernacularName":"b\u00fcy\u00fck beyaz k\u00f6pekbal\u0131\u011f\u0131","language":"tr","eol_preferred":true},{"vernacularName":"Buyuk beyaz kopekbaligi","language":"tr"},{"vernacularName":"Canavar baligi","language":"tr"},{"vernacularName":"Canavar bal\u0131\u011f\u0131","language":"tr"},{"vernacularName":"Harharias baligi","language":"tr"},{"vernacularName":"Harharias bal\u0131\u011f\u0131","language":"tr"},{"vernacularName":"Karkarias","language":"tr"},{"vernacularName":"Karkarias baligi","language":"tr"},{"vernacularName":"Karkarias bal\u0131\u011f\u0131","language":"tr"},{"vernacularName":"\u0410\u043a\u0443\u043b\u0430 \u0432\u0435\u043b\u0438\u043a\u0430 \u0431\u0456\u043b\u0430","language":"uk","eol_preferred":true},{"vernacularName":"\u0411\u0456\u043b\u0430 \u0430\u043a\u0443\u043b\u0430","language":"uk"},{"vernacularName":"\u0412\u0435\u043b\u0438\u043a\u0430 \u0431\u0456\u043b\u0430 \u0430\u043a\u0443\u043b\u0430","language":"uk"},{"vernacularName":"C\u00e1 M\u1eadp tr\u1eafng","language":"vi","eol_preferred":true},{"vernacularName":"C\u00e1 M?p tr?ng","language":"vi"}],"image":{"objectId":"b15ee93659294ab1ccd6afe13e40b859","identifier":"b15ee93659294ab1ccd6afe13e40b859","title":"File:Carcharodon carcharias.jpg","licence":"http:\/\/creativecommons.org\/licenses\/publicdomain\/","rights":null,"credits":"<a href='http:\/\/commons.wikimedia.org\/wiki\/User:Sharkdiver.com'>Sharkdiver.com<\/a>&copy; ","description":null,"mimeType":"jpg","fileName":"b15ee93659294ab1ccd6afe13e40b859.jpg","URL":"http:\/\/media.eol.org\/content\/2012\/06\/13\/06\/48845_orig.jpg"},"iucnStatus":""},"48133399":{"collectionid":29653,"pageid":328070,"taxonConceptId":48133399,"taxonName":"Ailuropoda melanoleuca","textDesc":{"objectId":"157fdde1ccca4e70aa48c89bcebc24e9","identifier":"157fdde1ccca4e70aa48c89bcebc24e9","title":"Biology","licence":"http:\/\/creativecommons.org\/licenses\/by-nc-sa\/3.0\/","rights":"Copyright Wildscreen 2003-2008","credits":"&copy; Wildscreen","description":"Adults of this solitary species have well-defined home ranges and rarely meet, except in the mating season that <br\/>runs from March to May (5). During this time, pandas signal their presence by marking trees and banks with scent <br\/>secreted from glands located beneath the tail (6). They will also strip bark and occasionally males will dust <br\/>bathe; dust particles become covered with the pandas' scent and then waft into the air (6). Males also call during <br\/>this time, and these can be heard echoing through the mountains (7). Females give birth to a single cub that is born <br\/>in an extremely immature stage of development; weighing only a tiny fraction (0.001%) of their mother's weight <br\/>(5). The female cares for her cub in a den located in the base of a hollow tree or in a cave for the first few months of <br\/>its life (4) (8). Young pandas remain dependent on their mother for a year, by which time they are weaned, but usually <br\/>remain with their mothers until they are two years of age and sometimes longer (4) (8). During this time, females <br\/>may leave their cubs to forage for days at a time and in the past these supposedly 'abandoned' cubs were taken into <br\/>captivity (4).&nbsp;Pandas are unusual amongst the larger mammals for the extreme specialisation of their <br\/>diet, which depends almost entirely on bamboo. Bamboo is a relatively abundant food source but has poor nutritional <br\/>value; adults must spend around 14 hours a day feeding (4), and need to consume between 10 and 20 kg over 24 hours <br\/>(8). They therefore alternate periods of feeding and resting throughout the day and night (7). Bamboo is evergreen <br\/>and in winter pandas concentrate on leaves and stems, descending to lower altitudes in search of new shoots in <br\/>spring (6). Despite their specialisation on bamboo, pandas will readily scavenge on meat should they come across <br\/>it (7). "},"flathierarchy":null,"preferredCommonNames":{"vernacularName":"Giant Panda","language":"en","eol_preferred":true},"commonNames":[{"vernacularName":"Gro\u00dfer Panda","language":"de","eol_preferred":true},{"vernacularName":"Giant Panda","language":"en","eol_preferred":true},{"vernacularName":"Bamboo bear","language":"en"},{"vernacularName":"Great Panda","language":"en"},{"vernacularName":"Panda gigante","language":"es","eol_preferred":true},{"vernacularName":"Panda g\u00e9ant","language":"fr","eol_preferred":true},{"vernacularName":"Panda","language":"fr"},{"vernacularName":"Reuzenpanda","language":"nl","eol_preferred":true},{"vernacularName":"\u0411\u043e\u043b\u044c\u0448\u0430\u044f \u043f\u0430\u043d\u0434\u0430","language":"ru","eol_preferred":true},{"vernacularName":"\u041f\u0430\u043d\u0434\u0430 \u0431\u043e\u043b\u044c\u0448\u0430\u044f","language":"ru"},{"vernacularName":"Beishung","language":"zh","eol_preferred":true},{"vernacularName":"Da-xiong-mao","language":"zh"},{"vernacularName":"Hong-chun-bao","language":"zh"},{"vernacularName":"\u5927\u718a\u732b","language":"zh-Hans","eol_preferred":true},{"vernacularName":"\u201c\u5ce8\u66f2\u201d\uff08\u5f5d\uff09","language":"zh-Hans"},{"vernacularName":"\u201c\u675c\u6d1e\u201d\uff08\u85cf\uff09","language":"zh-Hans"},{"vernacularName":"\u5927\u732b\u718a","language":"zh-Hans"},{"vernacularName":"\u767d\u718a","language":"zh-Hans"},{"vernacularName":"\u7af9\u718a","language":"zh-Hans"},{"vernacularName":"\u82b1\u718a","language":"zh-Hans"},{"vernacularName":"\u8c98(\u201c\u672c\u8349\u7eb2\u76ee\u201d)","language":"zh-Hans"}],"image":{"objectId":"f6bd1dae5ebc2a671978f3ded8c26ab2","identifier":"f6bd1dae5ebc2a671978f3ded8c26ab2","title":"Giant Panda","licence":"http:\/\/creativecommons.org\/licenses\/by-nc-sa\/2.0\/","rights":null,"credits":"<a href='http:\/\/www.flickr.com\/photos\/51045845@N08'>Smithsonian Wild<\/a>&copy; ","description":null,"mimeType":"jpg","fileName":"f6bd1dae5ebc2a671978f3ded8c26ab2.jpg","URL":"http:\/\/media.eol.org\/content\/2012\/02\/27\/00\/74008_orig.jpg"},"iucnStatus":""},"48133099":{"collectionid":29653,"pageid":129548,"taxonConceptId":48133099,"taxonName":"Tursiops truncatus","textDesc":{"objectId":"b7ad3d841c78b288deaec1dd8e529ff3","identifier":"b7ad3d841c78b288deaec1dd8e529ff3","title":"Description","licence":"http:\/\/creativecommons.org\/licenses\/by\/3.0\/","rights":null,"credits":"&copy; Smithsonian Institution","description":"Bottlenose dolphins have widely spaced eyes, relatively long flippers, a rounded forehead (called a melon), <br\/>a relatively short, broad snout, and a mouth that seems permanently twisted into a grin. Inside the mouth are as <br\/>many as 100 teeth. Highly social, bottlenose dolphins often swim in groups of several hundred individuals, and <br\/>are famous for racing alongside watercraft. Some stay in coastal waters and others swim offshore. In the Atlantic, <br\/>the coastal dolphins feed mostly on sea trout, croakers, and spot. The offshore population follows the Gulf Stream <br\/>and feeds on deep-water fish and squid. Three different populations have been identified in the North Pacific: <br\/>a temperate-water group, a tropical-water group, and a coastal group.<br><br>Adaptation: Imagine the structural <br\/>and functional changes involved in transforming the right forelimb of a general mammalian type, such this Hedgehog, <br\/><I>Erinaceus europaeus<\/I>, into that of a cetaceans flipper, such as we find in the Bottle-nosed dolphin, <EM>Tursiops <br\/>truncatus<\/EM>.<br><br>Links:<br><A href=\u0022http:\/\/www.bucknell.edu\/msw3\/\u0022 target=_blank>Mammal Species <br\/>of the World<\/A><br> "},"flathierarchy":null,"preferredCommonNames":{"vernacularName":"Bottlenose dolphin","language":"en","eol_preferred":true},"commonNames":[{"vernacularName":"Atlantic bottle-nosed dolphin","language":"","eol_preferred":true},{"vernacularName":"stumpneusdolfyn","language":"af","eol_preferred":true},{"vernacularName":"\u0627\u0644\u062f\u0648\u0644\u0641\u064a\u0646 \u0639\u0646\u0642 \u0627\u0644\u0632\u062c\u0627\u062c\u0629","language":"ar","eol_preferred":true},{"vernacularName":"delfin kabir","language":"ar"},{"vernacularName":"\u0410\u0444\u0430\u043b\u0430","language":"bg","eol_preferred":true},{"vernacularName":"af\u0430l\u0430","language":"bg"},{"vernacularName":"delf\u00edn sk\u00e1kav\u00fd","language":"cs","eol_preferred":true},{"vernacularName":"dolffin trwyn potel","language":"cy","eol_preferred":true},{"vernacularName":"\u00d8resvin","language":"da","eol_preferred":true},{"vernacularName":"T\u00fcmmler","language":"de","eol_preferred":true},{"vernacularName":"Grosser T\u00fcmmleer","language":"de"},{"vernacularName":"Gro\u00dfer T\u00fcmmler","language":"de"},{"vernacularName":"Gro\u00dft\u00fcmmler","language":"de"},{"vernacularName":"Hochc\u00f6plige T\u00fcmmler","language":"de"},{"vernacularName":"Oresvin Tant\u00f6je","language":"de"},{"vernacularName":"grosser T\u00fcmmler","language":"de"},{"vernacularName":"hochc\u00f6pliger T\u00fcmmler","language":"de"},{"vernacularName":"rinod\u00e9lfino","language":"el","eol_preferred":true},{"vernacularName":"\u03a1\u03b9\u03bd\u03bf\u03b4\u03ad\u03bb\u03c6\u03b9\u03bd\u03bf","language":"el"},{"vernacularName":"Bottlenose dolphin","language":"en","eol_preferred":true},{"vernacularName":"Atlantic bottlenose dolphin","language":"en"},{"vernacularName":"Bottle-nose dolphin","language":"en"},{"vernacularName":"Common bottlenose dolphin","language":"en"},{"vernacularName":"Cowfish","language":"en"},{"vernacularName":"Fiordland bottlenose dolphin","language":"en"},{"vernacularName":"Indian Ocean bottlenose dolphin","language":"en"},{"vernacularName":"Pacific bottlenose dolphin","language":"en"},{"vernacularName":"Porpoise","language":"en"},{"vernacularName":"black porpoise","language":"en"},{"vernacularName":"bottle-nosed dolphin","language":"en"},{"vernacularName":"bottlenosed dolphin","language":"en"},{"vernacularName":"Tursi\u00f3n","language":"es","eol_preferred":true},{"vernacularName":"Delf\u00edn negro","language":"es"},{"vernacularName":"Delf\u00edn tonina","language":"es"},{"vernacularName":"Mular","language":"es"},{"vernacularName":"Pez mular","language":"es"},{"vernacularName":"Tonina","language":"es"},{"vernacularName":"delf\u00edn mular","language":"es"},{"vernacularName":"delf\u00edn nariz de botella","language":"es"},{"vernacularName":"Dauphin nesarnak","language":"fr","eol_preferred":true},{"vernacularName":"Dauphin souffleur","language":"fr"},{"vernacularName":"Grand dauphin","language":"fr"},{"vernacularName":"Grand souffler","language":"fr"},{"vernacularName":"Oudre","language":"fr"},{"vernacularName":"Souffleur","language":"fr"},{"vernacularName":"Tursion","language":"fr"},{"vernacularName":"Tursiops","language":"fr"},{"vernacularName":"dauphin \u00e0 gros nez","language":"fr"},{"vernacularName":"gran dauphin","language":"fr"},{"vernacularName":"grand souffleur","language":"fr"},{"vernacularName":"\u05d3\u05d5\u05dc\u05e4\u05d9\u05e0\u05df \u05d9\u05dd-\u05d4\u05ea\u05d9\u05db\u05d5\u05df","language":"he","eol_preferred":true},{"vernacularName":"dolphinan yam hatichon","language":"he"},{"vernacularName":"Dobri dupin","language":"hr","eol_preferred":true},{"vernacularName":"Tursio","language":"it","eol_preferred":true},{"vernacularName":"Delfino maggiore","language":"it"},{"vernacularName":"Tursione","language":"it"},{"vernacularName":"Tursiope","language":"it"},{"vernacularName":"delfino soffiatore","language":"it"},{"vernacularName":"tursiope troncato","language":"it"},{"vernacularName":"Hando iruka","language":"ja","eol_preferred":true},{"vernacularName":"handa iruka","language":"ja"},{"vernacularName":"Nezarnak","language":"kl","eol_preferred":true},{"vernacularName":"keun-dolgorae","language":"ko","eol_preferred":true},{"vernacularName":"Afalina","language":"lt","eol_preferred":true},{"vernacularName":"Lielaa-iuras-tsuuka","language":"lv","eol_preferred":true},{"vernacularName":"delfin geddumu qasir","language":"mt","eol_preferred":true},{"vernacularName":"Tumler","language":"nb","eol_preferred":true},{"vernacularName":"Tuimelaar","language":"nl","eol_preferred":true},{"vernacularName":"tumlar","language":"nn","eol_preferred":true},{"vernacularName":"Tumler","language":"no","eol_preferred":true},{"vernacularName":"Tandth\u00f6ije","language":"no"},{"vernacularName":"butlonos zwyczajny","language":"pl","eol_preferred":true},{"vernacularName":"boto","language":"pt","eol_preferred":true},{"vernacularName":"Bouto","language":"pt"},{"vernacularName":"Peixe-boto","language":"pt"},{"vernacularName":"Roaz corvineiro","language":"pt"},{"vernacularName":"Toninha","language":"pt"},{"vernacularName":"d\u00e9lfin mular","language":"pt"},{"vernacularName":"d\u00e9lfin-mular","language":"pt"},{"vernacularName":"golfinho fl\u00edper","language":"pt"},{"vernacularName":"golfinho-fl\u00edper","language":"pt"},{"vernacularName":"golfinho-nariz-de-garrafa","language":"pt"},{"vernacularName":"roaz","language":"pt"},{"vernacularName":"Afalina","language":"ru","eol_preferred":true},{"vernacularName":"Bolshoi delfin","language":"ru"},{"vernacularName":"Chernvi delfin","language":"ru"},{"vernacularName":"Ofalina","language":"ru"},{"vernacularName":"afalina (in Black Sea)","language":"ru"},{"vernacularName":"chernyi delfin","language":"ru"},{"vernacularName":"Velika pliskovka","language":"sl","eol_preferred":true},{"vernacularName":"\u00d6resvin","language":"sv","eol_preferred":true},{"vernacularName":"Oresvin","language":"sv"},{"vernacularName":"Afale","language":"tr","eol_preferred":true},{"vernacularName":"Afalina","language":"tr"},{"vernacularName":"\u0410\u0444\u0430\u043b\u0456\u043d\u0430 \u0447\u043e\u0440\u043d\u043e\u043c\u043e\u0440\u0441\u044c\u043a\u0430","language":"uk","eol_preferred":true},{"vernacularName":"\u0410\u0444\u0430\u043b\u0456\u043d\u0430","language":"uk"},{"vernacularName":"\u5bbd\u543b\u6d77\u8c5a","language":"zh-Hans","eol_preferred":true}],"image":{"objectId":"0217fd9ee8dbe111730dff0d26f379a1","identifier":"0217fd9ee8dbe111730dff0d26f379a1","title":"Tursiops truncatus (Common Bottlenose Dolphin \/ Tuimelaar)","licence":"http:\/\/creativecommons.org\/licenses\/by-nc-sa\/2.0\/","rights":null,"credits":"<a href='http:\/\/www.flickr.com\/photos\/21933510@N07'>Bas Kers<\/a>&copy; ","description":null,"mimeType":"jpg","fileName":"0217fd9ee8dbe111730dff0d26f379a1.jpg","URL":"http:\/\/media.eol.org\/content\/2012\/09\/05\/00\/13644_orig.jpg"},"iucnStatus":""},"48149195":{"collectionid":29653,"pageid":796029,"taxonConceptId":48149195,"taxonName":"Alligator mississippiensis","textDesc":"","flathierarchy":null,"preferredCommonNames":{"vernacularName":"Alligator, Gator, American alligator, Florida alligator, Mississippi alligator, Louisiana alligator.","language":"en","eol_preferred":true},"commonNames":[{"vernacularName":"Mississippi-Alligator","language":"de","eol_preferred":true},{"vernacularName":"Alligator, Gator, American alligator, Florida alligator, Mississippi alligator, Louisiana alligator.","language":"en","eol_preferred":true},{"vernacularName":"American alligator","language":"en"},{"vernacularName":"Florida alligator","language":"en"},{"vernacularName":"Louisiana alligator","language":"en"},{"vernacularName":"Mississippi alligator","language":"en"},{"vernacularName":"alligator","language":"en"},{"vernacularName":"gator","language":"en"},{"vernacularName":"Alligator mississippiensis","language":"es","eol_preferred":true},{"vernacularName":"Aligator americano","language":"es"},{"vernacularName":"\u0410\u043b\u043b\u0438\u0433\u0430\u0442\u043e\u0440 \u0449\u0443\u0447\u0438\u0439","language":"ru","eol_preferred":true}],"image":{"objectId":"7054b916530df84cd9fc3a7a0a7a6ad2","identifier":"7054b916530df84cd9fc3a7a0a7a6ad2","title":"American Alligator (Alligator mississippiensis)","licence":"http:\/\/creativecommons.org\/licenses\/by-nc-sa\/2.0\/","rights":null,"credits":"<a href='http:\/\/www.flickr.com\/photos\/38514062@N03'>Mary Keim<\/a>&copy; ","description":null,"mimeType":"jpg","fileName":"7054b916530df84cd9fc3a7a0a7a6ad2.jpg","URL":"http:\/\/media.eol.org\/content\/2012\/07\/12\/02\/81065_orig.jpg"},"iucnStatus":""},"48134105":{"collectionid":29653,"pageid":311569,"taxonConceptId":48134105,"taxonName":"Crocuta crocuta (Erxleben, 1777)","textDesc":{"objectId":"d613a366a9a111af35d46f634abf6830","identifier":"d613a366a9a111af35d46f634abf6830","title":"Biology","licence":"http:\/\/creativecommons.org\/licenses\/by-nc-sa\/3.0\/","rights":"Copyright Wildscreen 2003-2008","credits":"&copy; Wildscreen","description":"The spotted hyena is well-known for being a scavenger, but it is also an adept hunter, capable of bringing down <br\/>a wildebeest (3).  Spotted hyenas live in clans and frequently hunt in groups, as cooperation can improve their <br\/>hunting success.  However, this often depends on prey availability; in the Ngorongoro Crate, large groups are <br\/>required to kill a zebra, whilst in the southern Kalahari, gemsbok calves are the primary prey, for which a single <br\/>hyena will suffice (2).  Even when moving alone, spotted hyenas keep in touch with other members of their clan with <br\/>whoops, yells and a manic cackle, which gave rise to their name 'laughing hyena' (2).  Spotted hyenas eat with incredible <br\/>speed, consuming everything except horns; a group of hyenas was observed demolishing an adult zebra in just 15 <br\/>minutes (4).&nbsp;Each hyena clan occupies a territory and defends it against neighbouring clans.  Female spotted <br\/>hyenas, which are more aggressive than males (5), are the dominant sex. The clan is structured by a strict hierarchy <br\/>where the highest ranking male is subordinate to the lowest ranking female (2) (4).  The alpha female is the best <br\/>fed in the clan (3).  When around two and a half years of age, males leave the clan they were born in and work their way <br\/>into a new clan, whereas females usually remain with the same clan for life (2) (4).&nbsp;Mature females usually <br\/>give birth to one or two cubs a year, after a gestation period of 110 days (6).  Males play no parental role to the cubs <br\/>(3), which are born in dens with a set of teeth and their eyes already open.  Within minutes of birth they can engage <br\/>in aggressive interactions, which quickly lead to the establishment of a dominance hierarchy, with the dominant <br\/>cub getting to control access to the mother's milk (2).  Sometimes this aggression can lead to the death of the weaker <br\/>cub (4) (7).  The cubs are fed meat at nine months, leave the den at 9 to 12 months, but are not weaned until they are <br\/>12 to 16 months (8). "},"flathierarchy":null,"preferredCommonNames":{"vernacularName":"Spotted (or Laughing) Hyaena","language":"en","eol_preferred":true},"commonNames":[{"vernacularName":"Spotted (or Laughing) Hyaena","language":"en","eol_preferred":true},{"vernacularName":"Spotted Hyena","language":"en"},{"vernacularName":"Spotted hyaena","language":"en"},{"vernacularName":"Hy\u00e8ne tachet\u00e9e","language":"fr","eol_preferred":true},{"vernacularName":"Gevlekte hyena","language":"nl","eol_preferred":true},{"vernacularName":"\u0413\u0438\u0435\u043d\u0430 \u043f\u044f\u0442\u043d\u0438\u0441\u0442\u0430\u044f","language":"ru","eol_preferred":true}],"image":{"objectId":"c4f2083cb90e87292b8e17d122bc3fe1","identifier":"c4f2083cb90e87292b8e17d122bc3fe1","title":"File:Spotted hyena.jpg","licence":"http:\/\/creativecommons.org\/licenses\/by-sa\/3.0\/","rights":null,"credits":"<a href='http:\/\/en.wikipedia.org\/wiki\/:nl:User:Tram2'>Original uploader was Tram2 at nl.wikipedia&lt;br\/&gt;&nbsp;(Original text : &lt;i&gt;Arjen Mulder&lt;\/i&gt;)<\/a>&copy; ","description":null,"mimeType":"jpg","fileName":"c4f2083cb90e87292b8e17d122bc3fe1.jpg","URL":"http:\/\/media.eol.org\/content\/2012\/06\/15\/04\/64267_orig.jpg"},"iucnStatus":""}}