{"name":"animals<br\/><i>Animalia<\/i>","depth":0,"taxonConceptID":1,"children":[{"name":"arthropods<br\/><i>Arthropoda<\/i>","depth":1,"taxonConceptID":164,"children":[{"name":"insects<br\/><i>Insecta<\/i>","depth":2,"taxonConceptID":344,"children":[{"name":"ants, bees, and wasps<br\/><i>Hymenoptera<\/i>","depth":3,"taxonConceptID":648,"children":[{"name":"apoid wasps<br\/><i>Apoidea<\/i>","depth":4,"taxonConceptID":676,"children":[{"name":"bees<br\/><i>Apidae<\/i>","depth":5,"taxonConceptID":677,"children":[{"name":"Anthophora","depth":6,"taxonConceptID":14751,"children":[{"name":"A Solitary Bee<br\/><i>Anthophora affabilis Cresson, 1878<\/i>","depth":7,"terminal":true,"image":"6c72295a4db548ef535f65c23c9ecc5d.jpg","taxonConceptID":1046230}]},{"name":"Deltoptila","depth":6,"taxonConceptID":42470,"children":[{"name":"Deltoptila badia (Dours, 1869)","depth":7,"terminal":true,"image":"a6097d6fd8d54b14fdd54cb8a30b491c.jpg","taxonConceptID":329217}]}]}]}]},{"name":"Butterflies and moths<br\/><i>Lepidoptera<\/i>","depth":3,"taxonConceptID":747,"children":[{"name":"Noctuoidea","depth":4,"taxonConceptID":769,"children":[{"name":"Army-worms, cutworms, owlet moths, and stem borers<br\/><i>Noctuidae<\/i>","depth":5,"taxonConceptID":873,"children":[{"name":"Orthosia","depth":6,"taxonConceptID":1336641,"children":[{"name":"Hebrew character<br\/><i>Orthosia gothica Linnaeus 1758<\/i>","depth":7,"terminal":true,"image":"b80336a97a09df3e3638ee92d6ff4ff4.jpg","taxonConceptID":473403}]}]}]},{"name":"Bombycoidea","depth":4,"taxonConceptID":777,"children":[{"name":"hawk moths, hornworms, and sphinx moths<br\/><i>Sphingidae<\/i>","depth":5,"taxonConceptID":905,"children":[{"name":"Agrius","depth":6,"taxonConceptID":50698,"children":[{"name":"Sweetpotato hornworm<br\/><i>Agrius convolvuli Linnaeus 1758<\/i>","depth":7,"terminal":true,"image":"fd8949321b353b85375b93f7eeb97ebe.jpg","taxonConceptID":503933}]}]}]}]}]}]},{"name":"Chordates<br\/><i>Chordata<\/i>","depth":1,"taxonConceptID":694,"children":[{"name":"reptiles<br\/><i>Reptilia<\/i>","depth":2,"taxonConceptID":1703,"children":[{"name":"lizards and snakes<br\/><i>Squamata<\/i>","depth":3,"taxonConceptID":1704,"children":[{"name":"skinks<br\/><i>Scincidae<\/i>","depth":4,"taxonConceptID":8109,"children":[{"name":"Blue-tongued Skinks<br\/><i>Tiliqua<\/i>","depth":5,"taxonConceptID":35476,"children":[{"name":"blotched blue-tongued lizard<br\/><i>Tiliqua nigrolutea QUOY & GAIMARD 1824<\/i>","depth":6,"terminal":true,"image":"585232512d45edabf53b9b2d2dbdb20c.jpg","taxonConceptID":790462},{"name":"Eastern Blue-tongued skink<br\/><i>Tiliqua scincoides WHITE 1790<\/i>","depth":6,"terminal":true,"image":"fe6adacc3add2e72abdb799a301e4f2c.jpg","taxonConceptID":790459},{"name":"Indonesian Blue-tongued Skink<br\/><i>Tiliqua gigas SCHNEIDER 1801<\/i>","depth":6,"terminal":true,"image":"33816580de51878395b15029ff27deb8.jpg","taxonConceptID":790463}]}]},{"name":"Advanced Snakes<br\/><i>Colubridae<\/i>","depth":4,"taxonConceptID":1722,"children":[{"name":"African Green Snake<br\/><i>Philothamnus<\/i>","depth":5,"taxonConceptID":35271,"children":[{"name":"Variegated Green Snake<br\/><i>Philothamnus semivariegatus SMITH 1847<\/i>","depth":6,"terminal":true,"image":"40305cd6d6573d22b9e347ce0334378d.jpg","taxonConceptID":962581}]},{"name":"garter snakes<br\/><i>Thamnophis<\/i>","depth":5,"taxonConceptID":32426,"children":[{"name":"common garter snake<br\/><i>Thamnophis sirtalis LINNAEUS 1758<\/i>","depth":6,"terminal":true,"image":"c78672b3f64873348d893ca738947081.jpg","taxonConceptID":1055202}]},{"name":"Common Brown Snake<br\/><i>Storeria<\/i>","depth":5,"taxonConceptID":35315,"children":[{"name":"Dekay's brown snake<br\/><i>Storeria dekayi HOLBROOK 1842<\/i>","depth":6,"terminal":true,"image":"a8374abacfd0032c0ce915a5713c937a.jpg","taxonConceptID":790510}]},{"name":"Odd-Scaled Snakes<br\/><i>Achalinus<\/i>","depth":5,"taxonConceptID":17947,"children":[{"name":"Formosa Odd-scaled Snake<br\/><i>Achalinus formosanus BOULENGER 1908<\/i>","depth":6,"terminal":true,"image":"d7b3565dfe67c35667454da56505ade9.jpg","taxonConceptID":796075}]},{"name":"Snail Suckers<br\/><i>Sibon<\/i>","depth":5,"taxonConceptID":34954,"children":[{"name":"Stejneger's Snail Sucker<br\/><i>Sibon longifrenis STEJNEGER 1909<\/i>","depth":6,"terminal":true,"image":"58cb2d268ee1d5f1cefa1a68bb049eb0.jpg","taxonConceptID":790658}]},{"name":"Bird Snake<br\/><i>Thelotornis<\/i>","depth":5,"taxonConceptID":35210,"children":[{"name":"Vine Snake<br\/><i>Thelotornis capensis SMITH 1849<\/i>","depth":6,"terminal":true,"image":"24dd605d2f68c0ea778134fa4918b0e0.jpg","taxonConceptID":790469}]}]},{"name":"chameleons<br\/><i>Chamaeleonidae<\/i>","depth":4,"taxonConceptID":1723,"children":[{"name":"Parson's Chameleon<br\/><i>Chamaeleo<\/i>","depth":5,"taxonConceptID":15730,"children":[{"name":"African Chamaeleon<br\/><i>Chamaeleo africanus LAURENTI 1768<\/i>","depth":6,"terminal":true,"image":"884e0ecd9df14641e454d378aef8e162.jpg","taxonConceptID":795430}]}]},{"name":"Vipers<br\/><i>Viperidae<\/i>","depth":4,"taxonConceptID":8116,"children":[{"name":"Copperheads & Cottonmouths<br\/><i>Agkistrodon<\/i>","depth":5,"taxonConceptID":14400,"children":[{"name":"copperhead<br\/><i>Agkistrodon contortrix LINNAEUS 1766<\/i>","depth":6,"terminal":true,"image":"f772147118e43241030b9deac23f6b25.jpg","taxonConceptID":452958}]}]},{"name":"monitor lizards<br\/><i>Varanidae<\/i>","depth":4,"taxonConceptID":8115,"children":[{"name":"Lace Monitor<br\/><i>Varanus<\/i>","depth":5,"taxonConceptID":14506,"children":[{"name":"Sand Monitor, Gould's Goanna<br\/><i>Varanus gouldii GRAY 1838<\/i>","depth":6,"terminal":true,"image":"c7e8180196e3bfd356b7f04adf16acd9.jpg","taxonConceptID":790184}]}]}]}]},{"name":"mammals<br\/><i>Mammalia<\/i>","depth":2,"taxonConceptID":1642,"children":[{"name":"even-toed ungulates<br\/><i>Artiodactyla<\/i>","depth":3,"taxonConceptID":7678,"children":[{"name":"giraffes and okapis<br\/><i>Giraffidae<\/i>","depth":4,"taxonConceptID":7684,"children":[{"name":"Giraffa","depth":5,"taxonConceptID":38813,"children":[{"name":"Giraffe<br\/><i>Giraffa camelopardalis (Linnaeus, 1758)<\/i>","depth":6,"terminal":true,"image":"44a123d58007f5e4d7cf2728977b9e8d.jpg","taxonConceptID":308378}]},{"name":"Okapia","depth":5,"taxonConceptID":38815,"children":[{"name":"Okapi<br\/><i>Okapia johnstoni (P. L. Sclater, 1901)<\/i>","depth":6,"terminal":true,"image":"dbd0a8435c7b564f74f996e48c9776e7.jpg","taxonConceptID":308387}]}]},{"name":"antelopes, cattle, gazelles, goats, sheep, and relatives<br\/><i>Bovidae<\/i>","depth":4,"taxonConceptID":7687,"children":[{"name":"bison<br\/><i>Bison<\/i>","depth":5,"taxonConceptID":42293,"children":[{"name":"American Bison<br\/><i>Bison bison (Linnaeus, 1758)<\/i>","depth":6,"terminal":true,"image":"908bf80786eb1300d9fed5f93b297ea5.jpg","taxonConceptID":328109}]}]}]},{"name":"bats<br\/><i>Chiroptera<\/i>","depth":3,"taxonConceptID":7631,"children":[{"name":"New World leaf-nosed bats<br\/><i>Phyllostomidae<\/i>","depth":4,"taxonConceptID":7637,"children":[{"name":"Centurio","depth":5,"taxonConceptID":42183,"children":[{"name":"Wrinkle-faced Bat<br\/><i>Centurio senex Gray, 1842<\/i>","depth":6,"terminal":true,"image":"ecd117c212e94c92e056dac3aaae3407.jpg","taxonConceptID":327446}]}]}]},{"name":"horses, rhinoceroses, and tapirs<br\/><i>Perissodactyla<\/i>","depth":3,"taxonConceptID":1667,"children":[{"name":"tapirs<br\/><i>Tapiridae<\/i>","depth":4,"taxonConceptID":1668,"children":[{"name":"tapirs<br\/><i>Tapirus<\/i>","depth":5,"taxonConceptID":15578,"children":[{"name":"Brazilian Tapir<br\/><i>Tapirus terrestris (Linnaeus, 1758)<\/i>","depth":6,"terminal":true,"image":"42b4e8d8d2db8698b743a0ed78786c60.jpg","taxonConceptID":328009}]}]}]},{"name":"Primates<br\/><i>Primates<\/i>","depth":3,"taxonConceptID":1645,"children":[{"name":"Old World Monkeys<br\/><i>Cercopithecidae<\/i>","depth":4,"taxonConceptID":1657,"children":[{"name":"Allen's Swamp Monkeys<br\/><i>Allenopithecus<\/i>","depth":5,"taxonConceptID":41560,"children":[{"name":"allen's swamp monkey<br\/><i>Allenopithecus nigroviridis (Pocock, 1907)<\/i>","depth":6,"terminal":true,"image":"c7eb70e69ebad2df2ce3437065e6284d.jpg","taxonConceptID":323962}]},{"name":"macaques<br\/><i>Macaca<\/i>","depth":5,"taxonConceptID":41559,"children":[{"name":"Sunda pig-tailed macaque<br\/><i>Macaca nemestrina (Linnaeus, 1766)<\/i>","depth":6,"terminal":true,"image":"a0eebe6a6791922b260b5f7d5ca81421.jpg","taxonConceptID":323950}]}]}]},{"name":"carnivores<br\/><i>Carnivora<\/i>","depth":3,"taxonConceptID":7662,"children":[{"name":"coyotes, dogs, foxes, jackals, and wolves<br\/><i>Canidae<\/i>","depth":4,"taxonConceptID":7676,"children":[{"name":"jackals<br\/><i>Canis<\/i>","depth":5,"taxonConceptID":14460,"children":[{"name":"Wolf<br\/><i>Canis lupus Linnaeus, 1758<\/i>","depth":6,"taxonConceptID":328607,"children":[{"name":"dingo<br\/><i>Canis lupus dingo Meyer, 1793<\/i>","depth":7,"terminal":true,"image":"a95a9a2a957b1a3766980bfc4cdc3b53.jpg","taxonConceptID":1267720}]}]}]},{"name":"cats<br\/><i>Felidae<\/i>","depth":4,"taxonConceptID":7674,"children":[{"name":"roaring cats<br\/><i>Panthera<\/i>","depth":5,"taxonConceptID":14134,"children":[{"name":"tiger<br\/><i>Panthera tigris (Linnaeus, 1758)<\/i>","depth":6,"taxonConceptID":328674,"children":[{"name":"Sumatran tiger<br\/><i>Panthera tigris sumatrae Pocock 1929<\/i>","depth":7,"terminal":true,"image":"515bad9e27beb51f3c4c942fc898a99e.jpg","taxonConceptID":1271383}]},{"name":"jaguar<br\/><i>Panthera onca (Linnaeus, 1758)<\/i>","depth":6,"terminal":true,"image":"f58ee43b51b0d6f3c8cacf43448645c7.jpg","taxonConceptID":328606}]},{"name":"small cats<br\/><i>Felis<\/i>","depth":5,"taxonConceptID":20189,"children":[{"name":"Domestic cat<br\/><i>Felis catus Linnaeus, 1758<\/i>","depth":6,"terminal":true,"image":"76f6974b4134732e9c2eb3e0643bcafd.jpg","taxonConceptID":1037781}]}]},{"name":"Pinnipeds<br\/><i>Phocidae<\/i>","depth":4,"taxonConceptID":7666,"children":[{"name":"elephant seals<br\/><i>Mirounga<\/i>","depth":5,"taxonConceptID":42397,"children":[{"name":"southern elephant seal<br\/><i>Mirounga leonina (Linnaeus, 1758)<\/i>","depth":6,"terminal":true,"image":"9c01e4ae45dccc002dc74f9f5ac94987.jpg","taxonConceptID":328639}]}]},{"name":"bears<br\/><i>Ursidae<\/i>","depth":4,"taxonConceptID":7664,"children":[{"name":"bears<br\/><i>Ursus<\/i>","depth":5,"taxonConceptID":14349,"children":[{"name":"polar bear<br\/><i>Ursus maritimus Phipps, 1774<\/i>","depth":6,"terminal":true,"image":"51a0d6a127b0a9c11a9ea78b97a6c5cf.jpg","taxonConceptID":328580},{"name":"Brown Bear, Grizzly Bear<br\/><i>Ursus arctos Linnaeus, 1758<\/i>","depth":6,"terminal":true,"image":"eae2aae923bc5fc92b515341d1ec02fb.jpg","taxonConceptID":328581}]}]},{"name":"mongooses<br\/><i>Herpestidae<\/i>","depth":4,"taxonConceptID":7673,"children":[{"name":"mongooses<br\/><i>Herpestes<\/i>","depth":5,"taxonConceptID":35924,"children":[{"name":"long-tailed mongoose<br\/><i>Herpestes ichneumon (Linnaeus, 1758)<\/i>","depth":6,"terminal":true,"image":"80a9866cdb05916a611b8ccb50c3e089.jpg","taxonConceptID":326801}]}]}]}]},{"name":"birds<br\/><i>Aves<\/i>","depth":2,"taxonConceptID":695,"children":[{"name":"hummingbirds and swifts<br\/><i>Apodiformes<\/i>","depth":3,"taxonConceptID":8020,"children":[{"name":"hummingbirds<br\/><i>Trochilidae<\/i>","depth":4,"taxonConceptID":8021,"children":[{"name":"broad-billed hummingbirds<br\/><i>Cynanthus<\/i>","depth":5,"taxonConceptID":17928,"children":[{"name":"Broad-billed Hummingbird<br\/><i>Cynanthus latirostris Swainson 1827<\/i>","depth":6,"terminal":true,"image":"63c8564635a13bbcd0597d711bf8531e.jpg","taxonConceptID":917365}]},{"name":"Heliodoxa","depth":5,"taxonConceptID":18544,"children":[{"name":"Fawn-breasted Brilliant<br\/><i>Heliodoxa rubinoides (Bourcier & Mulsant, 1846)<\/i>","depth":6,"terminal":true,"image":"2f098a4effbbbf894d22066e2398f947.jpg","taxonConceptID":1048838}]}]}]},{"name":"Storks and Allies<br\/><i>Ciconiiformes<\/i>","depth":3,"taxonConceptID":7981,"children":[{"name":"Gulls and Allies<br\/><i>Laridae<\/i>","depth":4,"taxonConceptID":8001,"children":[{"name":"seagulls<br\/><i>Larus<\/i>","depth":5,"taxonConceptID":19933,"children":[{"name":"Bonaparte's Gull<br\/><i>Larus philadelphia (Ord, 1815)<\/i>","depth":6,"terminal":true,"image":"1d3ba931f42c405b159ce572c781e157.jpg","taxonConceptID":1049606},{"name":"Western Gull<br\/><i>Larus occidentalis Audubon 1839<\/i>","depth":6,"terminal":true,"image":"a2924f0c185d305fca85ff1c90520682.jpg","taxonConceptID":1049579}]}]}]},{"name":"perching birds<br\/><i>Passeriformes<\/i>","depth":3,"taxonConceptID":1596,"children":[{"name":"honeyeaters<br\/><i>Meliphagidae<\/i>","depth":4,"taxonConceptID":7537,"children":[{"name":"Anthochaera","depth":5,"terminal":true,"image":"c01ab7c09560cd77109b2007c50f3bbb.jpg","taxonConceptID":37133}]},{"name":"bulbuls<br\/><i>Pycnonotidae<\/i>","depth":4,"taxonConceptID":1614,"children":[{"name":"bulbuls<br\/><i>Pycnonotus<\/i>","depth":5,"taxonConceptID":93013,"children":[{"name":"red-vented bulbul<br\/><i>Pycnonotus cafer (Linnaeus, 1766)<\/i>","depth":6,"terminal":true,"image":"dbeb3dabfe903702a7b3a2a7899116b9.jpg","taxonConceptID":1050631}]}]}]}]},{"name":"spiny rayed fishes<br\/><i>Actinopterygii<\/i>","depth":2,"taxonConceptID":1905,"children":[{"name":"catfishes<br\/><i>Siluriformes<\/i>","depth":3,"taxonConceptID":5083,"children":[{"name":"armored catfishes<br\/><i>Loricariidae<\/i>","depth":4,"taxonConceptID":5097,"children":[{"name":"Loricariichthys","depth":5,"taxonConceptID":26048,"children":[{"name":"Catfish<br\/><i>Loricariichthys anus (Valenciennes, 1835)<\/i>","depth":6,"terminal":true,"image":"fc8cc405564b816a52493ad53b1e41b4.jpg","taxonConceptID":209906}]}]}]}]}]}]}