{"48219792":{"collectionid":28766,"pageid":203917,"taxonConceptId":48219792,"taxonName":"Myliobatis aquila","textDesc":{"objectId":"21cae916c9950f44cf6d63015edaf947","identifier":"21cae916c9950f44cf6d63015edaf947","title":"Biology","licence":"http:\/\/creativecommons.org\/licenses\/by-nc\/3.0\/","rights":null,"credits":"&copy; FishBase","description":"Found in shallow lagoons (Ref. 3965), bays and estuaries; also offshore down to at least 95 m (Ref. 5578).  Often <br\/>found in groups (Ref. 5578).  Feeds on benthic crustaceans, mollusks and fish.  Ovoviviparous (Ref. 50449).  Gestation <br\/>period of 6-8 months, the females give birth to 3-7 young (Ref. 35388).  Caught by shore and ski-boat anglers, usually <br\/>released after capture (Ref. 5578).  Flesh is highly esteemed (Ref. 3965). "},"flathierarchy":null,"preferredCommonNames":{"vernacularName":"Eagle ray","language":"en","eol_preferred":true},"commonNames":[{"vernacularName":"Pylstert","language":"af","eol_preferred":true},{"vernacularName":"Arendrog","language":"af"},{"vernacularName":"\u0639\u0626\u0627\u0634 \u0631\u0633\u0646 \u0621\u0627\u064a\u0644 \u0648\u0623 \u0639\u0626\u0627\u0634 \u0628\u0627\u0642\u064f\u0639 \u0621\u0627\u064a\u0650\u0644","language":"ar","eol_preferred":true},{"vernacularName":"Gharabi","language":"ar"},{"vernacularName":"H&#39;am\u00e2meh","language":"ar"},{"vernacularName":"H'am\u00e2meh","language":"ar"},{"vernacularName":"Lagh&#39;m","language":"ar"},{"vernacularName":"Lagh'm","language":"ar"},{"vernacularName":"Tess","language":"ar"},{"vernacularName":"Tiss","language":"ar"},{"vernacularName":"rea bri","language":"br","eol_preferred":true},{"vernacularName":"milana comuna","language":"ca","eol_preferred":true},{"vernacularName":"Milana","language":"ca"},{"vernacularName":"\u9cbc","language":"cnm","eol_preferred":true},{"vernacularName":"\u9c5d","language":"cnm"},{"vernacularName":"morgath adeiniog","language":"cy","eol_preferred":true},{"vernacularName":"\u00ffrnerokke","language":"da","eol_preferred":true},{"vernacularName":"Almindelig \u00f8rnerokke","language":"da"},{"vernacularName":"\u00d8rnerokke","language":"da"},{"vernacularName":"Gew\u00f6hnlicher adlerrochen","language":"de","eol_preferred":true},{"vernacularName":"Adlerroche","language":"de"},{"vernacularName":"Adlerrochen","language":"de"},{"vernacularName":"Eulenrochen","language":"de"},{"vernacularName":"Gemeiner Adlerrochen","language":"de"},{"vernacularName":"Meeradler","language":"de"},{"vernacularName":"\u0391\u03b5\u03c4\u03cc\u03c8\u03b1\u03c1\u03bf","language":"el","eol_preferred":true},{"vernacularName":"Aetopsaro","language":"el"},{"vernacularName":"Aet\u00f3s","language":"el"},{"vernacularName":"Helid\u00f3cna","language":"el"},{"vernacularName":"\u0391\u03b5\u03c4\u03cc\u03c2","language":"el"},{"vernacularName":"\u03a7\u03b5\u03bb\u03b9\u03b4\u03cc\u03bd\u03b1","language":"el"},{"vernacularName":"\u03a7\u03b5\u03bb\u03b9\u03b4\u03cc\u03bd\u03b9","language":"el"},{"vernacularName":"Eagle ray","language":"en","eol_preferred":true},{"vernacularName":"Common bull ray","language":"en"},{"vernacularName":"Common eagle ray","language":"en"},{"vernacularName":"Eagle ray \/ Bull ray","language":"en"},{"vernacularName":"Eagleray","language":"en"},{"vernacularName":"Mill skate","language":"en"},{"vernacularName":"Sea eagle","language":"en"},{"vernacularName":"Toadfish","language":"en"},{"vernacularName":"Viuda","language":"en"},{"vernacularName":"Whipray","language":"en"},{"vernacularName":"spotted eagle ray","language":"en"},{"vernacularName":"Gallar\u00f3n","language":"es","eol_preferred":true},{"vernacularName":"Aguila marina","language":"es"},{"vernacularName":"Bon Jes\u00fas","language":"es"},{"vernacularName":"Choucho","language":"es"},{"vernacularName":"Chucho","language":"es"},{"vernacularName":"Jutjo","language":"es"},{"vernacularName":"Milana","language":"es"},{"vernacularName":"Mil\u00e1","language":"es"},{"vernacularName":"Mongeta","language":"es"},{"vernacularName":"Monja","language":"es"},{"vernacularName":"Monjeta","language":"es"},{"vernacularName":"Obispo","language":"es"},{"vernacularName":"Peje \u00e1guila","language":"es"},{"vernacularName":"Ralapinuada","language":"es"},{"vernacularName":"Rat\u00f3n","language":"es"},{"vernacularName":"Totino","language":"es"},{"vernacularName":"Viuda","language":"es"},{"vernacularName":"aguila de mar","language":"es"},{"vernacularName":"\u00c1guila de mar","language":"es"},{"vernacularName":"\u00c1guila marina","language":"es"},{"vernacularName":"\u00e7guila de mar","language":"es"},{"vernacularName":"\u00e7guila marina","language":"es"},{"vernacularName":"Kotkarausku","language":"fi","eol_preferred":true},{"vernacularName":"Mourine","language":"fr","eol_preferred":true},{"vernacularName":"Aigle commun","language":"fr"},{"vernacularName":"Aigle de mer","language":"fr"},{"vernacularName":"Aigle de mer commun","language":"fr"},{"vernacularName":"Ferrazo","language":"fr"},{"vernacularName":"Glorieuse","language":"fr"},{"vernacularName":"Hirondelle","language":"fr"},{"vernacularName":"Lancette","language":"fr"},{"vernacularName":"Mourine aigle","language":"fr"},{"vernacularName":"Mourine noctule","language":"fr"},{"vernacularName":"Mourine-aigle","language":"fr"},{"vernacularName":"Mourine-noctule","language":"fr"},{"vernacularName":"Pesce rato","language":"fr"},{"vernacularName":"Raie aigle","language":"fr"},{"vernacularName":"Raie-aigle","language":"fr"},{"vernacularName":"Ratopennado","language":"fr"},{"vernacularName":"Tare","language":"fr"},{"vernacularName":"Terre fauch\u00e9e","language":"fr"},{"vernacularName":"\u00c9pervier","language":"fr"},{"vernacularName":"Chucho","language":"gl","eol_preferred":true},{"vernacularName":"\u05d8\u05d7\u05df \u05e2\u05d9\u05d8\u05d9","language":"he","eol_preferred":true},{"vernacularName":"Sokol","language":"hr","eol_preferred":true},{"vernacularName":"Biskup","language":"hr"},{"vernacularName":"Golub","language":"hr"},{"vernacularName":"Golub kosir","language":"hr"},{"vernacularName":"Kolumbul","language":"hr"},{"vernacularName":"Kosir","language":"hr"},{"vernacularName":"Arnarskata","language":"is","eol_preferred":true},{"vernacularName":"Aquila di mare","language":"it","eol_preferred":true},{"vernacularName":"Acula","language":"it"},{"vernacularName":"Calumbe","language":"it"},{"vernacularName":"Cappuccinu","language":"it"},{"vernacularName":"Ciuvette","language":"it"},{"vernacularName":"Colombo","language":"it"},{"vernacularName":"Diavuluni","language":"it"},{"vernacularName":"Feraja","language":"it"},{"vernacularName":"Ferassa","language":"it"},{"vernacularName":"Ferraccia","language":"it"},{"vernacularName":"Ferri in coa","language":"it"},{"vernacularName":"Matan","language":"it"},{"vernacularName":"Mucchio caputo","language":"it"},{"vernacularName":"Mugghiu","language":"it"},{"vernacularName":"Muniacedde","language":"it"},{"vernacularName":"Nottola","language":"it"},{"vernacularName":"Orinegliu","language":"it"},{"vernacularName":"Pesce vacca","language":"it"},{"vernacularName":"Protene","language":"it"},{"vernacularName":"Protinu","language":"it"},{"vernacularName":"Taddarita","language":"it"},{"vernacularName":"Teraurchje","language":"it"},{"vernacularName":"Tistutu","language":"it"},{"vernacularName":"Vaccarella","language":"it"},{"vernacularName":"Zaraurchie","language":"it"},{"vernacularName":"Tobiei","language":"ja","eol_preferred":true},{"vernacularName":"paprastoji erelin\u0117 raja","language":"lt","eol_preferred":true},{"vernacularName":"Tajra","language":"mt","eol_preferred":true},{"vernacularName":"Ajkla","language":"mt"},{"vernacularName":"Ghasfur","language":"mt"},{"vernacularName":"Hamiema","language":"mt"},{"vernacularName":"Hamiema komuni","language":"mt"},{"vernacularName":"\u00d8rneskate","language":"nb","eol_preferred":true},{"vernacularName":"Adelaarsrog","language":"nl","eol_preferred":true},{"vernacularName":"Arendskoprog","language":"nl"},{"vernacularName":"Chuchu aquila","language":"nl"},{"vernacularName":"Duivelsrog","language":"nl"},{"vernacularName":"\u00d8rneskate","language":"nn","eol_preferred":true},{"vernacularName":"\u00ffrneskate","language":"no","eol_preferred":true},{"vernacularName":"\u00d8rneskate","language":"no"},{"vernacularName":"skrzydlak pospolity","language":"pl","eol_preferred":true},{"vernacularName":"Orlen a. skrzydlak pospolity","language":"pl"},{"vernacularName":"orle\u0144 pospolity","language":"pl"},{"vernacularName":"rat\u00e2o-aguia","language":"pt","eol_preferred":true},{"vernacularName":"Arrei\u00e3o","language":"pt"},{"vernacularName":"Chuco","language":"pt"},{"vernacularName":"Dormideiro","language":"pt"},{"vernacularName":"Raia","language":"pt"},{"vernacularName":"Raia-bei\u00e7o-de-boi","language":"pt"},{"vernacularName":"Raia-morcego","language":"pt"},{"vernacularName":"Rat\u00e3o","language":"pt"},{"vernacularName":"Rat\u00e3o-\u00e1guia","language":"pt"},{"vernacularName":"rato","language":"pt"},{"vernacularName":"Vultur de mare","language":"ro","eol_preferred":true},{"vernacularName":"\u043e\u0440\u043b\u044f\u043a","language":"ru","eol_preferred":true},{"vernacularName":"morski golob","language":"sl","eol_preferred":true},{"vernacularName":"shqiponja e detit","language":"sq","eol_preferred":true},{"vernacularName":"Shqiponje deti","language":"sq"},{"vernacularName":"Golub","language":"sr","eol_preferred":true},{"vernacularName":"\u00d6rnrocka","language":"sv","eol_preferred":true},{"vernacularName":"\u00e7i\u00e7una","language":"tr","eol_preferred":true},{"vernacularName":"Cicuna","language":"tr"},{"vernacularName":"Denizkartali baligi","language":"tr"},{"vernacularName":"Denizkartal\u0131 bal\u0131\u011f\u0131","language":"tr"},{"vernacularName":"Folya","language":"tr"},{"vernacularName":"Folya baligi","language":"tr"},{"vernacularName":"Folya bal\u0131\u011f\u0131","language":"tr"},{"vernacularName":"Fulya","language":"tr"},{"vernacularName":"Fulya baligi","language":"tr"},{"vernacularName":"Fulya bal\u0131\u011f\u0131","language":"tr"},{"vernacularName":"\u0421\u043a\u0430\u0442-\u043e\u0440\u043b\u044f\u043a \u0437\u0432\u0438\u0447\u0430\u0439\u043d\u0438\u0439","language":"uk","eol_preferred":true},{"vernacularName":"\u0417\u0432\u0438\u0447\u0430\u0439\u043d\u0438\u0439 \u043e\u0440\u043b\u044f\u043a","language":"uk"}],"image":{"objectId":"be34684b48ee49a7e663c3e0a40b6070","identifier":"be34684b48ee49a7e663c3e0a40b6070","title":"Poll (1947, fig. 072)","licence":"http:\/\/creativecommons.org\/licenses\/by-nc-sa\/3.0\/","rights":null,"credits":"&copy; WoRMS for SMEBD","description":null,"mimeType":"jpg","fileName":"be34684b48ee49a7e663c3e0a40b6070.jpg","URL":"http:\/\/media.eol.org\/content\/2011\/12\/27\/06\/92162_orig.jpg"},"iucnStatus":""},"48135302":{"collectionid":28766,"pageid":8123,"taxonConceptId":48135302,"taxonName":"Cheloniidae","textDesc":{"objectId":"990aaa797e67a719225717b08cd98381","identifier":"990aaa797e67a719225717b08cd98381","title":"Statistics of barcoding coverage","licence":"http:\/\/creativecommons.org\/licenses\/by\/3.0\/","rights":null,"credits":"&copy; Barcode of Life Data Systems","description":"Barcode of Life Data Systems (BOLD) Stats <br> &nbsp;\t\t\t\t\t\t\t\t\t\t\t\t\t\t&nbsp;\t\t\t\t\t\t\t\t\t\t\t\t\t\t\t<table>&nbsp;\t\t\t\t\t\t\t\t\t\t\t\t\t\t\t\t<tr>&nbsp;\t\t\t\t\t\t\t\t\t\t\t\t\t\t\t\t\t<td <br\/>width=\u002241%\u0022>Specimen Records:<\/td>&nbsp;\t\t\t\t\t\t\t\t\t\t\t\t\t\t\t\t\t<td width=\u002217%\u0022>168<\/td>&nbsp;\t\t\t\t\t\t\t\t\t\t\t\t\t\t\t\t\t<td <br\/>width=\u002229%\u0022>Public Records:<\/td>&nbsp;\t\t\t\t\t\t\t\t\t\t\t\t\t\t\t\t\t<td width=\u002213%\u0022>40<\/td>&nbsp;\t\t\t\t\t\t\t\t\t\t\t\t\t\t\t\t<\/tr>&nbsp;\t\t\t\t\t\t\t\t\t\t\t\t\t\t\t\t<tr>&nbsp;\t\t\t\t\t\t\t\t\t\t\t\t\t\t\t\t\t<td>Specimens <br\/>with Sequences:<\/td>&nbsp;\t\t\t\t\t\t\t\t\t\t\t\t\t\t\t\t\t<td>201<\/td>&nbsp;\t\t\t\t\t\t\t\t\t\t\t\t\t\t\t\t\t<td>Public Species:<\/td>&nbsp;\t\t\t\t\t\t\t\t\t\t\t\t\t\t\t\t\t<td>6<\/td>&nbsp;\t\t\t\t\t\t\t\t\t\t\t\t\t\t\t\t<\/tr>&nbsp;\t\t\t\t\t\t\t\t\t\t\t\t\t\t\t\t<tr>&nbsp;\t\t\t\t\t\t\t\t\t\t\t\t\t\t\t\t\t<td>Specimens <br\/>with Barcodes:<\/td>&nbsp;\t\t\t\t\t\t\t\t\t\t\t\t\t\t\t\t\t<td>144<\/td>&nbsp;\t\t\t\t\t\t\t\t\t\t\t\t\t\t\t\t\t<td>Public BINs:<\/td>&nbsp;\t\t\t\t\t\t\t\t\t\t\t\t\t\t\t\t\t<td>19<\/td>&nbsp;\t\t\t\t\t\t\t\t\t\t\t\t\t\t\t\t<\/tr>&nbsp;\t\t\t\t\t\t\t\t\t\t\t\t\t\t\t\t<tr>&nbsp;\t\t\t\t\t\t\t\t\t\t\t\t\t\t\t\t\t<td>Species:<\/td>&nbsp;\t\t\t\t\t\t\t\t\t\t\t\t\t\t\t\t\t<td>6<\/td>&nbsp;\t\t\t\t\t\t\t\t\t\t\t\t\t\t\t\t\t<td>&nbsp;&nbsp;&nbsp;&nbsp;&nbsp;&nbsp;&nbsp;&nbsp;\t\t\t\t\t\t\t\t\t\t\t\t\t\t\t\t\t\t\t\t\t\t\t\t\t\t\t\t\t\t\t\t\t\t\t<\/td>&nbsp;\t\t\t\t\t\t\t\t\t\t\t\t\t\t\t\t\t<td>&nbsp;<\/td>&nbsp;\t\t\t\t\t\t\t\t\t\t\t\t\t\t\t\t<\/tr>&nbsp;\t\t\t\t\t\t\t\t\t\t\t\t\t\t\t\t<tr>&nbsp;\t\t\t\t\t\t\t\t\t\t\t\t\t\t\t\t\t<td>Species <br\/>With Barcodes:<\/td>&nbsp;\t\t\t\t\t\t\t\t\t\t\t\t\t\t\t\t\t<td>6<\/td>&nbsp;\t\t\t\t\t\t\t\t\t\t\t\t\t\t\t\t\t<td>&nbsp;&nbsp;&nbsp;&nbsp;&nbsp;&nbsp;&nbsp;&nbsp;\t\t\t\t\t\t\t\t\t\t\t\t\t\t\t\t\t\t\t\t\t\t\t\t\t\t\t\t\t\t\t\t\t\t\t<\/td>&nbsp;\t\t\t\t\t\t\t\t\t\t\t\t\t\t\t\t\t<td>&nbsp;<\/td>&nbsp;\t\t\t\t\t\t\t\t\t\t\t\t\t\t\t\t<\/tr>&nbsp;\t\t\t\t\t\t\t\t\t\t\t\t\t\t\t\t<tr>&nbsp;\t\t\t\t\t\t\t\t\t\t\t\t\t\t\t\t\t<td>&nbsp;<\/td>&nbsp;\t\t\t\t\t\t\t\t\t\t\t\t\t\t\t\t\t<td><\/td>&nbsp;\t\t\t\t\t\t\t\t\t\t\t\t\t\t\t\t\t<td>&nbsp;&nbsp;&nbsp;&nbsp;&nbsp;&nbsp;&nbsp;&nbsp;\t\t\t\t\t\t\t\t\t\t\t\t\t\t\t\t\t\t\t\t\t\t\t\t\t\t\t\t\t\t\t\t\t\t\t<\/td>&nbsp;\t\t\t\t\t\t\t\t\t\t\t\t\t\t\t\t\t<td>&nbsp;<\/td>&nbsp;\t\t\t\t\t\t\t\t\t\t\t\t\t\t\t\t<\/tr>&nbsp;\t\t\t\t\t\t\t\t\t\t\t\t\t\t\t\t<tr>&nbsp;\t\t\t\t\t\t\t\t\t\t\t\t\t\t\t\t\t<td><\/td><\/tr><\/table> <br\/>"},"flathierarchy":null,"preferredCommonNames":{"vernacularName":"sea turtles","language":"en","eol_preferred":true},"commonNames":[{"vernacularName":"\u041c\u043e\u0440\u0441\u043a\u0438 \u043a\u043e\u0441\u0442\u0435\u043d\u0443\u0440\u043a\u0438","language":"bg","eol_preferred":true},{"vernacularName":"Meeresschildkr\u00f6ten","language":"de","eol_preferred":true},{"vernacularName":"sea turtles","language":"en","eol_preferred":true},{"vernacularName":"Sea turtle","language":"en"},{"vernacularName":"marine turtles","language":"en"},{"vernacularName":"modern sea turtles","language":"en"},{"vernacularName":"\u05e6\u05d1 \u05d9\u05dd","language":"he","eol_preferred":true},{"vernacularName":"Penyu","language":"id","eol_preferred":true},{"vernacularName":"\u30a6\u30df\u30ac\u30e1\u79d1","language":"ja","eol_preferred":true},{"vernacularName":"J\u016briniai v\u0117\u017eliai","language":"lt","eol_preferred":true},{"vernacularName":"Zeeschildpadden","language":"nl","eol_preferred":true},{"vernacularName":"\u017b\u00f3\u0142wie morskie","language":"pl","eol_preferred":true},{"vernacularName":"\u0421\u043e\u0431\u0441\u0442\u0432\u0435\u043d\u043d\u043e \u043c\u043e\u0440\u0441\u043a\u0438\u0435 \u0447\u0435\u0440\u0435\u043f\u0430\u0445\u0438","language":"ru","eol_preferred":true},{"vernacularName":"Havssk\u00f6ldpaddor","language":"sv","eol_preferred":true},{"vernacularName":"\u6d77\u9f9f","language":"zh","eol_preferred":true}],"image":{"objectId":"e92125a9c0ce3b2a9d8dc55788006348","identifier":"e92125a9c0ce3b2a9d8dc55788006348","title":"File:Hawaii turtle 2.JPG","licence":"http:\/\/creativecommons.org\/licenses\/by-sa\/3.0\/","rights":null,"credits":"Brocken Inaglory&copy; ","description":null,"mimeType":"jpg","fileName":"e92125a9c0ce3b2a9d8dc55788006348.jpg","URL":"http:\/\/media.eol.org\/content\/2012\/06\/14\/18\/75256_orig.jpg"},"iucnStatus":""},"48175652":{"collectionid":28766,"pageid":23890,"taxonConceptId":48175652,"taxonName":"Tetraodon","textDesc":{"objectId":"1407d075a393cf3966122cf2acf7d443","identifier":"1407d075a393cf3966122cf2acf7d443","title":"Barcode data","licence":"http:\/\/creativecommons.org\/licenses\/by\/3.0\/","rights":null,"credits":"&copy; Barcode of Life Data Systems","description":"<a target='fasta' href='http:\/\/www.boldsystems.org\/pcontr.php?action=doPublicSequenceDownload&taxids=25126'>Download <br\/>FASTA File<\/a> "},"flathierarchy":null,"preferredCommonNames":{"vernacularName":"swellfishes","language":"en","eol_preferred":true},"commonNames":[{"vernacularName":"swellfishes","language":"en","eol_preferred":true}],"image":{"objectId":"a554e9b378a4e4754712a398d243acb9","identifier":"a554e9b378a4e4754712a398d243acb9","title":"a554e9b378a4e4754712a398d243acb9","licence":"http:\/\/creativecommons.org\/licenses\/publicdomain\/","rights":null,"credits":"<a href='http:\/\/www.biolib.cz\/en\/person\/id3003\/'>Jan \u0160ev\u010d\u00edk<\/a>&copy; ","description":null,"mimeType":"jpg","fileName":"a554e9b378a4e4754712a398d243acb9.jpg","URL":"http:\/\/media.eol.org\/content\/2010\/03\/24\/07\/79494_orig.jpg"},"iucnStatus":""},"47136617":{"collectionid":28766,"pageid":492782,"taxonConceptId":47136617,"taxonName":"Opisthoteuthis californiana","textDesc":{"objectId":"b09d89a40b63066d2108d4b6aa2012f4","identifier":"b09d89a40b63066d2108d4b6aa2012f4","title":"Characteristics","licence":"http:\/\/creativecommons.org\/licenses\/by-nc\/3.0\/","rights":null,"credits":"&copy; <a href=\u0022http:\/\/www.soest.hawaii.edu\/~ryoung\/rey.html\u0022>Richard E. Young<\/a>, <a href=\u0022http:\/\/tolweb.org\/people\/579\u0022>Michael Vecchione<\/a>","description":"<ol>       <li>Arms and suckers   <ol > <div ><!-- ToL Image #START# --> <a href=\u0022javascript: w = window.open('http:\/\/tolweb.org\/media\/10362', <br\/>'10362', 'resizable,height=600,width=800,scrollbars=yes'); w.focus();\u0022><img src=\u0022http:\/\/tolweb.org\/tree\/ToLimages\/OCalifOralTaki.100a.jpg\u0022\/><\/a><!-- <br\/>ToL Image #END# -->   <p><strong>Figure<\/strong>. Oral view of <em><strong>O. californiana<\/strong><\/em>, <br\/>male, 70 mm ML, Japanese waters. Photograph from Taki (1963). <\/p>   <\/div>    <li>Suckers enlarged in males in two <br\/>fields; <\/li>           <li>Sucker arrangement, arms II-IV (male): 1 small; 1 intermediate; 8-10 greatly enlarged; 5 <br\/>(arms II) or 14 (arms III) or 12 (arms IV) much smaller; 20-30 minute.<\/li>           <li>Sucker arrangement, arms I (male):1-2 <br\/>minute; 1 intermediate; 8 greatly enlarged; 1 intermediate; 11-13 small; 1 intermediate; 6 greatly enlarged; <br\/>10-12 tiny.<\/li>      <\/ol>  <\/li>     <li>Head<br \/>  <ol >     <li>Beaks: Descriptions can be found here: Lower beak; upper <br\/>beak. <br \/> <br \/> <\/li>  <\/ol> <\/li>  <\/ol>            <p>The male specimens examined by Taki (1963) (see drawings below) <br\/>had the following characteristics:<\/p>            <ol>       <li>Proximal field with suckers 4-11 enlarged (about 5-7 times <br\/>those of the female); suckers 6 or 7 usually largest; all arms with equal enlargement. <\/li>           <li> Distal field <br\/>with 4-7 suckers enlarged, that correspond to sucker numbers 24-32; only arms I have a distal field.<\/li>      <\/ol> <br\/>      <div ><!-- ToL Image #START# --> <a href=\u0022javascript: w = window.open('http:\/\/tolweb.org\/media\/3192', '3192', <br\/>'resizable,height=600,width=800,scrollbars=yes'); w.focus();\u0022><img src=\u0022http:\/\/tolweb.org\/tree\/ToLimages\/OpisthoCalifSuck.100a.jpg\u0022\/><\/a><!-- <br\/>ToL Image #END# -->       <p><strong>Figure<\/strong>. Diagramatic arrangement of suckers of <em><strong>O. californiana<\/strong><\/em>, <br\/>arms I (left - top; right - lower) and drawings of the proximal and distal portions of right arm I, note abnormal <br\/>sucker near arm base. Drawings from Taki, 1963. <\/p>      <\/div> <h4>Comments<\/h4>      <p>The above description is taken <br\/>from Berry (1955) with the addition of a photograph and drawings from Taki (1963) of animals taken off Japan. <a <br\/>href=\u0022http:\/\/tolweb.org\/accessory\/Opisthoteuthis_californiana_Description?acc_id=1632\u0022>More details <br\/>of the description of <em><strong>O. californiana<\/strong><\/em> can be found here<\/a>.<\/p>           <p> <em><strong>O. <br\/>californiana<\/strong><\/em> and <em><strong>O. albatrossi<\/strong><\/em> are distinctive among species <br\/>of <em><strong>Opisthoteuthis<\/strong> <\/em>in having greatly enlarged suckers in the distal field only <br\/>on arms I. The holotype of <em><strong>O. albatrossi<\/strong><\/em> is a young male and the proximal field may <br\/>not have developed. These two species could be synonyms (Hochberg, pers. comm.)<\/p> "},"flathierarchy":null,"preferredCommonNames":{"vernacularName":"Octopus","language":"en","eol_preferred":true},"commonNames":[{"vernacularName":"Octopus","language":"en","eol_preferred":true},{"vernacularName":"Flapjack octopus","language":"en"}],"image":{"objectId":"efe3cc74127bad17c88409b8a2cc1437","identifier":"efe3cc74127bad17c88409b8a2cc1437","title":"6219OpisthoCalif55UBoana.jpg","licence":"http:\/\/creativecommons.org\/licenses\/by\/3.0\/","rights":null,"credits":"&copy; Richard E. Young","description":null,"mimeType":"jpg","fileName":"efe3cc74127bad17c88409b8a2cc1437.jpg","URL":"http:\/\/media.eol.org\/content\/2010\/12\/10\/05\/25115_orig.jpg"},"iucnStatus":""},"48197080":{"collectionid":28766,"pageid":214623,"taxonConceptId":48197080,"taxonName":"Zebrasoma flavescens","textDesc":{"objectId":"4d0ad417cae19cbf46fb338aee835678","identifier":"4d0ad417cae19cbf46fb338aee835678","title":"Biology","licence":"http:\/\/creativecommons.org\/licenses\/by-nc\/3.0\/","rights":null,"credits":"&copy; FishBase","description":"Adults inhabit coral-rich areas of lagoon and seaward reefs from below the surge zone to about 46 m (Ref. 9710). <br\/> Benthopelagic over rock at 1-81 m (Ref. 58302).  They occur singly or in loose groups.  Mainly herbivorous, browsing <br\/>on filamentous algae.  Group spawning and pair-spawning by territorial males that court passing females were <br\/>observed.  Spawning activity occurs around the full moon indicating lunar periodicity (Ref. 86544).  Spawn in <br\/>batches throughout the year (Ref. 86544).  Presence of a venom gland could not be determined despite the presence <br\/>of distinct anterolateral grooves; this may be due to the loss of venom glands in adults (Ref. 57406).  A popular <br\/>aquarium fish and the top marine fish export from Hawaii. "},"flathierarchy":null,"preferredCommonNames":{"vernacularName":"Yellow tang","language":"en","eol_preferred":true},"commonNames":[{"vernacularName":"Alibang-bang","language":"","eol_preferred":true},{"vernacularName":"Indangan","language":"","eol_preferred":true},{"vernacularName":"Kadlitan","language":"","eol_preferred":true},{"vernacularName":"Ligapwarig","language":"","eol_preferred":true},{"vernacularName":"Pakarero","language":"","eol_preferred":true},{"vernacularName":"Palpal rangrang","language":"","eol_preferred":true},{"vernacularName":"Tahillah","language":"","eol_preferred":true},{"vernacularName":"Par-par","language":""},{"vernacularName":"Ababang amariyu","language":"ch","eol_preferred":true},{"vernacularName":"\u4e09\u89d2\u5012\u540a","language":"cnm","eol_preferred":true},{"vernacularName":"\u9ec3\u9ad8\u9c2d\u523a\u5c3e\u9b5a","language":"cnm"},{"vernacularName":"\u9ec4\u9ad8\u9ccd\u523a\u5c3e\u9c7c","language":"cnm"},{"vernacularName":"Gul kirurgfisk","language":"da","eol_preferred":true},{"vernacularName":"Gelber Segeldoktorfisch","language":"de","eol_preferred":true},{"vernacularName":"Yellow tang","language":"en","eol_preferred":true},{"vernacularName":"Bubbles","language":"en"},{"vernacularName":"Lemon sailfin","language":"en"},{"vernacularName":"Somber surgeonfish","language":"en"},{"vernacularName":"Yellow sailfin tang","language":"en"},{"vernacularName":"Lau'ipala","language":"hw","eol_preferred":true},{"vernacularName":"Kiirohagi","language":"ja","eol_preferred":true},{"vernacularName":"\u0445\u0438\u0440\u0443\u0440\u0433 \u0436\u0435\u043b\u0442\u044b\u0439","language":"ru","eol_preferred":true},{"vernacularName":"Katol-katol","language":"tl","eol_preferred":true},{"vernacularName":"Labahita","language":"tl"},{"vernacularName":"Surahan","language":"tl"},{"vernacularName":"Tudluan","language":"tl"}],"image":{"objectId":"bd8287c98fa9d5c2bfb104a496053b49","identifier":"bd8287c98fa9d5c2bfb104a496053b49","title":"File:Zebrasoma flavescens taxo.jpg","licence":"http:\/\/creativecommons.org\/licenses\/by-sa\/3.0\/","rights":null,"credits":"&copy; ","description":null,"mimeType":"jpg","fileName":"bd8287c98fa9d5c2bfb104a496053b49.jpg","URL":"http:\/\/media.eol.org\/content\/2012\/06\/13\/17\/10295_orig.jpg"},"iucnStatus":""},"48195118":{"collectionid":28766,"pageid":1012797,"taxonConceptId":48195118,"taxonName":"Forcipiger flavissimus","textDesc":{"objectId":"2433c7deeccbee50d60c062e1466164e","identifier":"2433c7deeccbee50d60c062e1466164e","title":"WhyReef - Lifestyle","licence":"http:\/\/creativecommons.org\/licenses\/by\/3.0\/","rights":"Text can be freely copied and altered, as long as original author and source are properly acknowledged.","credits":"&copy; WhyReef","description":"Longnose butterflyfish can usually be found swimming alone or in small groups of up to five fish.  Once an adult <br\/>butterflyfish finds its mate it pairs up for life.  When it is time to have babies, butterflyfish gather in large <br\/>groups, and their eggs are carried away by the ocean current, floating near the surface before they hatch.  The <br\/>new hatchlings live in a layer of plankton for about 2 months, during which time they are almost as well-protected <br\/>as their parents, with a spiky armor covering their bodies.  When they are big enough, they swim by night to a reef, <br\/>where they will live for the rest of their lives. "},"flathierarchy":null,"preferredCommonNames":{"vernacularName":"Longnose butterfly fish","language":"en","eol_preferred":true},"commonNames":[{"vernacularName":"Ligeriger","language":"","eol_preferred":true},{"vernacularName":"Mariposa","language":"","eol_preferred":true},{"vernacularName":"Pavillon","language":"","eol_preferred":true},{"vernacularName":"Sunghan","language":"","eol_preferred":true},{"vernacularName":"Nir\u00e9nipwak","language":""},{"vernacularName":"Langneus-vlindervis","language":"af","eol_preferred":true},{"vernacularName":"\u706b\u7bad\u8c0d","language":"cnm","eol_preferred":true},{"vernacularName":"\u706b\u7bad\u8adc","language":"cnm"},{"vernacularName":"\u9ec3\u9477\u53e3\u9b5a","language":"cnm"},{"vernacularName":"\u9ec4\u954a\u53e3\u9c7c","language":"cnm"},{"vernacularName":"Gul pincetfisk","language":"da","eol_preferred":true},{"vernacularName":"Longnose butterfly fish","language":"en","eol_preferred":true},{"vernacularName":"Big long-nosed butterflyfish","language":"en"},{"vernacularName":"Butterflyfish","language":"en"},{"vernacularName":"Common longnose butterflyfish","language":"en"},{"vernacularName":"Forceps fish","language":"en"},{"vernacularName":"Forcepsfish","language":"en"},{"vernacularName":"Long nose butterfly","language":"en"},{"vernacularName":"Long-nose butterflyfish","language":"en"},{"vernacularName":"Long-nosed butterflyfish","language":"en"},{"vernacularName":"Long-nosed coralfish","language":"en"},{"vernacularName":"Long-snouted butterfly fish","language":"en"},{"vernacularName":"Longnose butterfly","language":"en"},{"vernacularName":"Longnose butterflyfish","language":"en"},{"vernacularName":"Longsnouted butterflyfish","language":"en"},{"vernacularName":"Yellow long nose butterfly","language":"en"},{"vernacularName":"longnosed butterflyfish","language":"en"},{"vernacularName":"Mariposa narizona","language":"es","eol_preferred":true},{"vernacularName":"Hachita","language":"es"},{"vernacularName":"Mariposa hocicona","language":"es"},{"vernacularName":"Mariposa nariz larga","language":"es"},{"vernacularName":"daliga ragutu","language":"fj","eol_preferred":true},{"vernacularName":"Papillon longnez","language":"fr","eol_preferred":true},{"vernacularName":"Chelmon \u00e0 long bec","language":"fr"},{"vernacularName":"Papillon long nez","language":"fr"},{"vernacularName":"Poisson pincette \u00e0 long nez","language":"fr"},{"vernacularName":"Lau hau","language":"hw","eol_preferred":true},{"vernacularName":"Lau wiliwili nukunuku 'oi'oi","language":"hw"},{"vernacularName":"Lau wiliwili nukunuku oi'oi","language":"hw"},{"vernacularName":"Fueyakkodai","language":"ja","eol_preferred":true},{"vernacularName":"Pipit pendek","language":"ms","eol_preferred":true},{"vernacularName":"Kepe monyong asli","language":"ms"},{"vernacularName":"Gutumanu","language":"sm","eol_preferred":true},{"vernacularName":"Amerikansk N\u00e4bbfisk","language":"sv","eol_preferred":true},{"vernacularName":"Paru-parung dagat","language":"tl","eol_preferred":true},{"vernacularName":"Alibang-bang","language":"tl"},{"vernacularName":"Alibangbang","language":"tl"},{"vernacularName":"Paru-paro","language":"tl"},{"vernacularName":"Paraha &#39;uturoa","language":"ty","eol_preferred":true},{"vernacularName":"Paraha 'uturoa","language":"ty"}],"image":{"objectId":"ad40628ed081d60dceae1cd0390669a9","identifier":"ad40628ed081d60dceae1cd0390669a9","title":"ad40628ed081d60dceae1cd0390669a9","licence":"http:\/\/creativecommons.org\/licenses\/by-nc-sa\/3.0\/","rights":null,"credits":"Dennis Polack&copy; FishWise Professional","description":null,"mimeType":"jpg","fileName":"ad40628ed081d60dceae1cd0390669a9.jpg","URL":"http:\/\/media.eol.org\/content\/2011\/06\/03\/04\/97642_orig.jpg"},"iucnStatus":""},"48165676":{"collectionid":28766,"pageid":78246,"taxonConceptId":48165676,"taxonName":"Pelecanus","textDesc":"","flathierarchy":null,"preferredCommonNames":{"vernacularName":"pelicans","language":"en","eol_preferred":true},"commonNames":[{"vernacularName":"pelicans","language":"en","eol_preferred":true},{"vernacularName":"White Pelican","language":"en"}],"image":{"objectId":"f816f98e53188651ec198b1c22328b5c","identifier":"f816f98e53188651ec198b1c22328b5c","title":"File:Pelikan Walvis Bay.jpg","licence":"http:\/\/creativecommons.org\/licenses\/by\/3.0\/","rights":null,"credits":"Rui Ornelas from Lisboa, Portugal&copy; ","description":null,"mimeType":"jpg","fileName":"f816f98e53188651ec198b1c22328b5c.jpg","URL":"http:\/\/media.eol.org\/content\/2012\/06\/13\/20\/49895_orig.jpg"},"iucnStatus":""},"48232796":{"collectionid":28766,"pageid":1802,"taxonConceptId":48232796,"taxonName":"Scyphozoa","textDesc":{"objectId":"bb79c10b5695745fec2da958837a4c4c","identifier":"bb79c10b5695745fec2da958837a4c4c","title":"Statistics of barcoding coverage","licence":"http:\/\/creativecommons.org\/licenses\/by\/3.0\/","rights":null,"credits":"&copy; Barcode of Life Data Systems","description":"Barcode of Life Data Systems (BOLD) Stats <br> &nbsp;\t\t\t\t\t\t\t\t\t\t\t\t\t\t&nbsp;\t\t\t\t\t\t\t\t\t\t\t\t\t\t\t<table>&nbsp;\t\t\t\t\t\t\t\t\t\t\t\t\t\t\t\t<tr>&nbsp;\t\t\t\t\t\t\t\t\t\t\t\t\t\t\t\t\t<td <br\/>width=\u002241%\u0022>Specimen Records:<\/td>&nbsp;\t\t\t\t\t\t\t\t\t\t\t\t\t\t\t\t\t<td width=\u002217%\u0022>478<\/td>&nbsp;\t\t\t\t\t\t\t\t\t\t\t\t\t\t\t\t\t<td <br\/>width=\u002229%\u0022>Public Records:<\/td>&nbsp;\t\t\t\t\t\t\t\t\t\t\t\t\t\t\t\t\t<td width=\u002213%\u0022>424<\/td>&nbsp;\t\t\t\t\t\t\t\t\t\t\t\t\t\t\t\t<\/tr>&nbsp;\t\t\t\t\t\t\t\t\t\t\t\t\t\t\t\t<tr>&nbsp;\t\t\t\t\t\t\t\t\t\t\t\t\t\t\t\t\t<td>Specimens <br\/>with Sequences:<\/td>&nbsp;\t\t\t\t\t\t\t\t\t\t\t\t\t\t\t\t\t<td>467<\/td>&nbsp;\t\t\t\t\t\t\t\t\t\t\t\t\t\t\t\t\t<td>Public Species:<\/td>&nbsp;\t\t\t\t\t\t\t\t\t\t\t\t\t\t\t\t\t<td>46<\/td>&nbsp;\t\t\t\t\t\t\t\t\t\t\t\t\t\t\t\t<\/tr>&nbsp;\t\t\t\t\t\t\t\t\t\t\t\t\t\t\t\t<tr>&nbsp;\t\t\t\t\t\t\t\t\t\t\t\t\t\t\t\t\t<td>Specimens <br\/>with Barcodes:<\/td>&nbsp;\t\t\t\t\t\t\t\t\t\t\t\t\t\t\t\t\t<td>443<\/td>&nbsp;\t\t\t\t\t\t\t\t\t\t\t\t\t\t\t\t\t<td>Public BINs:<\/td>&nbsp;\t\t\t\t\t\t\t\t\t\t\t\t\t\t\t\t\t<td>43<\/td>&nbsp;\t\t\t\t\t\t\t\t\t\t\t\t\t\t\t\t<\/tr>&nbsp;\t\t\t\t\t\t\t\t\t\t\t\t\t\t\t\t<tr>&nbsp;\t\t\t\t\t\t\t\t\t\t\t\t\t\t\t\t\t<td>Species:<\/td>&nbsp;\t\t\t\t\t\t\t\t\t\t\t\t\t\t\t\t\t<td>51<\/td>&nbsp;\t\t\t\t\t\t\t\t\t\t\t\t\t\t\t\t\t<td>&nbsp;&nbsp;&nbsp;&nbsp;&nbsp;&nbsp;&nbsp;&nbsp;\t\t\t\t\t\t\t\t\t\t\t\t\t\t\t\t\t\t\t\t\t\t\t\t\t\t\t\t\t\t\t\t\t\t\t<\/td>&nbsp;\t\t\t\t\t\t\t\t\t\t\t\t\t\t\t\t\t<td>&nbsp;<\/td>&nbsp;\t\t\t\t\t\t\t\t\t\t\t\t\t\t\t\t<\/tr>&nbsp;\t\t\t\t\t\t\t\t\t\t\t\t\t\t\t\t<tr>&nbsp;\t\t\t\t\t\t\t\t\t\t\t\t\t\t\t\t\t<td>Species <br\/>With Barcodes:<\/td>&nbsp;\t\t\t\t\t\t\t\t\t\t\t\t\t\t\t\t\t<td>48<\/td>&nbsp;\t\t\t\t\t\t\t\t\t\t\t\t\t\t\t\t\t<td>&nbsp;&nbsp;&nbsp;&nbsp;&nbsp;&nbsp;&nbsp;&nbsp;\t\t\t\t\t\t\t\t\t\t\t\t\t\t\t\t\t\t\t\t\t\t\t\t\t\t\t\t\t\t\t\t\t\t\t<\/td>&nbsp;\t\t\t\t\t\t\t\t\t\t\t\t\t\t\t\t\t<td>&nbsp;<\/td>&nbsp;\t\t\t\t\t\t\t\t\t\t\t\t\t\t\t\t<\/tr>&nbsp;\t\t\t\t\t\t\t\t\t\t\t\t\t\t\t\t<tr>&nbsp;\t\t\t\t\t\t\t\t\t\t\t\t\t\t\t\t\t<td>&nbsp;<\/td>&nbsp;\t\t\t\t\t\t\t\t\t\t\t\t\t\t\t\t\t<td><\/td>&nbsp;\t\t\t\t\t\t\t\t\t\t\t\t\t\t\t\t\t<td>&nbsp;&nbsp;&nbsp;&nbsp;&nbsp;&nbsp;&nbsp;&nbsp;\t\t\t\t\t\t\t\t\t\t\t\t\t\t\t\t\t\t\t\t\t\t\t\t\t\t\t\t\t\t\t\t\t\t\t<\/td>&nbsp;\t\t\t\t\t\t\t\t\t\t\t\t\t\t\t\t\t<td>&nbsp;<\/td>&nbsp;\t\t\t\t\t\t\t\t\t\t\t\t\t\t\t\t<\/tr>&nbsp;\t\t\t\t\t\t\t\t\t\t\t\t\t\t\t\t<tr>&nbsp;\t\t\t\t\t\t\t\t\t\t\t\t\t\t\t\t\t<td><\/td><\/tr><\/table> <br\/>"},"flathierarchy":null,"preferredCommonNames":{"vernacularName":"jellyfish","language":"en","eol_preferred":true},"commonNames":[{"vernacularName":"jellyfish","language":"en","eol_preferred":true},{"vernacularName":"cup animals","language":"en"},{"vernacularName":"cup animals and jellyfishes","language":"en"},{"vernacularName":"jellyfishes","language":"en"},{"vernacularName":"M\u00e9duse (animal)","language":"fr","eol_preferred":true},{"vernacularName":"m\u00e9duses","language":"fr"},{"vernacularName":"Scyphozoa","language":"pt","eol_preferred":true},{"vernacularName":"Cifozoa","language":"pt"},{"vernacularName":"cifozo\u00e1rio","language":"pt"},{"vernacularName":"meduza","language":"pt"},{"vernacularName":"\u00e1gua viva","language":"pt"}],"image":{"objectId":"c77b51648f9243b71d2f234dd8014835","identifier":"c77b51648f9243b71d2f234dd8014835","title":"c77b51648f9243b71d2f234dd8014835","licence":"http:\/\/creativecommons.org\/licenses\/by-nc\/3.0\/","rights":null,"credits":"<a href='http:\/\/www.biolib.cz\/en\/person\/id2427\/'>Miloslav Petrtyl<\/a>&copy; ","description":null,"mimeType":"jpg","fileName":"c77b51648f9243b71d2f234dd8014835.jpg","URL":"http:\/\/media.eol.org\/content\/2010\/03\/24\/05\/66144_orig.jpg"},"iucnStatus":""},"48187444":{"collectionid":28766,"pageid":24566,"taxonConceptId":48187444,"taxonName":"Amphiprion","textDesc":"","flathierarchy":null,"preferredCommonNames":{"vernacularName":"Anemonefishes and Clownfishes","language":"en","eol_preferred":true},"commonNames":[{"vernacularName":"Anemonefishes and Clownfishes","language":"en","eol_preferred":true},{"vernacularName":"anemonefishes","language":"en"}],"image":{"objectId":"3ff1007d3628e6632805ded33aa31293","identifier":"3ff1007d3628e6632805ded33aa31293","title":"File:Ocellaris clownfish, Flickr.jpg","licence":"http:\/\/creativecommons.org\/licenses\/by\/3.0\/","rights":null,"credits":"Jenny from Taipei&copy; ","description":null,"mimeType":"jpg","fileName":"3ff1007d3628e6632805ded33aa31293.jpg","URL":"http:\/\/media.eol.org\/content\/2012\/06\/13\/17\/13960_orig.jpg"},"iucnStatus":""},"48190289":{"collectionid":28766,"pageid":211815,"taxonConceptId":48190289,"taxonName":"Gramma loreto","textDesc":{"objectId":"149b0fd1b90813c6e7d89bb0de5673bd","identifier":"149b0fd1b90813c6e7d89bb0de5673bd","title":"Biology","licence":"http:\/\/creativecommons.org\/licenses\/by-nc\/3.0\/","rights":null,"credits":"&copy; FishBase","description":"Often found in caves or under ledges.  Swim with belly toward substratum, thus under ledges seen upside down.  Feed <br\/>on ectoparasites of other fishes (Ref. 5521).  Males show various types of nest care behavior (Ref. 35580).  Retreat <br\/>into recesses when alarmed (Ref. 9710).  Have been reared in captivity (Ref. 35420). "},"flathierarchy":null,"preferredCommonNames":{"vernacularName":"fairy basslet","language":"en","eol_preferred":true},"commonNames":[{"vernacularName":"\u7ebf\u9ba8","language":"cnm","eol_preferred":true},{"vernacularName":"\u7dda\u9ba8","language":"cnm"},{"vernacularName":"Konge-febars","language":"da","eol_preferred":true},{"vernacularName":"K\u00f6nigs-Feenbarsch","language":"de","eol_preferred":true},{"vernacularName":"Feenbarsch","language":"de"},{"vernacularName":"fairy basslet","language":"en","eol_preferred":true},{"vernacularName":"royal gramma","language":"en"},{"vernacularName":"Merito rabirrubio","language":"es","eol_preferred":true},{"vernacularName":"Loreto","language":"es"},{"vernacularName":"Loretka","language":"pl","eol_preferred":true},{"vernacularName":"Loreto","language":"pt","eol_preferred":true},{"vernacularName":"Feabborre","language":"sv","eol_preferred":true}],"image":{"objectId":"eaa5b487b63b4dde3da2404ead699136","identifier":"eaa5b487b63b4dde3da2404ead699136","title":"eaa5b487b63b4dde3da2404ead699136","licence":"http:\/\/creativecommons.org\/licenses\/by-nc-sa\/3.0\/","rights":null,"credits":"Jonathan Lavan&copy; FishWise Professional","description":null,"mimeType":"jpg","fileName":"eaa5b487b63b4dde3da2404ead699136.jpg","URL":"http:\/\/media.eol.org\/content\/2011\/06\/03\/04\/11795_orig.jpg"},"iucnStatus":""},"48188918":{"collectionid":28766,"pageid":215111,"taxonConceptId":48188918,"taxonName":"Mene maculata","textDesc":"","flathierarchy":null,"preferredCommonNames":{"vernacularName":"Moonfish","language":"en","eol_preferred":true},"commonNames":[{"vernacularName":"Bandurya","language":"","eol_preferred":true},{"vernacularName":"Barung-barung","language":"","eol_preferred":true},{"vernacularName":"Belong","language":"","eol_preferred":true},{"vernacularName":"Belong-belong","language":"","eol_preferred":true},{"vernacularName":"Bilong-bilong","language":"","eol_preferred":true},{"vernacularName":"Birao-birao","language":"","eol_preferred":true},{"vernacularName":"Camin-camin","language":"","eol_preferred":true},{"vernacularName":"Dalupane","language":"","eol_preferred":true},{"vernacularName":"Kadis","language":"","eol_preferred":true},{"vernacularName":"Pagalungan","language":"","eol_preferred":true},{"vernacularName":"Salamin-salamin","language":"","eol_preferred":true},{"vernacularName":"Bulan-bulan","language":""},{"vernacularName":"Buwan-buwan","language":""},{"vernacularName":"Cadiz","language":""},{"vernacularName":"Chabital","language":""},{"vernacularName":"Konan","language":""},{"vernacularName":"Kutao","language":""},{"vernacularName":"Kutaw","language":""},{"vernacularName":"Pilok","language":""},{"vernacularName":"Sipol","language":""},{"vernacularName":"Timon-timon","language":""},{"vernacularName":"Maanvis","language":"af","eol_preferred":true},{"vernacularName":"Halwayou","language":"ar","eol_preferred":true},{"vernacularName":"\u76ae\u5200","language":"cnm","eol_preferred":true},{"vernacularName":"\u773c\u7736\u9b5a","language":"cnm"},{"vernacularName":"\u773c\u7736\u9c7c","language":"cnm"},{"vernacularName":"\u773c\u93e1\u9b5a","language":"cnm"},{"vernacularName":"\u773c\u955c\u9c7c","language":"cnm"},{"vernacularName":"Plettet m\u00e5nefisk","language":"da","eol_preferred":true},{"vernacularName":"Moonfish","language":"en","eol_preferred":true},{"vernacularName":"Razor moonfish","language":"en"},{"vernacularName":"Razor trevally","language":"en"},{"vernacularName":"San Nicolas","language":"en"},{"vernacularName":"Lunero","language":"es","eol_preferred":true},{"vernacularName":"Zapatero","language":"es"},{"vernacularName":"Mah-mahi","language":"fa","eol_preferred":true},{"vernacularName":"Luneur","language":"fr","eol_preferred":true},{"vernacularName":"\u0ab5\u0aa8\u0ac8\u0aa8\u0ac0","language":"gu","eol_preferred":true},{"vernacularName":"Vaniani","language":"gu"},{"vernacularName":"\u0ab5\u0aa8\u0ac8\u0aa8\u0ac0\u00a0","language":"gu"},{"vernacularName":"Ginkagami","language":"ja","eol_preferred":true},{"vernacularName":"Kanjul","language":"jv","eol_preferred":true},{"vernacularName":"\u0cb9\u0c95\u0ccd\u0c95\u0cbf\u0cae\u0cc7\u0ca8\u0cc1","language":"kn","eol_preferred":true},{"vernacularName":"Hakkimeen","language":"kn"},{"vernacularName":"\u0cb9\u0c95\u0ccd\u0c95\u0cbf\u0cae\u0cc7\u0ca8\u0cc1\u00a0","language":"kn"},{"vernacularName":"\ubc30\ubd88\ub69d\uce58","language":"ko","eol_preferred":true},{"vernacularName":"\u0d05\u0d28\u0d4d\u0d35\u0d1f\u0d4d\u0d1f\u0d28\u0d4d \u0d2a\u0d3e\u0d30","language":"ml","eol_preferred":true},{"vernacularName":"Ambattan-parah","language":"ml"},{"vernacularName":"\u0d05\u0d28\u0d4d\u0d2a\u0d1f\u0d4d\u0d1f\u0d28\u0d4d \u0d2a\u0d3e\u0d30","language":"ml"},{"vernacularName":"Peperek kodi","language":"ms","eol_preferred":true},{"vernacularName":"Cermin","language":"ms"},{"vernacularName":"Gedabang","language":"ms"},{"vernacularName":"Golok kasut","language":"ms"},{"vernacularName":"Kapak","language":"ms"},{"vernacularName":"Kedabang","language":"ms"},{"vernacularName":"Kekek gedabang","language":"ms"},{"vernacularName":"Kekek jawa","language":"ms"},{"vernacularName":"Kekek labu","language":"ms"},{"vernacularName":"Nga-auk-thadama","language":"my","eol_preferred":true},{"vernacularName":"Monetka plamista","language":"pl","eol_preferred":true},{"vernacularName":"Peixe-roda","language":"pt","eol_preferred":true},{"vernacularName":"Peixe-lua","language":"pt"},{"vernacularName":"\u043f\u044f\u0442\u043d\u0438\u0441\u0442\u0430\u044f","language":"ru","eol_preferred":true},{"vernacularName":"Ambatta kattiya","language":"si","eol_preferred":true},{"vernacularName":"Hande panna","language":"si"},{"vernacularName":"Panara","language":"si"},{"vernacularName":"Panna","language":"si"},{"vernacularName":"Dhareerow","language":"so","eol_preferred":true},{"vernacularName":"\u0b85\u0bae\u0bcd\u0bae\u0bbe\u0b9f\u0bcd\u0b9f\u0bbf\u0b95\u0b9f\u0bcd\u0b9f\u0bbf","language":"ta","eol_preferred":true},{"vernacularName":"Amattikatti","language":"ta"},{"vernacularName":"Ambattankathi","language":"ta"},{"vernacularName":"Ambutan-parah","language":"ta"},{"vernacularName":"Kannadi-karel","language":"ta"},{"vernacularName":"\u0b85\u0bae\u0b9f\u0bcd\u0b9f\u0bc0\u0b95\u0bbe\u0b9f\u0bcd\u0b9f\u0bc0","language":"ta"},{"vernacularName":"\u0b85\u0bae\u0bcd\u0baa\u0b9f\u0bcd\u0b9f\u0ba3\u0bcd \u0baa\u0bbe\u0bb1\u0bc8","language":"ta"},{"vernacularName":"\u0b85\u0bae\u0bcd\u0baa\u0bc1\u0b9f\u0bcd\u0b9f\u0ba9\u0bcd \u0baa\u0bbe\u0bb1\u0bbe","language":"ta"},{"vernacularName":"Tsabita","language":"tl","eol_preferred":true},{"vernacularName":"Bete-bete","language":"tl"},{"vernacularName":"Bilong bilong","language":"tl"},{"vernacularName":"Chabita","language":"tl"},{"vernacularName":"Chaleta","language":"tl"},{"vernacularName":"Habas","language":"tl"},{"vernacularName":"Habita","language":"tl"},{"vernacularName":"Hiwas","language":"tl"},{"vernacularName":"Huvas","language":"tl"},{"vernacularName":"Sapatero","language":"tl"},{"vernacularName":"Tabas","language":"tl"},{"vernacularName":"C\u00e1 L\u01b0\u1ee1i b\u00faa","language":"vi","eol_preferred":true},{"vernacularName":"C\u00e1 Lu?i b\u00faa","language":"vi"}],"image":{"objectId":"d118eb073c8f76fc3e2e4fe5403b18ed","identifier":"d118eb073c8f76fc3e2e4fe5403b18ed","title":"d118eb073c8f76fc3e2e4fe5403b18ed","licence":"http:\/\/creativecommons.org\/licenses\/by-nc-sa\/3.0\/","rights":null,"credits":"K. K. Bineesh&copy; FishWise Professional","description":null,"mimeType":"jpg","fileName":"d118eb073c8f76fc3e2e4fe5403b18ed.jpg","URL":"http:\/\/media.eol.org\/content\/2011\/06\/03\/04\/87474_orig.jpg"},"iucnStatus":""},"48197105":{"collectionid":28766,"pageid":222042,"taxonConceptId":48197105,"taxonName":"Paracanthurus hepatus","textDesc":{"objectId":"62199890a0e38069d19fe6ec3c3e7304","identifier":"62199890a0e38069d19fe6ec3c3e7304","title":"Biology","licence":"http:\/\/creativecommons.org\/licenses\/by-nc\/3.0\/","rights":null,"credits":"&copy; FishBase","description":"Occur in clear, current-swept terraces of seaward reefs.  Observed in loose aggregations 1 or 2 meters above the <br\/>bottom; juveniles and subadults typical in groups near isolated Pocillopora eydouxi coral heads and when alarmed <br\/>hide themselves tightly among the branches (Ref. 9710).  Benthopelagic (Ref. 58302).  Feed on zooplankton and <br\/>occasionally on algae (Ref. 9710, 48637, 27115, 83665).  Relatively uncommon and highly localized (Ref. 1602, <br\/>9710).  Very popular and hardy aquarium fish.  Anterolateral glandular groove with venom gland (Ref. 57406). <br\/>"},"flathierarchy":null,"preferredCommonNames":{"vernacularName":"Blue tang","language":"en","eol_preferred":true},"commonNames":[{"vernacularName":"Ffiy\u00e1n","language":"","eol_preferred":true},{"vernacularName":"Hippo tang","language":"","eol_preferred":true},{"vernacularName":"Kimakimaga","language":"","eol_preferred":true},{"vernacularName":"Mases","language":"","eol_preferred":true},{"vernacularName":"Montador","language":"","eol_preferred":true},{"vernacularName":"Simusimu","language":"","eol_preferred":true},{"vernacularName":"Voularg","language":"","eol_preferred":true},{"vernacularName":"Hugupau asut","language":""},{"vernacularName":"Maasiyes","language":""},{"vernacularName":"Masiyes","language":""},{"vernacularName":"Palet-doktervis","language":"af","eol_preferred":true},{"vernacularName":"\u5265\u76ae\u7f8a","language":"cnm","eol_preferred":true},{"vernacularName":"\u525d\u76ae\u7f8a","language":"cnm"},{"vernacularName":"\u525d\u76ae\u9b5a","language":"cnm"},{"vernacularName":"\u5265\u76ae\u9c7c","language":"cnm"},{"vernacularName":"\u62df\u523a\u5c3e\u9cb7","language":"cnm"},{"vernacularName":"\u64ec\u523a\u5c3e\u9bdb","language":"cnm"},{"vernacularName":"\u84dd\u5012\u540a","language":"cnm"},{"vernacularName":"\u85cd\u5012\u540a","language":"cnm"},{"vernacularName":"\u9ec3\u5c3e\u526f\u523a\u5c3e\u9b5a","language":"cnm"},{"vernacularName":"\u9ec4\u5c3e\u526f\u523a\u5c3e\u9c7c","language":"cnm"},{"vernacularName":"Paletkirurgfisk","language":"da","eol_preferred":true},{"vernacularName":"Paletten-Doktorfisch","language":"de","eol_preferred":true},{"vernacularName":"Blue tang","language":"en","eol_preferred":true},{"vernacularName":"Dory","language":"en"},{"vernacularName":"Flagtail surgeonfish","language":"en"},{"vernacularName":"Hepatus tang","language":"en"},{"vernacularName":"Indo-pacific bluetang","language":"en"},{"vernacularName":"Palette surgeon","language":"en"},{"vernacularName":"Palette surgeonfish","language":"en"},{"vernacularName":"Palette tang","language":"en"},{"vernacularName":"Regal blue surgeonfish","language":"en"},{"vernacularName":"Wedge-tailed tang","language":"en"},{"vernacularName":"Wedgetail blue tang","language":"en"},{"vernacularName":"blue surgeonfish","language":"en"},{"vernacularName":"common surgeon","language":"en"},{"vernacularName":"doctorfish","language":"en"},{"vernacularName":"surgeonfish","language":"en"},{"vernacularName":"Jila","language":"fj","eol_preferred":true},{"vernacularName":"Paracanthurus hepatus","language":"fr","eol_preferred":true},{"vernacularName":"Chirurgien bleu","language":"fr"},{"vernacularName":"\u30ca\u30f3\u30e8\u30a6\u30cf\u30ae","language":"ja","eol_preferred":true},{"vernacularName":"Nany\u00f4hagi","language":"ja"},{"vernacularName":"\u0d1a\u0d46\u0d02\u0d15\u0d1f\u0d4d\u0d1f\u0d2f\u0d28\u0d4d","language":"ml","eol_preferred":true},{"vernacularName":"Chankatayan","language":"ml"},{"vernacularName":"\u0d1a\u0d3e\u0d23\u0d4d\u0d15\u0d1f\u0d2f\u0d28\u0d4d","language":"ml"},{"vernacularName":"\u0d1a\u0d3e\u0d23\u0d4d\u0d15\u0d1f\u0d2f\u0d28\u0d4d\u00a0","language":"ml"},{"vernacularName":"Leter enam kecil","language":"ms","eol_preferred":true},{"vernacularName":"Debam","language":"ms"},{"vernacularName":"Debam biru","language":"ms"},{"vernacularName":"Debam ekor kuning","language":"ms"},{"vernacularName":"Dengkis","language":"ms"},{"vernacularName":"Leter enam","language":"ms"},{"vernacularName":"Cirurgi\u00e3o-Patela","language":"pt","eol_preferred":true},{"vernacularName":"Acara\u00fana-preta","language":"pt"},{"vernacularName":"Cirurgi\u00e3o","language":"pt"},{"vernacularName":"barbeiro","language":"pt"},{"vernacularName":"Palettkirurg","language":"sv","eol_preferred":true},{"vernacularName":"Palettkirurgfisk","language":"sv"}],"image":{"objectId":"7de6358d699a6b46af2553cb03a86411","identifier":"7de6358d699a6b46af2553cb03a86411","title":"7de6358d699a6b46af2553cb03a86411","licence":"http:\/\/creativecommons.org\/licenses\/by-nc-sa\/3.0\/","rights":null,"credits":"Sally Polack&copy; FishWise Professional","description":null,"mimeType":"jpg","fileName":"7de6358d699a6b46af2553cb03a86411.jpg","URL":"http:\/\/media.eol.org\/content\/2010\/11\/08\/05\/58171_orig.jpg"},"iucnStatus":""},"48184853":{"collectionid":28766,"pageid":5187,"taxonConceptId":48184853,"taxonName":"Zanclidae","textDesc":"","flathierarchy":null,"preferredCommonNames":{"vernacularName":"Moorish idol","language":"en","eol_preferred":true},"commonNames":[{"vernacularName":"Moorish idol","language":"en","eol_preferred":true},{"vernacularName":"Moorish idols","language":"en"},{"vernacularName":"\u00eddolos moros","language":"es","eol_preferred":true},{"vernacularName":"cochers","language":"fr","eol_preferred":true}],"image":{"objectId":"c7e622911ef9eaeaee92f7adf22f51c3","identifier":"c7e622911ef9eaeaee92f7adf22f51c3","title":"c7e622911ef9eaeaee92f7adf22f51c3","licence":"http:\/\/creativecommons.org\/licenses\/by-nc-sa\/3.0\/","rights":null,"credits":"Minha Autoria&copy; FishWise Professional","description":null,"mimeType":"jpg","fileName":"c7e622911ef9eaeaee92f7adf22f51c3.jpg","URL":"http:\/\/media.eol.org\/content\/2010\/11\/10\/09\/28774_orig.jpg"},"iucnStatus":""},"48219551":{"collectionid":28766,"pageid":213726,"taxonConceptId":48219551,"taxonName":"Carcharodon carcharias","textDesc":{"objectId":"5e1882d822ec530069d6d29e28944369","identifier":"5e1882d822ec530069d6d29e28944369","title":"Biology","licence":"http:\/\/creativecommons.org\/licenses\/by-nc-sa\/3.0\/","rights":"Copyright Wildscreen 2003-2008","credits":"&copy; Wildscreen","description":"Despite its worldwide notoriety, very little is known about the natural ecology and behaviour of this predator. <br\/>These sharks are usually solitary or occur in pairs, although it is apparently a social animal that can also be <br\/>found in small aggregations of 10 or more, particularly around a carcass (3) (6). Females are ovoviviparous; <br\/>the pups hatch from eggs retained within their mother's body, and she then gives birth to live young (10). Great <br\/>white sharks are particularly slow-growing, late maturing and long-lived, with a small litter size and low reproductive <br\/>capacity (8). Females do not reproduce until they reach about 4.5 to 5 metres in length, and litter sizes range <br\/>from two to ten pups (8). The length of gestation is not known but estimated at between 12 and 18 months, and it is <br\/>likely that these sharks only reproduce every two or three years (8) (11). After birth, there is no maternal care, <br\/>and despite their large size, survival of young is thought to be low (8).&nbsp;Great whites are at the top of the <br\/>marine food chain, and these sharks are skilled predators. They feed predominately on fish but will also consume <br\/>turtles, molluscs, and crustaceans, and are active hunters of small cetaceans such as dolphins and porpoises, <br\/>and of other marine mammals such as seals and sea lions (12). Using their acute senses of smell, sound location <br\/>and electroreception, weak and injured prey can be detected from a great distance (7). Efficient swimmers, sharks <br\/>have a quick turn of speed and will attack rapidly before backing off whilst the prey becomes weakened; they are <br\/>sometimes seen leaping clear of the water (6). Great whites, unlike most other fish, are able to maintain their <br\/>body temperature higher than that of the surrounding water using a heat exchange system in their blood vessels <br\/>(11). "},"flathierarchy":null,"preferredCommonNames":{"vernacularName":"great white shark","language":"en","eol_preferred":true},"commonNames":[{"vernacularName":"K'wet'then\u00e9chte","language":"","eol_preferred":true},{"vernacularName":"Tibur\u00f3n","language":"","eol_preferred":true},{"vernacularName":"Tribon blancu","language":"","eol_preferred":true},{"vernacularName":"Skylopsaro sbrillios","language":""},{"vernacularName":"Skyl\u00f3psaro sbr\u00ccllios","language":""},{"vernacularName":"Sarda","language":"af","eol_preferred":true},{"vernacularName":"Witdoodshaai","language":"af"},{"vernacularName":"springhaai","language":"af"},{"vernacularName":"withaai","language":"af"},{"vernacularName":"Wahsh","language":"ar","eol_preferred":true},{"vernacularName":"Kalb","language":"ar"},{"vernacularName":"Kalb bahr","language":"ar"},{"vernacularName":"Taur\u00f3 blanc","language":"ca","eol_preferred":true},{"vernacularName":"\u566c\u4eba\u9ca8","language":"cnm","eol_preferred":true},{"vernacularName":"\u566c\u4eba\u9bca","language":"cnm"},{"vernacularName":"\u5927\u767d\u9bca","language":"cnm"},{"vernacularName":"\u5927\u767d\u9ca8","language":"cnm"},{"vernacularName":"\u98df\u4eba\u9bab","language":"cnm"},{"vernacularName":"\u98df\u4eba\u9c9b","language":"cnm"},{"vernacularName":"\u008eralok b\u00edl\u00fd velik\u00fd","language":"cs","eol_preferred":true},{"vernacularName":"\u017dralok b\u00edl\u00fd velik\u00fd","language":"cs"},{"vernacularName":"Stor hvid haj","language":"da","eol_preferred":true},{"vernacularName":"Bl\u00e5 haj","language":"da"},{"vernacularName":"Hvid Haj","language":"da"},{"vernacularName":"Menneskehaj","language":"da"},{"vernacularName":"Store hvide haj","language":"da"},{"vernacularName":"Weisshai","language":"de","eol_preferred":true},{"vernacularName":"Menschen fresser","language":"de"},{"vernacularName":"Menschenhai","language":"de"},{"vernacularName":"Merviel fras","language":"de"},{"vernacularName":"Wei\u00dfer Hai","language":"de"},{"vernacularName":"Wei\u00dfhai","language":"de"},{"vernacularName":"Karcharias","language":"el","eol_preferred":true},{"vernacularName":"Sbrillias","language":"el"},{"vernacularName":"Skyl\u00f3psaro sbr\u00edllios","language":"el"},{"vernacularName":"Smprilios","language":"el"},{"vernacularName":"\u039a\u03b1\u03c1\u03c7\u03b1\u03c1\u03af\u03b1\u03c2","language":"el"},{"vernacularName":"\u039b\u03ac\u03bc\u03b9\u03b1","language":"el"},{"vernacularName":"\u039b\u03b5\u03c5\u03ba\u03cc\u03c2 \u03ba\u03b1\u03c1\u03c7\u03b1\u03c1\u03af\u03b1\u03c2","language":"el"},{"vernacularName":"\u03a3\u03ba\u03c5\u03bb\u03cc\u03c8\u03b1\u03c1\u03bf","language":"el"},{"vernacularName":"\u03a3\u03bc\u03c0\u03c1\u03af\u03bb\u03b9\u03bf\u03c2","language":"el"},{"vernacularName":"great white shark","language":"en","eol_preferred":true},{"vernacularName":"Blue pointer","language":"en"},{"vernacularName":"Bruce","language":"en"},{"vernacularName":"Cowshark","language":"en"},{"vernacularName":"Man eater","language":"en"},{"vernacularName":"Man-eater","language":"en"},{"vernacularName":"Man-eater shark","language":"en"},{"vernacularName":"Maneater","language":"en"},{"vernacularName":"Maneater shark","language":"en"},{"vernacularName":"Mango-taniwha","language":"en"},{"vernacularName":"Mango-ururoa","language":"en"},{"vernacularName":"Shark","language":"en"},{"vernacularName":"Tommy","language":"en"},{"vernacularName":"White death","language":"en"},{"vernacularName":"White pointer","language":"en"},{"vernacularName":"White shark","language":"en"},{"vernacularName":"anchovy-eater","language":"en"},{"vernacularName":"death shark","language":"en"},{"vernacularName":"demon shark","language":"en"},{"vernacularName":"great white death","language":"en"},{"vernacularName":"jumping shark","language":"en"},{"vernacularName":"mudshark","language":"en"},{"vernacularName":"tuna shark","language":"en"},{"vernacularName":"uptail","language":"en"},{"vernacularName":"white death shark","language":"en"},{"vernacularName":"Taur\u00f3 blanc","language":"es","eol_preferred":true},{"vernacularName":"Africano","language":"es"},{"vernacularName":"Devorador de hombres","language":"es"},{"vernacularName":"Jaquent\u00f3n blanco","language":"es"},{"vernacularName":"Jaqueton blanco","language":"es"},{"vernacularName":"Jaquet\u00f3n blanco","language":"es"},{"vernacularName":"Jaquet\u00f3n de ley","language":"es"},{"vernacularName":"Marraco","language":"es"},{"vernacularName":"Marrajo","language":"es"},{"vernacularName":"Salroig","language":"es"},{"vernacularName":"Sarda","language":"es"},{"vernacularName":"Tiburo","language":"es"},{"vernacularName":"Tibur\u00f3n antrop\u00f3fago","language":"es"},{"vernacularName":"Tibur\u00f3n blanco","language":"es"},{"vernacularName":"ca mari","language":"es"},{"vernacularName":"jaquet\u00f3n","language":"es"},{"vernacularName":"salproig","language":"es"},{"vernacularName":"salproix","language":"es"},{"vernacularName":"taburo","language":"es"},{"vernacularName":"Valkohai","language":"fi","eol_preferred":true},{"vernacularName":"Requin blanc","language":"fr","eol_preferred":true},{"vernacularName":"Carcharodonte","language":"fr"},{"vernacularName":"Grand requin blanc","language":"fr"},{"vernacularName":"Mangeur d&#39;hommes","language":"fr"},{"vernacularName":"Mangeur d'hommes","language":"fr"},{"vernacularName":"Requin","language":"fr"},{"vernacularName":"Requin mangeur d'homme","language":"fr"},{"vernacularName":"\u05e7\u05e8\u05d7\u05d4 \u05dc\u05d1\u05e0\u05d4","language":"he","eol_preferred":true},{"vernacularName":"Karish lava","language":"he"},{"vernacularName":"Pas ljudo\u009eder","language":"hr","eol_preferred":true},{"vernacularName":"Pas ljudo\u017eder","language":"hr"},{"vernacularName":"Nagy feh\u00e9rc\u00e1pa","language":"hu","eol_preferred":true},{"vernacularName":"Niuhi","language":"hw","eol_preferred":true},{"vernacularName":"Carcharodon carcharias","language":"it","eol_preferred":true},{"vernacularName":"Cagnia","language":"it"},{"vernacularName":"Can grossu","language":"it"},{"vernacularName":"Canesca","language":"it"},{"vernacularName":"Caniscu","language":"it"},{"vernacularName":"Canusu","language":"it"},{"vernacularName":"Damiano","language":"it"},{"vernacularName":"Lamia","language":"it"},{"vernacularName":"Mangia alici","language":"it"},{"vernacularName":"Manzo de mar","language":"it"},{"vernacularName":"Pesce cane","language":"it"},{"vernacularName":"Pesce hane","language":"it"},{"vernacularName":"Pescecane","language":"it"},{"vernacularName":"Pesci can","language":"it"},{"vernacularName":"Pesse can","language":"it"},{"vernacularName":"Pisci bistinu","language":"it"},{"vernacularName":"Pisci cani","language":"it"},{"vernacularName":"Squalo bianco","language":"it"},{"vernacularName":"Tunnu palamitu di funnu","language":"it"},{"vernacularName":"cagnesca grande","language":"it"},{"vernacularName":"carcarodonte","language":"it"},{"vernacularName":"carcarodonte di rondelet","language":"it"},{"vernacularName":"carcarodonte lamia","language":"it"},{"vernacularName":"imbestinu","language":"it"},{"vernacularName":"mangia alice","language":"it"},{"vernacularName":"mastinu feru","language":"it"},{"vernacularName":"pesca can","language":"it"},{"vernacularName":"pesce can grande","language":"it"},{"vernacularName":"pesciu can","language":"it"},{"vernacularName":"pici bistinu","language":"it"},{"vernacularName":"pisci mastinu","language":"it"},{"vernacularName":"\u30db\u30db\u30b8\u30ed\u30b6\u30e1","language":"ja","eol_preferred":true},{"vernacularName":"Hohojirozame","language":"ja"},{"vernacularName":"hitokiuzame","language":"ja"},{"vernacularName":"oshirozame","language":"ja"},{"vernacularName":"\ubc31\uc0c1\uc544\ub9ac","language":"ko","eol_preferred":true},{"vernacularName":"baltasis ryklys","language":"lt","eol_preferred":true},{"vernacularName":"Masiake","language":"mg","eol_preferred":true},{"vernacularName":"Farao","language":"mg"},{"vernacularName":"hare hongi","language":"mi","eol_preferred":true},{"vernacularName":"mango-tuatini","language":"mi"},{"vernacularName":"taniwha","language":"mi"},{"vernacularName":"Huta tax-Xmara","language":"mt","eol_preferred":true},{"vernacularName":"Kelb Abjad","language":"mt"},{"vernacularName":"Kelb il - bahar Abjad","language":"mt"},{"vernacularName":"Kelb il-bahar","language":"mt"},{"vernacularName":"Silfjun","language":"mt"},{"vernacularName":"gab doll","language":"mt"},{"vernacularName":"kelb-il-bahar abjad","language":"mt"},{"vernacularName":"Witte haai","language":"nl","eol_preferred":true},{"vernacularName":"Mensen haai","language":"nl"},{"vernacularName":"Mensenhaai","language":"nl"},{"vernacularName":"Wittehaai","language":"nl"},{"vernacularName":"Hvithai","language":"no","eol_preferred":true},{"vernacularName":"haa skieding","language":"no"},{"vernacularName":"\u017car\u0142acz bia\u0142y","language":"pl","eol_preferred":true},{"vernacularName":"Zarlacz ludojad","language":"pl"},{"vernacularName":"tubar\u00e2o branco","language":"pt","eol_preferred":true},{"vernacularName":"Alequim","language":"pt"},{"vernacularName":"Anequim","language":"pt"},{"vernacularName":"Anequin","language":"pt"},{"vernacularName":"Ca\u00e7\u00e3o-anequim","language":"pt"},{"vernacularName":"Ca\u00e7\u00e3o-anequin","language":"pt"},{"vernacularName":"Iperu","language":"pt"},{"vernacularName":"Tubar\u00e3o branco","language":"pt"},{"vernacularName":"Tubar\u00e3o de S\u00e3o Tome","language":"pt"},{"vernacularName":"Tubar\u00e3o de S\u00e3o Tom\u00e9","language":"pt"},{"vernacularName":"Tubar\u00e3o-anequim","language":"pt"},{"vernacularName":"Tubar\u00e3o-branco","language":"pt"},{"vernacularName":"Tubar\u00e3o-come-homens","language":"pt"},{"vernacularName":"Tubar\u00e3o-de-S\u00e3o-Tom\u00e9","language":"pt"},{"vernacularName":"tabarao","language":"pt"},{"vernacularName":"tubarao de sao tom\u00e9","language":"pt"},{"vernacularName":"tubar\u00e3o","language":"pt"},{"vernacularName":"Rechin alb","language":"ro","eol_preferred":true},{"vernacularName":"Rechin mancator de oameni","language":"ro"},{"vernacularName":"\u0411\u043e\u043b\u044c\u0448\u0430\u044f \u0431\u0435\u043b\u0430\u044f \u0430\u043a\u0443\u043b\u0430","language":"ru","eol_preferred":true},{"vernacularName":"Geldevaja akula","language":"ru"},{"vernacularName":"\u043a\u0430\u0440\u0445\u0430\u0440\u043e\u0434\u043e\u043d \u043c\u0435\u0433\u0430\u043b\u043e\u0434\u043e\u043d","language":"ru"},{"vernacularName":"\u043c\u0435\u0433\u0430\u043b\u043e\u0434\u043e\u043d","language":"ru"},{"vernacularName":"veliki beli morski pes","language":"sl","eol_preferred":true},{"vernacularName":"tanifa","language":"sm","eol_preferred":true},{"vernacularName":"peshkaqen njeringr\u00ebn\u00ebs","language":"sq","eol_preferred":true},{"vernacularName":"Peshkagen njeringrenes","language":"sq"},{"vernacularName":"Peshkaqen njeringrenes","language":"sq"},{"vernacularName":"velika bela ajkula","language":"sr","eol_preferred":true},{"vernacularName":"Pas liudo\u009eder","language":"sr"},{"vernacularName":"Pas liudo\u017eder","language":"sr"},{"vernacularName":"Pas modrulj","language":"sr"},{"vernacularName":"bela ajkula","language":"sr"},{"vernacularName":"Vithaj","language":"sv","eol_preferred":true},{"vernacularName":"Stor vit haj","language":"sv"},{"vernacularName":"Pating","language":"tl","eol_preferred":true},{"vernacularName":"b\u00fcy\u00fck beyaz k\u00f6pekbal\u0131\u011f\u0131","language":"tr","eol_preferred":true},{"vernacularName":"Buyuk beyaz kopekbaligi","language":"tr"},{"vernacularName":"Canavar baligi","language":"tr"},{"vernacularName":"Canavar bal\u0131\u011f\u0131","language":"tr"},{"vernacularName":"Harharias baligi","language":"tr"},{"vernacularName":"Harharias bal\u0131\u011f\u0131","language":"tr"},{"vernacularName":"Karkarias","language":"tr"},{"vernacularName":"Karkarias baligi","language":"tr"},{"vernacularName":"Karkarias bal\u0131\u011f\u0131","language":"tr"},{"vernacularName":"\u0410\u043a\u0443\u043b\u0430 \u0432\u0435\u043b\u0438\u043a\u0430 \u0431\u0456\u043b\u0430","language":"uk","eol_preferred":true},{"vernacularName":"\u0411\u0456\u043b\u0430 \u0430\u043a\u0443\u043b\u0430","language":"uk"},{"vernacularName":"\u0412\u0435\u043b\u0438\u043a\u0430 \u0431\u0456\u043b\u0430 \u0430\u043a\u0443\u043b\u0430","language":"uk"},{"vernacularName":"C\u00e1 M\u1eadp tr\u1eafng","language":"vi","eol_preferred":true},{"vernacularName":"C\u00e1 M?p tr?ng","language":"vi"}],"image":{"objectId":"b15ee93659294ab1ccd6afe13e40b859","identifier":"b15ee93659294ab1ccd6afe13e40b859","title":"File:Carcharodon carcharias.jpg","licence":"http:\/\/creativecommons.org\/licenses\/publicdomain\/","rights":null,"credits":"<a href='http:\/\/commons.wikimedia.org\/wiki\/User:Sharkdiver.com'>Sharkdiver.com<\/a>&copy; ","description":null,"mimeType":"jpg","fileName":"b15ee93659294ab1ccd6afe13e40b859.jpg","URL":"http:\/\/media.eol.org\/content\/2012\/06\/13\/06\/48845_orig.jpg"},"iucnStatus":""},"48165774":{"collectionid":28766,"pageid":19933,"taxonConceptId":48165774,"taxonName":"Larus","textDesc":{"objectId":"fc90aee43a171deeb0554732af0610f6","identifier":"fc90aee43a171deeb0554732af0610f6","title":"Statistics of barcoding coverage","licence":"http:\/\/creativecommons.org\/licenses\/by\/3.0\/","rights":null,"credits":"&copy; Barcode of Life Data Systems","description":"Barcode of Life Data Systems (BOLD) Stats <br> &nbsp;\t\t\t\t\t\t\t\t\t\t\t\t\t\t&nbsp;\t\t\t\t\t\t\t\t\t\t\t\t\t\t\t<table>&nbsp;\t\t\t\t\t\t\t\t\t\t\t\t\t\t\t\t<tr>&nbsp;\t\t\t\t\t\t\t\t\t\t\t\t\t\t\t\t\t<td <br\/>width=\u002241%\u0022>Specimen Records:<\/td>&nbsp;\t\t\t\t\t\t\t\t\t\t\t\t\t\t\t\t\t<td width=\u002217%\u0022>352<\/td>&nbsp;\t\t\t\t\t\t\t\t\t\t\t\t\t\t\t\t\t<td <br\/>width=\u002229%\u0022>Public Records:<\/td>&nbsp;\t\t\t\t\t\t\t\t\t\t\t\t\t\t\t\t\t<td width=\u002213%\u0022>233<\/td>&nbsp;\t\t\t\t\t\t\t\t\t\t\t\t\t\t\t\t<\/tr>&nbsp;\t\t\t\t\t\t\t\t\t\t\t\t\t\t\t\t<tr>&nbsp;\t\t\t\t\t\t\t\t\t\t\t\t\t\t\t\t\t<td>Specimens <br\/>with Sequences:<\/td>&nbsp;\t\t\t\t\t\t\t\t\t\t\t\t\t\t\t\t\t<td>297<\/td>&nbsp;\t\t\t\t\t\t\t\t\t\t\t\t\t\t\t\t\t<td>Public Species:<\/td>&nbsp;\t\t\t\t\t\t\t\t\t\t\t\t\t\t\t\t\t<td>38<\/td>&nbsp;\t\t\t\t\t\t\t\t\t\t\t\t\t\t\t\t<\/tr>&nbsp;\t\t\t\t\t\t\t\t\t\t\t\t\t\t\t\t<tr>&nbsp;\t\t\t\t\t\t\t\t\t\t\t\t\t\t\t\t\t<td>Specimens <br\/>with Barcodes:<\/td>&nbsp;\t\t\t\t\t\t\t\t\t\t\t\t\t\t\t\t\t<td>290<\/td>&nbsp;\t\t\t\t\t\t\t\t\t\t\t\t\t\t\t\t\t<td>Public BINs:<\/td>&nbsp;\t\t\t\t\t\t\t\t\t\t\t\t\t\t\t\t\t<td>11<\/td>&nbsp;\t\t\t\t\t\t\t\t\t\t\t\t\t\t\t\t<\/tr>&nbsp;\t\t\t\t\t\t\t\t\t\t\t\t\t\t\t\t<tr>&nbsp;\t\t\t\t\t\t\t\t\t\t\t\t\t\t\t\t\t<td>Species:<\/td>&nbsp;\t\t\t\t\t\t\t\t\t\t\t\t\t\t\t\t\t<td>41<\/td>&nbsp;\t\t\t\t\t\t\t\t\t\t\t\t\t\t\t\t\t<td>&nbsp;&nbsp;&nbsp;&nbsp;&nbsp;&nbsp;&nbsp;&nbsp;\t\t\t\t\t\t\t\t\t\t\t\t\t\t\t\t\t\t\t\t\t\t\t\t\t\t\t\t\t\t\t\t\t\t\t<\/td>&nbsp;\t\t\t\t\t\t\t\t\t\t\t\t\t\t\t\t\t<td>&nbsp;<\/td>&nbsp;\t\t\t\t\t\t\t\t\t\t\t\t\t\t\t\t<\/tr>&nbsp;\t\t\t\t\t\t\t\t\t\t\t\t\t\t\t\t<tr>&nbsp;\t\t\t\t\t\t\t\t\t\t\t\t\t\t\t\t\t<td>Species <br\/>With Barcodes:<\/td>&nbsp;\t\t\t\t\t\t\t\t\t\t\t\t\t\t\t\t\t<td>40<\/td>&nbsp;\t\t\t\t\t\t\t\t\t\t\t\t\t\t\t\t\t<td>&nbsp;&nbsp;&nbsp;&nbsp;&nbsp;&nbsp;&nbsp;&nbsp;\t\t\t\t\t\t\t\t\t\t\t\t\t\t\t\t\t\t\t\t\t\t\t\t\t\t\t\t\t\t\t\t\t\t\t<\/td>&nbsp;\t\t\t\t\t\t\t\t\t\t\t\t\t\t\t\t\t<td>&nbsp;<\/td>&nbsp;\t\t\t\t\t\t\t\t\t\t\t\t\t\t\t\t<\/tr>&nbsp;\t\t\t\t\t\t\t\t\t\t\t\t\t\t\t\t<tr>&nbsp;\t\t\t\t\t\t\t\t\t\t\t\t\t\t\t\t\t<td>&nbsp;<\/td>&nbsp;\t\t\t\t\t\t\t\t\t\t\t\t\t\t\t\t\t<td><\/td>&nbsp;\t\t\t\t\t\t\t\t\t\t\t\t\t\t\t\t\t<td>&nbsp;&nbsp;&nbsp;&nbsp;&nbsp;&nbsp;&nbsp;&nbsp;\t\t\t\t\t\t\t\t\t\t\t\t\t\t\t\t\t\t\t\t\t\t\t\t\t\t\t\t\t\t\t\t\t\t\t<\/td>&nbsp;\t\t\t\t\t\t\t\t\t\t\t\t\t\t\t\t\t<td>&nbsp;<\/td>&nbsp;\t\t\t\t\t\t\t\t\t\t\t\t\t\t\t\t<\/tr>&nbsp;\t\t\t\t\t\t\t\t\t\t\t\t\t\t\t\t<tr>&nbsp;\t\t\t\t\t\t\t\t\t\t\t\t\t\t\t\t\t<td><\/td><\/tr><\/table> <br\/>"},"flathierarchy":null,"preferredCommonNames":{"vernacularName":"seagulls","language":"en","eol_preferred":true},"commonNames":[{"vernacularName":"seagulls","language":"en","eol_preferred":true},{"vernacularName":"gulls","language":"en"},{"vernacularName":"ivory gulls","language":"en"},{"vernacularName":"kittiwakes","language":"en"},{"vernacularName":"ross' gulls","language":"en"},{"vernacularName":"sabine's gulls","language":"en"}],"image":{"objectId":"be9ba3f0b8481ecb30b2d9ae71a7ec6e","identifier":"be9ba3f0b8481ecb30b2d9ae71a7ec6e","title":"Larus canus brachyrhynchus (Mew Gull)","licence":"http:\/\/creativecommons.org\/licenses\/by-nc-sa\/2.0\/","rights":null,"credits":"<a href='http:\/\/www.flickr.com\/photos\/32005048@N06'>Arthur Chapman<\/a>&copy; ","description":null,"mimeType":"jpg","fileName":"be9ba3f0b8481ecb30b2d9ae71a7ec6e.jpg","URL":"http:\/\/media.eol.org\/content\/2011\/11\/02\/06\/85651_orig.jpg"},"iucnStatus":""},"48176219":{"collectionid":28766,"pageid":24646,"taxonConceptId":48176219,"taxonName":"Hippocampus","textDesc":"","flathierarchy":null,"preferredCommonNames":{"vernacularName":"seahorses","language":"en","eol_preferred":true},"commonNames":[{"vernacularName":"seahorses","language":"en","eol_preferred":true}],"image":{"objectId":"25bffe4b2b5ea3ee5116c03840625e91","identifier":"25bffe4b2b5ea3ee5116c03840625e91","title":"25bffe4b2b5ea3ee5116c03840625e91","licence":"http:\/\/creativecommons.org\/licenses\/by-nc\/3.0\/","rights":"Non-commercial use","credits":"&copy; Shorefishes of the tropical eastern Pacific online information system. www.stri.org\/sftep","description":null,"mimeType":"jpg","fileName":"25bffe4b2b5ea3ee5116c03840625e91.jpg","URL":"http:\/\/media.eol.org\/content\/2009\/05\/21\/15\/77463_orig.jpg"},"iucnStatus":""},"48187497":{"collectionid":28766,"pageid":211713,"taxonConceptId":48187497,"taxonName":"Dascyllus melanurus","textDesc":{"objectId":"47a69448ccdfe468f4a864bc4674e74d","identifier":"47a69448ccdfe468f4a864bc4674e74d","title":"Biology","licence":"http:\/\/creativecommons.org\/licenses\/by-nc\/3.0\/","rights":null,"credits":"&copy; FishBase","description":"Schooling species, adults inhabit sheltered lagoons, harbors and inlets.  Also in somewhat open substrates <br\/>with outcrops of Acropora corals (Ref. 48636).  Often associated with small coral heads.  Feed on a variety of plankton, <br\/>including larval shrimps and crabs, algae, ostracods, amphipods, pelagic tunicates, copepods, and fish eggs. <br\/> Oviparous, distinct pairing during breeding (Ref. 205).  Eggs are demersal and adhere to the substrate (Ref. <br\/>205).  Males guard and aerate the eggs (Ref. 205).. "},"flathierarchy":null,"preferredCommonNames":{"vernacularName":"fourstripe damselfish","language":"en","eol_preferred":true},"commonNames":[{"vernacularName":"Kikiringan","language":"","eol_preferred":true},{"vernacularName":"\u9ed1\u5c3e\u5706\u96c0\u9cb7","language":"cnm","eol_preferred":true},{"vernacularName":"\u9ed1\u5c3e\u5713\u96c0\u9bdb","language":"cnm"},{"vernacularName":"\u9ed1\u5c3e\u5b85\u6ce5\u9b5a","language":"cnm"},{"vernacularName":"\u9ed1\u5c3e\u5b85\u6ce5\u9c7c","language":"cnm"},{"vernacularName":"Sorthalet jomfrufisk","language":"da","eol_preferred":true},{"vernacularName":"Firstribet Jomfrufisk","language":"da"},{"vernacularName":"fourstripe damselfish","language":"en","eol_preferred":true},{"vernacularName":"Black tail humbug","language":"en"},{"vernacularName":"Black-tail dascyllus","language":"en"},{"vernacularName":"Black-tail humbug","language":"en"},{"vernacularName":"Black-tailed dascyllus","language":"en"},{"vernacularName":"Black-tailed footballer","language":"en"},{"vernacularName":"Damselfish","language":"en"},{"vernacularName":"Deb","language":"en"},{"vernacularName":"Deb & Flo","language":"en"},{"vernacularName":"Flo","language":"en"},{"vernacularName":"blacktail humbug","language":"en"},{"vernacularName":"blacktailed humbug","language":"en"},{"vernacularName":"Yosuji-ryukyusuzumedai","language":"ja","eol_preferred":true},{"vernacularName":"\uc904\uc14b\ub3d4","language":"ko","eol_preferred":true},{"vernacularName":"Gombing-karang ekor hitam","language":"ms","eol_preferred":true},{"vernacularName":"Dakocan surobaya","language":"ms"},{"vernacularName":"Gombing","language":"ms"},{"vernacularName":"Gombing belang","language":"ms"}],"image":{"objectId":"6f55a235f2e0e307a763916eb339bb93","identifier":"6f55a235f2e0e307a763916eb339bb93","title":"Aquarium of the Pacific, August 2010","licence":"http:\/\/creativecommons.org\/licenses\/by-nc\/3.0\/","rights":null,"credits":"Robertson, D Ross&copy; ","description":null,"mimeType":"jpg","fileName":"6f55a235f2e0e307a763916eb339bb93.jpg","URL":"http:\/\/media.eol.org\/content\/2011\/10\/14\/18\/46516_orig.jpg"},"iucnStatus":""},"48089980":{"collectionid":28766,"pageid":128343,"taxonConceptId":48089980,"taxonName":"Lysmata amboinensis","textDesc":"","flathierarchy":null,"preferredCommonNames":{"vernacularName":"scarlet cleaner shrimp","language":"en","eol_preferred":true},"commonNames":[{"vernacularName":"Skunk Cleaner Shrimp","language":"","eol_preferred":true},{"vernacularName":"scarlet cleaner shrimp","language":"en","eol_preferred":true},{"vernacularName":"White banded cleaner shrimp","language":"en"},{"vernacularName":"cleaner shrimp","language":"en"}],"image":{"objectId":"3ba0c5cca1c464fe5053c5936bb70713","identifier":"3ba0c5cca1c464fe5053c5936bb70713","title":"Skunk Cleaner Shrimp on zoanthus macro","licence":"http:\/\/creativecommons.org\/licenses\/by-nc\/2.0\/","rights":null,"credits":"<a href='http:\/\/www.flickr.com\/photos\/11266603@N04'>Chris Moody<\/a>&copy; ","description":null,"mimeType":"jpg","fileName":"3ba0c5cca1c464fe5053c5936bb70713.jpg","URL":"http:\/\/media.eol.org\/content\/2012\/02\/16\/01\/00335_orig.jpg"},"iucnStatus":""},"48121867":{"collectionid":28766,"pageid":1927,"taxonConceptId":48121867,"taxonName":"Asteroidea","textDesc":{"objectId":"bbbc16a93d03e8b6dc4d9024845c68f0","identifier":"bbbc16a93d03e8b6dc4d9024845c68f0","title":"Introduction","licence":"http:\/\/creativecommons.org\/licenses\/by-nc\/3.0\/","rights":null,"credits":"&copy; <a href=\u0022http:\/\/www.cc.jyu.fi\/~kknott\/\u0022>Emily Knott<\/a>","description":"<p>The Asteroidea is one of the largest and most familiar classes within the Phylum Echinodermata.  These animals, <br\/>commonly known as sea stars or starfishes, form a diverse and speciose group.  There are approximately 1600 extant <br\/>species (Hyman 1955; Clark 1977; Clark and Downey 1992) which are found throughout the world's oceans.  Following <br\/>the classification of Blake (1987), these species are grouped into seven orders: Brisingida, Forcipulatida, <br\/>Notomyotida, Paxillosida, Spinulosida, Valvatida and Velatida.  <\/p>    <p>Like other echinoderms, asteroids <br\/>are important members of many marine benthic communities.  They can be voracious predators, having significant <br\/>impacts on community structure.  For example, Paine (1966) used <em>Pisaster ochraceus<\/em> to illustrate <br\/>his concept of the role keystone species play in community ecology.  The crown-of-thorns starfish, <em>Acanthaster <br\/>planci<\/em>, is particularly well-known because it can cause extreme detrimental effects to coral reefs, particularly <br\/>during population outbreaks (Moran 1988).  <\/p>    <div ><!-- ToL Image #START# --> <a href=\u0022javascript: w = window.open('http:\/\/tolweb.org\/media\/6436', <br\/>'6436', 'resizable,height=600,width=800,scrollbars=yes'); w.focus();\u0022><img src=\u0022http:\/\/tolweb.org\/tree\/ToLimages\/Pisaster_ochraceus1.100a.jpg\u0022\/><\/a><!-- <br\/>ToL Image #END# --> <!-- ToL Image #START# --> <a href=\u0022javascript: w = window.open('http:\/\/tolweb.org\/media\/6437', <br\/>'6437', 'resizable,height=600,width=800,scrollbars=yes'); w.focus();\u0022><img src=\u0022http:\/\/tolweb.org\/tree\/ToLimages\/Acanthaster_planci1.100a.jpg\u0022\/><\/a><!-- <br\/>ToL Image #END# -->    <p>Figure 1: <em>Pisaster ochraceus<\/em> and <em>Acanthaster planci<\/em>, two asteroids <br\/>of great ecological significance.<br \/>  <em>Pisaster<\/em> image by Sherry Ballard, courtesy <a href=\u0022http:\/\/elib.cs.berkeley.edu\/photos\/\u0022>CalPhotos<\/a>, <br\/>copyright \u00a9 1999 California Academy of Sciences.  <em>Acanthaster<\/em> image  copyright \u00a9 <a href=\u0022http:\/\/www.borutfurlan.com\/\u0022>Borut <br\/>Furlan<\/a>.<\/p>   <\/div> <p>The controversial Concentricycloidea (a proposed sixth class of the Echinodermata; <br\/>Baker et al. 1986, Rowe et al. 1988, Pearse and Pearse 1994) have been diagnosed as unusual asteroids (Smith 1988, <br\/>Belyaev 1990, Janies and Mooi 1999).  Their relationship to other asteroid taxa is not well resolved, but alliances <br\/>with species from the Velatida and the Forcipulatida have been proposed.  The unique morphology of the concentricycloids <br\/>makes it difficult to assign this group to the recognized asteroid orders and is cited as sufficient distinction <br\/>for class recognition.<\/p> "},"flathierarchy":null,"preferredCommonNames":{"vernacularName":"sea stars and starfishes","language":"en","eol_preferred":true},"commonNames":[{"vernacularName":"Bipinnaria Larva","language":""},{"vernacularName":"Starfish","language":""},{"vernacularName":"Seesterne","language":"de","eol_preferred":true},{"vernacularName":"sea stars and starfishes","language":"en","eol_preferred":true},{"vernacularName":"sea stars","language":"en"},{"vernacularName":"starfishes","language":"en"},{"vernacularName":"\u00c8toiles de mer","language":"fr","eol_preferred":true},{"vernacularName":"stell\u00e9rid\u00e9s","language":"fr"},{"vernacularName":"\u00e9toiles de mer","language":"fr"},{"vernacularName":"Zeesterren","language":"nl","eol_preferred":true},{"vernacularName":"Estrela-do-mar","language":"pt","eol_preferred":true},{"vernacularName":"estrela do mar","language":"pt"},{"vernacularName":"Sj\u00f6stj\u00e4rnor","language":"sv","eol_preferred":true}],"image":{"objectId":"883c6b3fbed6da3b86d93f397f07b2aa","identifier":"883c6b3fbed6da3b86d93f397f07b2aa","title":"File:Crown of Thorns-jonhanson.jpg","licence":"http:\/\/creativecommons.org\/licenses\/by-sa\/3.0\/","rights":null,"credits":"jon hanson on flickr.&copy; ","description":null,"mimeType":"jpg","fileName":"883c6b3fbed6da3b86d93f397f07b2aa.jpg","URL":"http:\/\/media.eol.org\/content\/2012\/06\/13\/22\/34469_orig.jpg"},"iucnStatus":""},"48219547":{"collectionid":28766,"pageid":25488,"taxonConceptId":48219547,"taxonName":"Isurus","textDesc":{"objectId":"36a82fe0a76c889fa7429e1377631c94","identifier":"36a82fe0a76c889fa7429e1377631c94","title":"Statistics of barcoding coverage","licence":"http:\/\/creativecommons.org\/licenses\/by\/3.0\/","rights":null,"credits":"&copy; Barcode of Life Data Systems","description":"Barcode of Life Data Systems (BOLD) Stats <br> &nbsp;\t\t\t\t\t\t\t\t\t\t\t\t\t\t&nbsp;\t\t\t\t\t\t\t\t\t\t\t\t\t\t\t<table>&nbsp;\t\t\t\t\t\t\t\t\t\t\t\t\t\t\t\t<tr>&nbsp;\t\t\t\t\t\t\t\t\t\t\t\t\t\t\t\t\t<td <br\/>width=\u002241%\u0022>Specimen Records:<\/td>&nbsp;\t\t\t\t\t\t\t\t\t\t\t\t\t\t\t\t\t<td width=\u002217%\u0022>196<\/td>&nbsp;\t\t\t\t\t\t\t\t\t\t\t\t\t\t\t\t\t<td <br\/>width=\u002229%\u0022>Public Records:<\/td>&nbsp;\t\t\t\t\t\t\t\t\t\t\t\t\t\t\t\t\t<td width=\u002213%\u0022>52<\/td>&nbsp;\t\t\t\t\t\t\t\t\t\t\t\t\t\t\t\t<\/tr>&nbsp;\t\t\t\t\t\t\t\t\t\t\t\t\t\t\t\t<tr>&nbsp;\t\t\t\t\t\t\t\t\t\t\t\t\t\t\t\t\t<td>Specimens <br\/>with Sequences:<\/td>&nbsp;\t\t\t\t\t\t\t\t\t\t\t\t\t\t\t\t\t<td>176<\/td>&nbsp;\t\t\t\t\t\t\t\t\t\t\t\t\t\t\t\t\t<td>Public Species:<\/td>&nbsp;\t\t\t\t\t\t\t\t\t\t\t\t\t\t\t\t\t<td>2<\/td>&nbsp;\t\t\t\t\t\t\t\t\t\t\t\t\t\t\t\t<\/tr>&nbsp;\t\t\t\t\t\t\t\t\t\t\t\t\t\t\t\t<tr>&nbsp;\t\t\t\t\t\t\t\t\t\t\t\t\t\t\t\t\t<td>Specimens <br\/>with Barcodes:<\/td>&nbsp;\t\t\t\t\t\t\t\t\t\t\t\t\t\t\t\t\t<td>144<\/td>&nbsp;\t\t\t\t\t\t\t\t\t\t\t\t\t\t\t\t\t<td>Public BINs:<\/td>&nbsp;\t\t\t\t\t\t\t\t\t\t\t\t\t\t\t\t\t<td>3<\/td>&nbsp;\t\t\t\t\t\t\t\t\t\t\t\t\t\t\t\t<\/tr>&nbsp;\t\t\t\t\t\t\t\t\t\t\t\t\t\t\t\t<tr>&nbsp;\t\t\t\t\t\t\t\t\t\t\t\t\t\t\t\t\t<td>Species:<\/td>&nbsp;\t\t\t\t\t\t\t\t\t\t\t\t\t\t\t\t\t<td>2<\/td>&nbsp;\t\t\t\t\t\t\t\t\t\t\t\t\t\t\t\t\t<td>&nbsp;&nbsp;&nbsp;&nbsp;&nbsp;&nbsp;&nbsp;&nbsp;\t\t\t\t\t\t\t\t\t\t\t\t\t\t\t\t\t\t\t\t\t\t\t\t\t\t\t\t\t\t\t\t\t\t\t<\/td>&nbsp;\t\t\t\t\t\t\t\t\t\t\t\t\t\t\t\t\t<td>&nbsp;<\/td>&nbsp;\t\t\t\t\t\t\t\t\t\t\t\t\t\t\t\t<\/tr>&nbsp;\t\t\t\t\t\t\t\t\t\t\t\t\t\t\t\t<tr>&nbsp;\t\t\t\t\t\t\t\t\t\t\t\t\t\t\t\t\t<td>Species <br\/>With Barcodes:<\/td>&nbsp;\t\t\t\t\t\t\t\t\t\t\t\t\t\t\t\t\t<td>2<\/td>&nbsp;\t\t\t\t\t\t\t\t\t\t\t\t\t\t\t\t\t<td>&nbsp;&nbsp;&nbsp;&nbsp;&nbsp;&nbsp;&nbsp;&nbsp;\t\t\t\t\t\t\t\t\t\t\t\t\t\t\t\t\t\t\t\t\t\t\t\t\t\t\t\t\t\t\t\t\t\t\t<\/td>&nbsp;\t\t\t\t\t\t\t\t\t\t\t\t\t\t\t\t\t<td>&nbsp;<\/td>&nbsp;\t\t\t\t\t\t\t\t\t\t\t\t\t\t\t\t<\/tr>&nbsp;\t\t\t\t\t\t\t\t\t\t\t\t\t\t\t\t<tr>&nbsp;\t\t\t\t\t\t\t\t\t\t\t\t\t\t\t\t\t<td>&nbsp;<\/td>&nbsp;\t\t\t\t\t\t\t\t\t\t\t\t\t\t\t\t\t<td><\/td>&nbsp;\t\t\t\t\t\t\t\t\t\t\t\t\t\t\t\t\t<td>&nbsp;&nbsp;&nbsp;&nbsp;&nbsp;&nbsp;&nbsp;&nbsp;\t\t\t\t\t\t\t\t\t\t\t\t\t\t\t\t\t\t\t\t\t\t\t\t\t\t\t\t\t\t\t\t\t\t\t<\/td>&nbsp;\t\t\t\t\t\t\t\t\t\t\t\t\t\t\t\t\t<td>&nbsp;<\/td>&nbsp;\t\t\t\t\t\t\t\t\t\t\t\t\t\t\t\t<\/tr>&nbsp;\t\t\t\t\t\t\t\t\t\t\t\t\t\t\t\t<tr>&nbsp;\t\t\t\t\t\t\t\t\t\t\t\t\t\t\t\t\t<td><\/td><\/tr><\/table> <br\/>"},"flathierarchy":null,"preferredCommonNames":{"vernacularName":"shortfin mako","language":"en","eol_preferred":true},"commonNames":[{"vernacularName":"shortfin mako","language":"en","eol_preferred":true},{"vernacularName":"makos","language":"en"},{"vernacularName":"shortfin makos","language":"en"}],"image":{"objectId":"990b20f4dc938425f3c138e918418429","identifier":"990b20f4dc938425f3c138e918418429","title":"Mako shark","licence":"http:\/\/creativecommons.org\/licenses\/by-nc-sa\/3.0\/","rights":null,"credits":"&copy; WoRMS for SMEBD","description":null,"mimeType":"jpg","fileName":"990b20f4dc938425f3c138e918418429.jpg","URL":"http:\/\/media.eol.org\/content\/2011\/03\/26\/04\/40149_orig.jpg"},"iucnStatus":""},"48219442":{"collectionid":28766,"pageid":1895,"taxonConceptId":48219442,"taxonName":"Sphyrnidae","textDesc":{"objectId":"08dc9e9899b088b9fce930cab3f71b20","identifier":"08dc9e9899b088b9fce930cab3f71b20","title":"Statistics of barcoding coverage","licence":"http:\/\/creativecommons.org\/licenses\/by\/3.0\/","rights":null,"credits":"&copy; Barcode of Life Data Systems","description":"Barcode of Life Data Systems (BOLD) Stats <br> &nbsp;\t\t\t\t\t\t\t\t\t\t\t\t\t\t&nbsp;\t\t\t\t\t\t\t\t\t\t\t\t\t\t\t<table>&nbsp;\t\t\t\t\t\t\t\t\t\t\t\t\t\t\t\t<tr>&nbsp;\t\t\t\t\t\t\t\t\t\t\t\t\t\t\t\t\t<td <br\/>width=\u002241%\u0022>Specimen Records:<\/td>&nbsp;\t\t\t\t\t\t\t\t\t\t\t\t\t\t\t\t\t<td width=\u002217%\u0022>619<\/td>&nbsp;\t\t\t\t\t\t\t\t\t\t\t\t\t\t\t\t\t<td <br\/>width=\u002229%\u0022>Public Records:<\/td>&nbsp;\t\t\t\t\t\t\t\t\t\t\t\t\t\t\t\t\t<td width=\u002213%\u0022>258<\/td>&nbsp;\t\t\t\t\t\t\t\t\t\t\t\t\t\t\t\t<\/tr>&nbsp;\t\t\t\t\t\t\t\t\t\t\t\t\t\t\t\t<tr>&nbsp;\t\t\t\t\t\t\t\t\t\t\t\t\t\t\t\t\t<td>Specimens <br\/>with Sequences:<\/td>&nbsp;\t\t\t\t\t\t\t\t\t\t\t\t\t\t\t\t\t<td>510<\/td>&nbsp;\t\t\t\t\t\t\t\t\t\t\t\t\t\t\t\t\t<td>Public Species:<\/td>&nbsp;\t\t\t\t\t\t\t\t\t\t\t\t\t\t\t\t\t<td>6<\/td>&nbsp;\t\t\t\t\t\t\t\t\t\t\t\t\t\t\t\t<\/tr>&nbsp;\t\t\t\t\t\t\t\t\t\t\t\t\t\t\t\t<tr>&nbsp;\t\t\t\t\t\t\t\t\t\t\t\t\t\t\t\t\t<td>Specimens <br\/>with Barcodes:<\/td>&nbsp;\t\t\t\t\t\t\t\t\t\t\t\t\t\t\t\t\t<td>391<\/td>&nbsp;\t\t\t\t\t\t\t\t\t\t\t\t\t\t\t\t\t<td>Public BINs:<\/td>&nbsp;\t\t\t\t\t\t\t\t\t\t\t\t\t\t\t\t\t<td>9<\/td>&nbsp;\t\t\t\t\t\t\t\t\t\t\t\t\t\t\t\t<\/tr>&nbsp;\t\t\t\t\t\t\t\t\t\t\t\t\t\t\t\t<tr>&nbsp;\t\t\t\t\t\t\t\t\t\t\t\t\t\t\t\t\t<td>Species:<\/td>&nbsp;\t\t\t\t\t\t\t\t\t\t\t\t\t\t\t\t\t<td>13<\/td>&nbsp;\t\t\t\t\t\t\t\t\t\t\t\t\t\t\t\t\t<td>&nbsp;&nbsp;&nbsp;&nbsp;&nbsp;&nbsp;&nbsp;&nbsp;\t\t\t\t\t\t\t\t\t\t\t\t\t\t\t\t\t\t\t\t\t\t\t\t\t\t\t\t\t\t\t\t\t\t\t<\/td>&nbsp;\t\t\t\t\t\t\t\t\t\t\t\t\t\t\t\t\t<td>&nbsp;<\/td>&nbsp;\t\t\t\t\t\t\t\t\t\t\t\t\t\t\t\t<\/tr>&nbsp;\t\t\t\t\t\t\t\t\t\t\t\t\t\t\t\t<tr>&nbsp;\t\t\t\t\t\t\t\t\t\t\t\t\t\t\t\t\t<td>Species <br\/>With Barcodes:<\/td>&nbsp;\t\t\t\t\t\t\t\t\t\t\t\t\t\t\t\t\t<td>7<\/td>&nbsp;\t\t\t\t\t\t\t\t\t\t\t\t\t\t\t\t\t<td>&nbsp;&nbsp;&nbsp;&nbsp;&nbsp;&nbsp;&nbsp;&nbsp;\t\t\t\t\t\t\t\t\t\t\t\t\t\t\t\t\t\t\t\t\t\t\t\t\t\t\t\t\t\t\t\t\t\t\t<\/td>&nbsp;\t\t\t\t\t\t\t\t\t\t\t\t\t\t\t\t\t<td>&nbsp;<\/td>&nbsp;\t\t\t\t\t\t\t\t\t\t\t\t\t\t\t\t<\/tr>&nbsp;\t\t\t\t\t\t\t\t\t\t\t\t\t\t\t\t<tr>&nbsp;\t\t\t\t\t\t\t\t\t\t\t\t\t\t\t\t\t<td>&nbsp;<\/td>&nbsp;\t\t\t\t\t\t\t\t\t\t\t\t\t\t\t\t\t<td><\/td>&nbsp;\t\t\t\t\t\t\t\t\t\t\t\t\t\t\t\t\t<td>&nbsp;&nbsp;&nbsp;&nbsp;&nbsp;&nbsp;&nbsp;&nbsp;\t\t\t\t\t\t\t\t\t\t\t\t\t\t\t\t\t\t\t\t\t\t\t\t\t\t\t\t\t\t\t\t\t\t\t<\/td>&nbsp;\t\t\t\t\t\t\t\t\t\t\t\t\t\t\t\t\t<td>&nbsp;<\/td>&nbsp;\t\t\t\t\t\t\t\t\t\t\t\t\t\t\t\t<\/tr>&nbsp;\t\t\t\t\t\t\t\t\t\t\t\t\t\t\t\t<tr>&nbsp;\t\t\t\t\t\t\t\t\t\t\t\t\t\t\t\t\t<td><\/td><\/tr><\/table> <br\/>"},"flathierarchy":null,"preferredCommonNames":{"vernacularName":"Hammerhead shark","language":"en","eol_preferred":true},"commonNames":[{"vernacularName":"Hammerhead shark","language":"en","eol_preferred":true},{"vernacularName":"Hammerhead, bonnethead, scoophead shark","language":"en"},{"vernacularName":"bonnethead sharks","language":"en"},{"vernacularName":"hammerhead sharks","language":"en"},{"vernacularName":"scoophead sharks","language":"en"},{"vernacularName":"Tibur\u00f3n martillo","language":"es","eol_preferred":true},{"vernacularName":"tiburones martillo","language":"es"},{"vernacularName":"requins-marteaux","language":"fr","eol_preferred":true},{"vernacularName":"Hamerhaaien","language":"nl","eol_preferred":true}],"image":{"objectId":"88c938cd12384a74347c959e65c44302","identifier":"88c938cd12384a74347c959e65c44302","title":"88c938cd12384a74347c959e65c44302","licence":"http:\/\/creativecommons.org\/licenses\/by-nc\/3.0\/","rights":"Non-commercial use","credits":"&copy; Shorefishes of the tropical eastern Pacific online information system. www.stri.org\/sftep","description":null,"mimeType":"jpg","fileName":"88c938cd12384a74347c959e65c44302.jpg","URL":"http:\/\/media.eol.org\/content\/2009\/05\/21\/16\/53196_orig.jpg"},"iucnStatus":""},"48185456":{"collectionid":28766,"pageid":24821,"taxonConceptId":48185456,"taxonName":"Sphyraena","textDesc":{"objectId":"8a14c1707a330fe6f45a92ee2d15efd6","identifier":"8a14c1707a330fe6f45a92ee2d15efd6","title":"Statistics of barcoding coverage","licence":"http:\/\/creativecommons.org\/licenses\/by\/3.0\/","rights":null,"credits":"&copy; Barcode of Life Data Systems","description":"Barcode of Life Data Systems (BOLD) Stats <br> &nbsp;\t\t\t\t\t\t\t\t\t\t\t\t\t\t&nbsp;\t\t\t\t\t\t\t\t\t\t\t\t\t\t\t<table>&nbsp;\t\t\t\t\t\t\t\t\t\t\t\t\t\t\t\t<tr>&nbsp;\t\t\t\t\t\t\t\t\t\t\t\t\t\t\t\t\t<td <br\/>width=\u002241%\u0022>Specimen Records:<\/td>&nbsp;\t\t\t\t\t\t\t\t\t\t\t\t\t\t\t\t\t<td width=\u002217%\u0022>313<\/td>&nbsp;\t\t\t\t\t\t\t\t\t\t\t\t\t\t\t\t\t<td <br\/>width=\u002229%\u0022>Public Records:<\/td>&nbsp;\t\t\t\t\t\t\t\t\t\t\t\t\t\t\t\t\t<td width=\u002213%\u0022>84<\/td>&nbsp;\t\t\t\t\t\t\t\t\t\t\t\t\t\t\t\t<\/tr>&nbsp;\t\t\t\t\t\t\t\t\t\t\t\t\t\t\t\t<tr>&nbsp;\t\t\t\t\t\t\t\t\t\t\t\t\t\t\t\t\t<td>Specimens <br\/>with Sequences:<\/td>&nbsp;\t\t\t\t\t\t\t\t\t\t\t\t\t\t\t\t\t<td>239<\/td>&nbsp;\t\t\t\t\t\t\t\t\t\t\t\t\t\t\t\t\t<td>Public Species:<\/td>&nbsp;\t\t\t\t\t\t\t\t\t\t\t\t\t\t\t\t\t<td>11<\/td>&nbsp;\t\t\t\t\t\t\t\t\t\t\t\t\t\t\t\t<\/tr>&nbsp;\t\t\t\t\t\t\t\t\t\t\t\t\t\t\t\t<tr>&nbsp;\t\t\t\t\t\t\t\t\t\t\t\t\t\t\t\t\t<td>Specimens <br\/>with Barcodes:<\/td>&nbsp;\t\t\t\t\t\t\t\t\t\t\t\t\t\t\t\t\t<td>238<\/td>&nbsp;\t\t\t\t\t\t\t\t\t\t\t\t\t\t\t\t\t<td>Public BINs:<\/td>&nbsp;\t\t\t\t\t\t\t\t\t\t\t\t\t\t\t\t\t<td>12<\/td>&nbsp;\t\t\t\t\t\t\t\t\t\t\t\t\t\t\t\t<\/tr>&nbsp;\t\t\t\t\t\t\t\t\t\t\t\t\t\t\t\t<tr>&nbsp;\t\t\t\t\t\t\t\t\t\t\t\t\t\t\t\t\t<td>Species:<\/td>&nbsp;\t\t\t\t\t\t\t\t\t\t\t\t\t\t\t\t\t<td>25<\/td>&nbsp;\t\t\t\t\t\t\t\t\t\t\t\t\t\t\t\t\t<td>&nbsp;&nbsp;&nbsp;&nbsp;&nbsp;&nbsp;&nbsp;&nbsp;\t\t\t\t\t\t\t\t\t\t\t\t\t\t\t\t\t\t\t\t\t\t\t\t\t\t\t\t\t\t\t\t\t\t\t<\/td>&nbsp;\t\t\t\t\t\t\t\t\t\t\t\t\t\t\t\t\t<td>&nbsp;<\/td>&nbsp;\t\t\t\t\t\t\t\t\t\t\t\t\t\t\t\t<\/tr>&nbsp;\t\t\t\t\t\t\t\t\t\t\t\t\t\t\t\t<tr>&nbsp;\t\t\t\t\t\t\t\t\t\t\t\t\t\t\t\t\t<td>Species <br\/>With Barcodes:<\/td>&nbsp;\t\t\t\t\t\t\t\t\t\t\t\t\t\t\t\t\t<td>24<\/td>&nbsp;\t\t\t\t\t\t\t\t\t\t\t\t\t\t\t\t\t<td>&nbsp;&nbsp;&nbsp;&nbsp;&nbsp;&nbsp;&nbsp;&nbsp;\t\t\t\t\t\t\t\t\t\t\t\t\t\t\t\t\t\t\t\t\t\t\t\t\t\t\t\t\t\t\t\t\t\t\t<\/td>&nbsp;\t\t\t\t\t\t\t\t\t\t\t\t\t\t\t\t\t<td>&nbsp;<\/td>&nbsp;\t\t\t\t\t\t\t\t\t\t\t\t\t\t\t\t<\/tr>&nbsp;\t\t\t\t\t\t\t\t\t\t\t\t\t\t\t\t<tr>&nbsp;\t\t\t\t\t\t\t\t\t\t\t\t\t\t\t\t\t<td>&nbsp;<\/td>&nbsp;\t\t\t\t\t\t\t\t\t\t\t\t\t\t\t\t\t<td><\/td>&nbsp;\t\t\t\t\t\t\t\t\t\t\t\t\t\t\t\t\t<td>&nbsp;&nbsp;&nbsp;&nbsp;&nbsp;&nbsp;&nbsp;&nbsp;\t\t\t\t\t\t\t\t\t\t\t\t\t\t\t\t\t\t\t\t\t\t\t\t\t\t\t\t\t\t\t\t\t\t\t<\/td>&nbsp;\t\t\t\t\t\t\t\t\t\t\t\t\t\t\t\t\t<td>&nbsp;<\/td>&nbsp;\t\t\t\t\t\t\t\t\t\t\t\t\t\t\t\t<\/tr>&nbsp;\t\t\t\t\t\t\t\t\t\t\t\t\t\t\t\t<tr>&nbsp;\t\t\t\t\t\t\t\t\t\t\t\t\t\t\t\t\t<td><\/td><\/tr><\/table> <br\/>"},"flathierarchy":null,"preferredCommonNames":{"vernacularName":"barracudas","language":"en","eol_preferred":true},"commonNames":[{"vernacularName":"barracudas","language":"en","eol_preferred":true}],"image":{"objectId":"72ccb9aab9af4b0e320840a7da17e097","identifier":"72ccb9aab9af4b0e320840a7da17e097","title":"Giant Barracuda (Sphyraena barracuda) with prey","licence":"http:\/\/creativecommons.org\/licenses\/publicdomain\/3.0\/","rights":null,"credits":"Florida Keys National Marine Sanctuary&copy; ","description":null,"mimeType":"jpg","fileName":"72ccb9aab9af4b0e320840a7da17e097.jpg","URL":"http:\/\/media.eol.org\/content\/2011\/10\/06\/00\/18446_orig.jpg"},"iucnStatus":""}}