{"48196800":{"collectionid":12019,"pageid":204401,"taxonConceptId":48196800,"taxonName":"Sphaeramia nematoptera","textDesc":{"objectId":"e9b913dda6cba0e60e55388209e1f688","identifier":"e9b913dda6cba0e60e55388209e1f688","title":"Biology","licence":"http:\/\/creativecommons.org\/licenses\/by-nc\/3.0\/","rights":null,"credits":"&copy; FishBase","description":"Forms aggregations among the branches of Porites nigrescens and P. cylindrica in sheltered bays and lagoons <br\/>(Ref. 1602, 48635).  Disperses at night to feed close to the bottom (Ref. 9710).  Has been reared in captivity (Ref. <br\/>35407).  Popular aquarium fish (Ref. 37816). "},"flathierarchy":[{"sourceIdentifier":"10069258","taxonID":48196800,"parentNameUsageID":48196799,"taxonConceptID":204401,"scientificName":"Sphaeramia nematoptera (Bleeker, 1856)","taxonRank":"Species","type":"leaf"}],"preferredCommonNames":{"vernacularName":"Pyjama cardinalfish","language":"en","eol_preferred":true},"commonNames":[{"vernacularName":"Kungkungan","language":"","eol_preferred":true},{"vernacularName":"\u4e1d\u9ccd\u5706\u5929\u7afa\u9cb7","language":"cnm","eol_preferred":true},{"vernacularName":"\u4e1d\u9ccd\u5706\u7afa\u9cb7","language":"cnm"},{"vernacularName":"\u5927\u76ee\u4fa7\u4ed4","language":"cnm"},{"vernacularName":"\u5927\u76ee\u5074\u4ed4","language":"cnm"},{"vernacularName":"\u5927\u9762\u4fa7\u4ed4","language":"cnm"},{"vernacularName":"\u5927\u9762\u5074\u4ed4","language":"cnm"},{"vernacularName":"\u7d72\u9c2d\u5713\u5929\u7afa\u9bdb","language":"cnm"},{"vernacularName":"\u7d72\u9c2d\u5713\u7afa\u9bdb","language":"cnm"},{"vernacularName":"Pyjamas-kardinalfisk","language":"da","eol_preferred":true},{"vernacularName":"Pyjama cardinalfish","language":"en","eol_preferred":true},{"vernacularName":"Cardinalfish","language":"en"},{"vernacularName":"Coral cardinalfish","language":"en"},{"vernacularName":"Pajama cardinalfish","language":"en"},{"vernacularName":"Polkadot cardinal fish","language":"en"},{"vernacularName":"Polkadot cardinalfish","language":"en"},{"vernacularName":"Pyjama cardinal","language":"en"},{"vernacularName":"Spotted coral cardinalfish","language":"en"},{"vernacularName":"Tina","language":"fj","eol_preferred":true},{"vernacularName":"Manj\u00fb-ishimochi","language":"ja","eol_preferred":true},{"vernacularName":"Manj\u02da-ishimochi","language":"ja"},{"vernacularName":"Seriding","language":"ms","eol_preferred":true},{"vernacularName":"Capungon","language":"ms"},{"vernacularName":"Sebekah","language":"ms"},{"vernacularName":"Sebekah badut","language":"ms"},{"vernacularName":"Semangka","language":"ms"},{"vernacularName":"Pyamas-kardinalfisk","language":"sv","eol_preferred":true},{"vernacularName":"Suga","language":"tl","eol_preferred":true},{"vernacularName":"Dangat","language":"tl"}],"image":{"objectId":"96929e2fa4122ab6408972932c189a29","identifier":"96929e2fa4122ab6408972932c189a29","title":"Aquarium of the Pacific, August 2010","licence":"http:\/\/creativecommons.org\/licenses\/by-nc\/3.0\/","rights":null,"credits":"Robertson, D Ross&copy; ","description":null,"mimeType":"jpg","fileName":"96929e2fa4122ab6408972932c189a29.jpg","URL":"http:\/\/media.eol.org\/content\/2011\/10\/14\/18\/33622_orig.jpg"}},"48188459":{"collectionid":12019,"pageid":1157739,"taxonConceptId":48188459,"taxonName":"Opistognathus rosenblatti","textDesc":{"objectId":"a06d18ac5f68ee9d5f90a416cabd735d","identifier":"a06d18ac5f68ee9d5f90a416cabd735d","title":"WhyReef - Lifestyle","licence":"http:\/\/creativecommons.org\/licenses\/by\/3.0\/","rights":"Text can be freely copied and altered, as long as original author and source are properly acknowledged.","credits":"&copy; WhyReef","description":"The life of the bluespotted jawfish revolves around its precious burrow.  At night it covers the entrance, and <br\/>every morning rebuilds it.  It lines the burrow with pebbles and shells to make sure it is extra-strong. Sometimes, <br\/>it will even steal parts of other jawfishes\u2019 burrows to improve its own!  It spends its days around its burrow <br\/>because it provides excellent protection from predators. "},"flathierarchy":[{"sourceIdentifier":"10070974","taxonID":48188459,"parentNameUsageID":48188458,"taxonConceptID":1157739,"scientificName":"Opistognathus rosenblatti Allen & Robertson, 1991","taxonRank":"Species","type":"leaf"}],"preferredCommonNames":{"vernacularName":"Blue-spotted jawfish","language":"en","eol_preferred":true},"commonNames":[{"vernacularName":"Boc\u00f3n","language":"","eol_preferred":true},{"vernacularName":"\u7f57\u6c0f\u540e\u988c\u9c27","language":"cnm","eol_preferred":true},{"vernacularName":"\u7f85\u6c0f\u5f8c\u981c\u9c27","language":"cnm"},{"vernacularName":"Bl\u00e5plettet k\u00e6befisk","language":"da","eol_preferred":true},{"vernacularName":"Blue-spotted jawfish","language":"en","eol_preferred":true},{"vernacularName":"bluespotted jawfish","language":"en"},{"vernacularName":"jawfish","language":"en"},{"vernacularName":"Bocon manchas azules","language":"es","eol_preferred":true},{"vernacularName":"Bocon azul","language":"es"},{"vernacularName":"Boc\u00f3n azul","language":"es"},{"vernacularName":"boc\u00f3n manchas azules","language":"es"}],"image":{"objectId":"3f110ed630defc6e973d9b8f7651df48","identifier":"3f110ed630defc6e973d9b8f7651df48","title":"3f110ed630defc6e973d9b8f7651df48","licence":"http:\/\/creativecommons.org\/licenses\/by-nc-sa\/3.0\/","rights":"Non-commercial use","credits":"&copy; Shorefishes of the tropical eastern Pacific online information system. www.stri.org\/sftep","description":null,"mimeType":"jpg","fileName":"3f110ed630defc6e973d9b8f7651df48.jpg","URL":"http:\/\/media.eol.org\/content\/2009\/05\/21\/15\/30026_orig.jpg"}},"48131744":{"collectionid":12019,"pageid":41518,"taxonConceptId":48131744,"taxonName":"Dasyurus","textDesc":{"objectId":"4357b210d51e012f3c5f47c480ab80b2","identifier":"4357b210d51e012f3c5f47c480ab80b2","title":"4357b210d51e012f3c5f47c480ab80b2","licence":"http:\/\/creativecommons.org\/licenses\/by\/3.0\/","rights":null,"credits":"&copy; Leo Shapiro","description":"<p><\/p> <br\/><p>The six species of marsupials in the genus <em>Dasyurus<\/em> are known as quolls. Four species <br\/>are found in Australia and two (<em>D. spartacus<\/em> and <em>D. albopunctatus<\/em>) in New Guinea. Habitats <br\/>include dense, moist forests (<em>D. maculatus<\/em>); drier forest and open country (<em>D. viverrinus<\/em>); <br\/>savannah (<em>D. geoffroii<\/em>); woodland and rocky areas (<em>D. hallucatus<\/em>); low savannah (<em>D. <br\/>spartacus<\/em>); and a range of conditions up to 3500 m for <em>D. albopunctatus<\/em>.&nbsp;All species are <br\/>mainly nocturnal and mainly terrestrial, although they are good climbers. They are all predators, although <br\/>some plant material may also be eaten. The diet of the smaller species is largely insects, but <em>D. maculatus<\/em> <br\/>may take mammals as large as wallabies. (Nowak 1991)<\/p> <br\/><p>Several quoll species have experienced severe <br\/>population declines since European settlement of Australia. For example, the Western Quoll or Chuditch (<i>D. <br\/>geoffroii<\/i>) was once distributed over nearly 70% of the Australian mainland but is now found on less than 2% <br\/>of the continent. Factors believed to have driven this decline include land clearing, degradation of habitat <br\/>by introduced herbivores, persecution by humans, altered fire regimes, epidemic disease, and the impacts of <br\/>introduced foxes (<i>Vulpes vulpes<\/i>) and feral cats (<i>Felis catus<\/i>). Foxes and cats may compete with <br\/>Western Quolls for limited food resources&nbsp;and, perhaps more importantly, may kill quolls in direct encounters <br\/>(cats and especially foxes may be three to four times the size of a Wester Quoll, which can grow to around 2 kg). (Glen <br\/>et al. 2009 and references therein)<\/p> <br\/><p>The Northern Quoll (<em>D. hallucatus<\/em>) has been seriously <br\/>threatened by the invasion of the highly toxic cane toad (<em>Bufo marinus<\/em>). Following toad invasion, <br\/>local quoll populations have disappeared across Northern Australia. Cane Toads were introduced to Queensland <br\/>in 1935 and have since spread across northern Australia. Because this toad's toxins are very different from those <br\/>found in native frogs, many native vertebrate predators die after attacking or consuming toads. In northern <br\/>Australia, Cane Toads have caused severe population declines of varanid lizards and freshwater crocodiles <br\/>as well as Northern Quolls.<\/p> <br\/><p>A range of conservation efforts have been pursued to blunt the impact <br\/>of the toads, including the translocation of Northern Quolls to islands that remain free of Cane Toads. O'Donnell <br\/>et al. (2010) reported on another strategy, namely training Northern Quolls to associate toads with nausea without <br\/>actually exposing them to the toad toxins. Initial trials were promising, with &quot;toad-smart&quot; quolls <br\/>less likely to attack toads and exhibiting increased short-term survival rates in the wild (interestingly, <br\/>females, independent of their training, &nbsp;were also less likely to attack toads). The authors observations <br\/>also confirmed claims by others that consuming toads poses a serious threat to Northern Quolls. They report that <br\/>they observed four &quot;toad-na\u0131ve&quot; quolls within hours of their release attacking large toads, then <br\/>convulsing and dying.<\/p> "},"flathierarchy":[{"sourceIdentifier":"11086650","taxonID":48131744,"parentNameUsageID":48131701,"taxonConceptID":41518,"scientificName":"Dasyurus","taxonRank":"Genus","type":"leaf"}],"preferredCommonNames":{"vernacularName":"quolls","language":"en","eol_preferred":true},"commonNames":[{"vernacularName":"tiger cats","language":"","eol_preferred":true},{"vernacularName":"marsupial cats","language":""},{"vernacularName":"quolls","language":"en","eol_preferred":true},{"vernacularName":"native \u0022cats\u0022","language":"en"},{"vernacularName":"native 'cats'","language":"en"},{"vernacularName":"native cats","language":"en"},{"vernacularName":"tiger \u0022cats\u0022","language":"en"},{"vernacularName":"tiger 'cats'","language":"en"}],"image":{"objectId":"db7da475706885e156171ffd8d8e8abd","identifier":"db7da475706885e156171ffd8d8e8abd","title":"File:Dasyurus viverrinus.jpg","licence":"http:\/\/creativecommons.org\/licenses\/by-sa\/3.0\/","rights":null,"credits":"Michael Barritt &amp; Karen May&copy; ","description":null,"mimeType":"jpg","fileName":"db7da475706885e156171ffd8d8e8abd.jpg","URL":"http:\/\/media.eol.org\/content\/2012\/06\/13\/06\/77506_orig.jpg"}},"48210959":{"collectionid":12019,"pageid":213360,"taxonConceptId":48210959,"taxonName":"Ophichthus polyophthalmus Bleeker, 1864","textDesc":{"objectId":"4b61d479fde00ed909f5a51c77158d72","identifier":"4b61d479fde00ed909f5a51c77158d72","title":"Biology","licence":"http:\/\/creativecommons.org\/licenses\/by-nc\/3.0\/","rights":null,"credits":"&copy; FishBase","description":"Inhabits sand near coral reefs (Ref. 37816, 48635). "},"flathierarchy":[{"sourceIdentifier":"10054248","taxonID":48210959,"parentNameUsageID":48210906,"taxonConceptID":213360,"scientificName":"Ophichthus polyophthalmus Bleeker, 1864","taxonRank":"Species","type":"leaf"}],"preferredCommonNames":{"vernacularName":"Many-eyed snake-eel","language":"en","eol_preferred":true},"commonNames":[{"vernacularName":"Congre-chabouk","language":"","eol_preferred":true},{"vernacularName":"Veeloog-slangpaling","language":"af","eol_preferred":true},{"vernacularName":"\u591a\u6591\u86c7\u9c3b","language":"cnm","eol_preferred":true},{"vernacularName":"\u591a\u6591\u86c7\u9cd7","language":"cnm"},{"vernacularName":"\u773c\u6591\u5c0f\u9f52\u86c7\u9c3b","language":"cnm"},{"vernacularName":"\u773c\u6591\u5c0f\u9f7f\u86c7\u9cd7","language":"cnm"},{"vernacularName":"\u773c\u6591\u7d30\u9f52\u9c3b","language":"cnm"},{"vernacularName":"\u773c\u6591\u7ec6\u9f7f\u9cd7","language":"cnm"},{"vernacularName":"Hadar mnohook\u00fd","language":"cs","eol_preferred":true},{"vernacularName":"Hada\u0159 mnohook\u00fd","language":"cs"},{"vernacularName":"Many-eyed snake-eel","language":"en","eol_preferred":true},{"vernacularName":"Large-spotted snake eel","language":"en"},{"vernacularName":"Many-eyed snake eel","language":"en"},{"vernacularName":"Yellow-spotted snake eel","language":"en"},{"vernacularName":"manyeyed worm eel","language":"en"},{"vernacularName":"ocellated worm eel","language":"en"},{"vernacularName":"Wanuke-mongarad\u00f4shi","language":"ja","eol_preferred":true}],"image":""},"48175875":{"collectionid":12019,"pageid":212630,"taxonConceptId":48175875,"taxonName":"Ostracion cubicus","textDesc":{"objectId":"719d7df06121f03e0328a65e59d87aaf","identifier":"719d7df06121f03e0328a65e59d87aaf","title":"Biology","licence":"http:\/\/creativecommons.org\/licenses\/by-nc\/3.0\/","rights":null,"credits":"&copy; FishBase","description":"Inhabit lagoon and semi-sheltered seaward reefs.  Juveniles often among Acropora corals (Ref. 9710).  Benthopelagic <br\/>(Ref. 58302).  Solitary (Ref. 5503).  Juveniles expatriating to subtropical zone from the pelagic larval stage. <br\/> Small juveniles secretive in narrow crevices (Ref. 48637).  Feed primarily on algae with a compliment of microorganisms, <br\/>invertebrates, mollusks, sponges (Ref. 5503), sand dwelling polychaetes, crustaceans, foraminiferans, <br\/>and fishes (Ref. 37816). "},"flathierarchy":[{"sourceIdentifier":"10085276","taxonID":48175875,"parentNameUsageID":48175874,"taxonConceptID":212630,"scientificName":"Ostracion cubicus Linnaeus, 1758","taxonRank":"Species","type":"leaf"}],"preferredCommonNames":{"vernacularName":"Cube trunkfish","language":"en","eol_preferred":true},"commonNames":[{"vernacularName":"Baul-baul","language":"","eol_preferred":true},{"vernacularName":"Bimmaka","language":"","eol_preferred":true},{"vernacularName":"Bubeu","language":"","eol_preferred":true},{"vernacularName":"Butiti","language":"","eol_preferred":true},{"vernacularName":"Da","language":"","eol_preferred":true},{"vernacularName":"Goffe","language":"","eol_preferred":true},{"vernacularName":"Gon","language":"","eol_preferred":true},{"vernacularName":"Gonu","language":"","eol_preferred":true},{"vernacularName":"Ko","language":"","eol_preferred":true},{"vernacularName":"Ssab","language":"","eol_preferred":true},{"vernacularName":"Tawalung","language":"","eol_preferred":true},{"vernacularName":"Tikong","language":"","eol_preferred":true},{"vernacularName":"Riaml","language":""},{"vernacularName":"Koffertjie","language":"af","eol_preferred":true},{"vernacularName":"Sandook Al-Bahar","language":"ar","eol_preferred":true},{"vernacularName":"Sandook al bahar","language":"ar"},{"vernacularName":"\u70b9\u6591\u7bb1\u9c80","language":"cnm","eol_preferred":true},{"vernacularName":"\u7c92\u7a81\u7bb1\u9b68","language":"cnm"},{"vernacularName":"\u7c92\u7a81\u7bb1\u9c80","language":"cnm"},{"vernacularName":"\u9ede\u6591\u7bb1\u9b68","language":"cnm"},{"vernacularName":"Plettet kuffertfisk","language":"da","eol_preferred":true},{"vernacularName":"Gelbbrauner Kofferfisch","language":"de","eol_preferred":true},{"vernacularName":"Cube trunkfish","language":"en","eol_preferred":true},{"vernacularName":"Black-spotted","language":"en"},{"vernacularName":"Black-spotted boxfish","language":"en"},{"vernacularName":"Blue-spotted boxfish","language":"en"},{"vernacularName":"Box fish","language":"en"},{"vernacularName":"Boxy","language":"en"},{"vernacularName":"Cofferfish","language":"en"},{"vernacularName":"Cowfish","language":"en"},{"vernacularName":"Cube Boxfish","language":"en"},{"vernacularName":"Cubical boxfish","language":"en"},{"vernacularName":"Ocellated box fish","language":"en"},{"vernacularName":"Polkadot boxfish","language":"en"},{"vernacularName":"Spotted box fish","language":"en"},{"vernacularName":"Yellow boxfish","language":"en"},{"vernacularName":"boxfish","language":"en"},{"vernacularName":"Toa","language":"es","eol_preferred":true},{"vernacularName":"Toa","language":"fj","eol_preferred":true},{"vernacularName":"gugu","language":"fj"},{"vernacularName":"Ostracion cubicus","language":"fr","eol_preferred":true},{"vernacularName":"Bourse coffre","language":"fr"},{"vernacularName":"Coffre jaune","language":"fr"},{"vernacularName":"Coffre \u00e0 points bleus","language":"fr"},{"vernacularName":"Poisson coffre jaune","language":"fr"},{"vernacularName":"Poisson coffre-cornu","language":"fr"},{"vernacularName":"Poulet de la mer","language":"fr"},{"vernacularName":"Minami-hakofugu","language":"ja","eol_preferred":true},{"vernacularName":"\ub178\ub791\uac70\ubd81\ubcf5","language":"ko","eol_preferred":true},{"vernacularName":"Bill","language":"mh","eol_preferred":true},{"vernacularName":"\u0d24\u0d4b\u0d28\u0d4d\u0d35\u0d4d","language":"ml","eol_preferred":true},{"vernacularName":"Thombu","language":"ml"},{"vernacularName":"\u0d24\u0d4a\u0d28\u0d4d\u0d2a\u0d41","language":"ml"},{"vernacularName":"\u0d24\u0d4a\u0d28\u0d4d\u0d2a\u0d41\u00a0","language":"ml"},{"vernacularName":"Lelembu","language":"ms","eol_preferred":true},{"vernacularName":"Blimbing kuning","language":"ms"},{"vernacularName":"Buntal","language":"ms"},{"vernacularName":"Buntal batu","language":"ms"},{"vernacularName":"Buntal batu peti","language":"ms"},{"vernacularName":"Buntal kota peti","language":"ms"},{"vernacularName":"Buntal kotak","language":"ms"},{"vernacularName":"Buntal kumbang","language":"ms"},{"vernacularName":"Buntal peti","language":"ms"},{"vernacularName":"Buntal tanduk","language":"ms"},{"vernacularName":"Buntel kotak","language":"ms"},{"vernacularName":"Ikan lembu","language":"ms"},{"vernacularName":"Kaban kuning","language":"ms"},{"vernacularName":"Kostera gruzelkowata","language":"pl","eol_preferred":true},{"vernacularName":"Moamoa-uli","language":"sm","eol_preferred":true},{"vernacularName":"Moamoa-sama","language":"sm"},{"vernacularName":"Tabarong","language":"tl","eol_preferred":true},{"vernacularName":"Baka baka","language":"tl"},{"vernacularName":"Baka-Baka","language":"tl"},{"vernacularName":"Baka-bakahan","language":"tl"},{"vernacularName":"Momoa afata","language":"ty","eol_preferred":true}],"image":{"objectId":"55ea3e01d66629ece588c09ee9a69ed6","identifier":"55ea3e01d66629ece588c09ee9a69ed6","title":"55ea3e01d66629ece588c09ee9a69ed6","licence":"http:\/\/creativecommons.org\/licenses\/by-nc-sa\/3.0\/","rights":null,"credits":"Dennis Polack&copy; FishWise Professional","description":null,"mimeType":"jpg","fileName":"55ea3e01d66629ece588c09ee9a69ed6.jpg","URL":"http:\/\/media.eol.org\/content\/2011\/06\/03\/04\/58051_orig.jpg"}},"47855160":{"collectionid":12019,"pageid":267542,"taxonConceptId":47855160,"taxonName":"Tarucus sybaris Hopffer 1855","textDesc":{"objectId":"4f135aa4fbea73910bfd06a52ebb9b2b","identifier":"4f135aa4fbea73910bfd06a52ebb9b2b","title":"Statistics of barcoding coverage: Tarucus sybaris","licence":"http:\/\/creativecommons.org\/licenses\/by\/3.0\/","rights":null,"credits":"&copy; Barcode of Life Data Systems","description":"Barcode of Life Data Systems (BOLDS) Stats <br> Public Records: 0<br>Specimens with Barcodes: 3<br>Species <br\/>With Barcodes: 1<br><br> "},"flathierarchy":[{"sourceIdentifier":"10702533","taxonID":47855160,"parentNameUsageID":47855130,"taxonConceptID":267542,"scientificName":"Tarucus sybaris Hopffer 1855","taxonRank":"Species","type":"leaf"}],"preferredCommonNames":false,"commonNames":[],"image":""},"48217315":{"collectionid":12019,"pageid":330984,"taxonConceptId":48217315,"taxonName":"Oophaga pumilio (Schmidt, 1857)","textDesc":{"objectId":"80dd7b2965c5a90b48cf69c020f92bfa","identifier":"80dd7b2965c5a90b48cf69c020f92bfa","title":"IUCN Red List Assessment","licence":"http:\/\/creativecommons.org\/licenses\/by-nc-sa\/3.0\/","rights":"\u00a9 International Union for Conservation of Nature and Natural Resources","credits":"&copy; International Union for Conservation of Nature and Natural Resources","description":"<div id=\u0022x_category_and_criteria\u0022> <br\/><b>Red List Category<\/b><br\/> <div id=\u0022red_list_category_code\u0022>LC<\/div> <br\/><div id=\u0022red_list_category_title\u0022>Least Concern<\/div> <br\/><b>Red List Criteria<\/b><br\/> <div id=\u0022red_list_criteria\u0022\/> <br\/><br\/><b>Version<\/b><br\/> <div id=\u0022category_version\u0022>3.1<\/div> <\/div> <br\/><b>Year Assessed<\/b><br\/> <br\/><div id=\u0022modified_year\u0022>2010<\/div> <br\/><b>Assessor\/s<\/b><br\/> <div id=\u0022assessors\u0022>Frank Sol\u00eds, Roberto <br\/>Ib\u00e1\u00f1ez, C\u00e9sar Jaramillo, Gerardo Chaves, Jay Savage, Gunther K\u00f6hler, Neil Cox<\/div> <br\/><b>Reviewer\/s<\/b><br\/> <br\/><div id=\u0022reviewers\u0022>Global Amphibian Assessment Coordinating Team (Simon Stuart, Janice Chanson, Neil Cox <br\/>and Bruce Young)<\/div> <br\/><b>Justification<\/b><br\/> <div id=\u0022justification\u0022>Listed as Least Concern <br\/>in view of its wide distribution, tolerance of a degree of habitat modification, presumed large population, <br\/>and because it is unlikely to be declining fast enough to qualify for listing in a more threatened category.<\/div> <br\/><br\/><b>History<\/b><br\/> <ul id=\u0022assessment_years\u0022><li class=\u0022assessment_year\u0022> <div class=\u0022year\u0022>2008<\/div> <br\/><div class=\u0022category\u0022>Least Concern<\/div> <\/li> <\/ul> "},"flathierarchy":[{"sourceIdentifier":"7155822","taxonID":48217315,"parentNameUsageID":48217309,"taxonConceptID":330984,"scientificName":"Oophaga pumilio (Schmidt, 1857)","taxonRank":"Species","type":"leaf"}],"preferredCommonNames":{"vernacularName":"Strawberry Poison-dart Frog","language":"en","eol_preferred":true},"commonNames":[{"vernacularName":"Strawberry Poison-dart Frog","language":"en","eol_preferred":true},{"vernacularName":"Flaming Poison-arrow Frog","language":"en"},{"vernacularName":"Flaming poison frog","language":"en"},{"vernacularName":"Red-and-blue poison frog","language":"en"},{"vernacularName":"Strawberry poison frog","language":"en"}],"image":{"objectId":"20e7a556c1b272adc3d66a3fe2fe98fc","identifier":"20e7a556c1b272adc3d66a3fe2fe98fc","title":"20e7a556c1b272adc3d66a3fe2fe98fc","licence":"http:\/\/creativecommons.org\/licenses\/by-nc-sa\/3.0\/","rights":null,"credits":"<a href='http:\/\/calphotos.berkeley.edu\/cgi\/photographer_query?where-name_full=Todd+Pierson&one=T'>Todd Pierson<\/a>&copy; 2012 Todd Pierson","description":null,"mimeType":"jpg","fileName":"20e7a556c1b272adc3d66a3fe2fe98fc.jpg","URL":"http:\/\/media.eol.org\/content\/2012\/05\/01\/07\/25719_orig.jpg"}},"48189852":{"collectionid":12019,"pageid":846777,"taxonConceptId":48189852,"taxonName":"Anampses melanurus Bleeker, 1857","textDesc":{"objectId":"6d457d6399139316b5edebdd04ce93b4","identifier":"6d457d6399139316b5edebdd04ce93b4","title":"Biology","licence":"http:\/\/creativecommons.org\/licenses\/by-nc\/3.0\/","rights":null,"credits":"&copy; FishBase","description":"Adults occur in seaward reefs (Ref. 1602).  Also in deep coastal to outer reef slopes and drop-offs (Ref. 48636). <br\/> Solitary or in pairs in the surge zone, rarely to 30 m (Ref. 9710).  They swim in small groups, each with several females <br\/>and a single dominant male (Ref. 48636).  Feed on small crustaceans, mollusks and polychaetes.  Bury in sand at <br\/>night (Ref. 9710).  Oviparous, distinct pairing during breeding (Ref. 205). "},"flathierarchy":[{"sourceIdentifier":"10076145","taxonID":48189852,"parentNameUsageID":48189843,"taxonConceptID":846777,"scientificName":"Anampses melanurus Bleeker, 1857","taxonRank":"Species","type":"leaf"}],"preferredCommonNames":{"vernacularName":"Blacktail wrasse","language":"en","eol_preferred":true},"commonNames":[{"vernacularName":"\u4e4c\u5c3e\u963f\u5357\u9c7c","language":"cnm","eol_preferred":true},{"vernacularName":"\u5c3e\u6591\u963f\u5357\u9b5a","language":"cnm"},{"vernacularName":"\u5c3e\u6591\u963f\u5357\u9c7c","language":"cnm"},{"vernacularName":"\u70cf\u5c3e\u963f\u5357\u9b5a","language":"cnm"},{"vernacularName":"Blacktail wrasse","language":"en","eol_preferred":true},{"vernacularName":"New Guinea wrasse","language":"en"},{"vernacularName":"White-spotted wrasse","language":"en"},{"vernacularName":"Labe","language":"fj","eol_preferred":true},{"vernacularName":"Kurofuchi-susukibera","language":"ja","eol_preferred":true},{"vernacularName":"Nuri bintik putih","language":"ms","eol_preferred":true},{"vernacularName":"Bayan","language":"ms"},{"vernacularName":"Sugale","language":"sm","eol_preferred":true}],"image":{"objectId":"4fe8f49f678e472973d3f061babaa1bb","identifier":"4fe8f49f678e472973d3f061babaa1bb","title":"4fe8f49f678e472973d3f061babaa1bb","licence":"http:\/\/creativecommons.org\/licenses\/by-nc-sa\/3.0\/","rights":null,"credits":"Sally Polack&copy; FishWise Professional","description":null,"mimeType":"jpg","fileName":"4fe8f49f678e472973d3f061babaa1bb.jpg","URL":"http:\/\/media.eol.org\/content\/2010\/11\/08\/07\/16601_orig.jpg"}},"48176020":{"collectionid":12019,"pageid":204726,"taxonConceptId":48176020,"taxonName":"Oxymonacanthus longirostris","textDesc":{"objectId":"9d012b64e040b7e4de16c7ac7cfc33ca","identifier":"9d012b64e040b7e4de16c7ac7cfc33ca","title":"Biology","licence":"http:\/\/creativecommons.org\/licenses\/by-nc\/3.0\/","rights":null,"credits":"&copy; FishBase","description":"Occurs in clear lagoon and seaward reefs from 0.5 to at least 30 m.  Found in pairs or small groups and nests near bases <br\/>of dead corals, often on clumps of algae.  Monogamous (Ref. 52884, 48637).  Feeds exclusively on Acropora polyps. <br\/>Feeding takes place throughout the day becoming less towards the evening (Ref. 46144). "},"flathierarchy":[{"sourceIdentifier":"10085213","taxonID":48176020,"parentNameUsageID":48176018,"taxonConceptID":204726,"scientificName":"Oxymonacanthus longirostris (Bloch & Schneider, 1801)","taxonRank":"Species","type":"leaf"}],"preferredCommonNames":{"vernacularName":"Longnose filefish","language":"en","eol_preferred":true},"commonNames":[{"vernacularName":"Moichall","language":"","eol_preferred":true},{"vernacularName":"Pakol","language":"","eol_preferred":true},{"vernacularName":"Sagoksok","language":"","eol_preferred":true},{"vernacularName":"Sagugsok","language":"","eol_preferred":true},{"vernacularName":"Te bubuawai","language":"","eol_preferred":true},{"vernacularName":"Thundigu-kalihi","language":"","eol_preferred":true},{"vernacularName":"Panitan","language":""},{"vernacularName":"Harlekyn-vylvis","language":"af","eol_preferred":true},{"vernacularName":"\u5c16\u543b\u5355\u68d8\u9c80","language":"cnm","eol_preferred":true},{"vernacularName":"\u5c16\u543b\u55ae\u68d8\u9b68","language":"cnm"},{"vernacularName":"\u5c16\u543b\u9b68","language":"cnm"},{"vernacularName":"\u5c16\u543b\u9c80","language":"cnm"},{"vernacularName":"\u5c16\u5634\u70ae\u5f39","language":"cnm"},{"vernacularName":"\u5c16\u5634\u7832\u5f48","language":"cnm"},{"vernacularName":"Langsnudet filfisk","language":"da","eol_preferred":true},{"vernacularName":"Orangepunkt-Feilenfisch","language":"de","eol_preferred":true},{"vernacularName":"Muraka rondu","language":"dv","eol_preferred":true},{"vernacularName":"Longnose filefish","language":"en","eol_preferred":true},{"vernacularName":"Coral filefish","language":"en"},{"vernacularName":"Harlequin filefish","language":"en"},{"vernacularName":"Longnosed filefish","language":"en"},{"vernacularName":"beaked leatherjacket","language":"en"},{"vernacularName":"Poisson lime \u00e0 taches oranges","language":"fr","eol_preferred":true},{"vernacularName":"Bourse arlequin","language":"fr"},{"vernacularName":"Lime \u00e0 taches orange","language":"fr"},{"vernacularName":"Lime \u00e0 taches oranges","language":"fr"},{"vernacularName":"Tengukawahagi","language":"ja","eol_preferred":true},{"vernacularName":"\u0d1a\u0d41\u0d23\u0d4d\u0d1f\u0d28\u0d4d \u0d15\u0d30\u0d1f\u0d4d\u0d1f\u0d3f","language":"ml","eol_preferred":true},{"vernacularName":"Chundan-karatti","language":"ml"},{"vernacularName":"\u0d1a\u0d41\u0d23\u0d4d\u0d1f\u0d02 \u0d15\u0d30\u0d1f\u0d4d\u0d1f\u0d3f","language":"ml"},{"vernacularName":"\u0d1a\u0d41\u0d23\u0d4d\u0d1f\u0d28\u0d4d \u0d15\u0d30\u0d1f\u0d4d\u0d1f\u0d3f\u00a0","language":"ml"},{"vernacularName":"Kerosok padi","language":"ms","eol_preferred":true},{"vernacularName":"Barat-barat","language":"ms"},{"vernacularName":"Barat-barat sumpit","language":"ms"},{"vernacularName":"Jagungan","language":"ms"},{"vernacularName":"Kerosok","language":"ms"},{"vernacularName":"Dlinnorylyi edinorog","language":"ru","eol_preferred":true},{"vernacularName":"Pa&#39;umalo-gutuumi","language":"sm","eol_preferred":true},{"vernacularName":"Pa'umalo-gutuumi","language":"sm"},{"vernacularName":"Orangefl\u00e4ckig Filfisk","language":"sv","eol_preferred":true}],"image":{"objectId":"9e53df1d29c141d78b3f8a94956c73fa","identifier":"9e53df1d29c141d78b3f8a94956c73fa","title":"9e53df1d29c141d78b3f8a94956c73fa","licence":"http:\/\/creativecommons.org\/licenses\/by-nc-sa\/3.0\/","rights":null,"credits":"Jeff Johnson&copy; FishWise Professional","description":null,"mimeType":"jpg","fileName":"9e53df1d29c141d78b3f8a94956c73fa.jpg","URL":"http:\/\/media.eol.org\/content\/2010\/11\/08\/06\/71576_orig.jpg"}},"48134953":{"collectionid":12019,"pageid":313992,"taxonConceptId":48134953,"taxonName":"Dama dama","textDesc":{"objectId":"d3155478f4a095edce296651bad4c8ad","identifier":"d3155478f4a095edce296651bad4c8ad","title":"Biology","licence":"http:\/\/creativecommons.org\/licenses\/by-nc-sa\/3.0\/","rights":"Copyright Wildscreen 2003-2008","credits":"&copy; Wildscreen","description":"Like many species of deer, the fallow deer is active throughout the 24-hour period, but in areas where human disturbance <br\/>is high, they tend to be more active at night (2). They typically graze on grasses and rushes, but may also browse <br\/>on young leaves, and also take cereals, berries and acorns (3).&nbsp;For most of the year, males and females occur <br\/>in separate single-sex groups, and large herds can aggregate in open areas where there is plenty of food (3). The <br\/>breeding season, or 'rut' occurs between October and November (3); Males hold 'rutting stands' to defend groups <br\/>of females (6). Rutting behaviour involves displaying, including groaning contests and parallel walks, escalating <br\/>to physical contests in which the males lock antlers and push each other (2). One calf is usually produced during <br\/>June or July (3). "},"flathierarchy":[{"sourceIdentifier":"6862834","taxonID":48134953,"parentNameUsageID":48134952,"taxonConceptID":313992,"scientificName":"Dama dama (Linnaeus, 1758)","taxonRank":"Species","type":"leaf"}],"preferredCommonNames":{"vernacularName":"fallow deer","language":"en","eol_preferred":true},"commonNames":[{"vernacularName":"Texas fallow deers","language":"","eol_preferred":true},{"vernacularName":"Texas fallow deer","language":""},{"vernacularName":"Damhirsch","language":"de","eol_preferred":true},{"vernacularName":"fallow deer","language":"en","eol_preferred":true},{"vernacularName":"Mesopotamian Fallow Deer","language":"en"},{"vernacularName":"Persian Fallow Deer","language":"en"},{"vernacularName":"Gamo","language":"es","eol_preferred":true},{"vernacularName":"Daim europ\u00e9en","language":"fr","eol_preferred":true},{"vernacularName":"Damhert","language":"nl","eol_preferred":true}],"image":{"objectId":"aa488a66965eb8f7a4d26fb740b6faf4","identifier":"aa488a66965eb8f7a4d26fb740b6faf4","title":"File:Dama dama 02 by Line1.jpg","licence":"http:\/\/creativecommons.org\/licenses\/by-sa\/3.0\/","rights":null,"credits":"Lin&amp;amp;eacute;1&copy; ","description":null,"mimeType":"jpg","fileName":"aa488a66965eb8f7a4d26fb740b6faf4.jpg","URL":"http:\/\/media.eol.org\/content\/2012\/06\/13\/03\/50706_orig.jpg"}},"47851369":{"collectionid":12019,"pageid":157747,"taxonConceptId":47851369,"taxonName":"Pardopsis punctatissima","textDesc":{"objectId":"4a979a957ba96d0d965cfb11d6ca0ab5","identifier":"4a979a957ba96d0d965cfb11d6ca0ab5","title":"Introduction","licence":"http:\/\/creativecommons.org\/licenses\/by\/3.0\/","rights":null,"credits":"&copy; <a href=\u0022http:\/\/tolweb.org\/people\/2589\u0022>Andrew V. Z. Brower<\/a>","description":"<p>A widespread, monotypic African genus.<\/p> "},"flathierarchy":[{"sourceIdentifier":"10688566","taxonID":47851369,"parentNameUsageID":47851368,"taxonConceptID":157747,"scientificName":"Pardopsis punctatissima Boisduval 1833","taxonRank":"Species","type":"leaf"}],"preferredCommonNames":false,"commonNames":[],"image":{"objectId":"d2f425d5b60b9d343e7b08094ccf2bcf","identifier":"d2f425d5b60b9d343e7b08094ccf2bcf","title":"Polka Dot (Pardopsis punctatissima)","licence":"http:\/\/creativecommons.org\/licenses\/by-sa\/2.0\/","rights":null,"credits":"<a href='http:\/\/www.flickr.com\/photos\/12457947@N07'>Alan Manson<\/a>&copy; ","description":null,"mimeType":"jpg","fileName":"d2f425d5b60b9d343e7b08094ccf2bcf.jpg","URL":"http:\/\/media.eol.org\/content\/2012\/07\/04\/00\/69942_orig.jpg"}},"47130867":{"collectionid":12019,"pageid":451683,"taxonConceptId":47130867,"taxonName":"Polycera elegans (Bergh, 1894)","textDesc":{"objectId":"5556213bef6b02f908f189c740230897","identifier":"5556213bef6b02f908f189c740230897","title":"Description","licence":"http:\/\/creativecommons.org\/licenses\/by-nc-sa\/3.0\/","rights":"&nbsp;\u00a91998-2011, The Marine Biological Association of the United Kingdom","credits":"&copy; &nbsp;The Marine Biological Association of the United Kingdom","description":"&nbsp;A distinctive colourful sea slug. The smooth body is orange in colour with brilliant blue blotches that <br\/>sometimes contain crimson flecks.  It has 5 - 7 robust and feathery trilobed gills with iridescent blue-green <br\/>lines along their ribs.  The head may bear up to 22 finger-like projections.   It can grow up to 4 cm in length although <br\/>a maximum size of 4.8 cm has been recorded. "},"flathierarchy":[{"sourceIdentifier":"6978762","taxonID":47130867,"parentNameUsageID":47130866,"taxonConceptID":451683,"scientificName":"Greilada elegans","taxonRank":"Species","type":"leaf"}],"preferredCommonNames":{"vernacularName":"Blue spot slug","language":"en","eol_preferred":true},"commonNames":[{"vernacularName":"Blue spot slug","language":"en","eol_preferred":true}],"image":{"objectId":"e529d5f9348bc76074296d9600b380cb","identifier":"e529d5f9348bc76074296d9600b380cb","title":"Greilada elegans","licence":"http:\/\/creativecommons.org\/licenses\/by-nc-sa\/3.0\/","rights":"1995-2010, National Museums Northern Ireland and its licensors","credits":"<a href='http:\/\/www.marinespecies.org\/imis.php?module=person&persid=15762'>Bernard Picton<\/a>&copy; National Museums Northern Ireland and its licensors","description":null,"mimeType":"jpg","fileName":"e529d5f9348bc76074296d9600b380cb.jpg","URL":"http:\/\/media.eol.org\/content\/2010\/03\/30\/04\/12738_orig.jpg"}},"48212119":{"collectionid":12019,"pageid":333313,"taxonConceptId":48212119,"taxonName":"Lissotriton vulgaris","textDesc":{"objectId":"b6e4465ec71718e277ba150097943e74","identifier":"b6e4465ec71718e277ba150097943e74","title":"Biology","licence":"http:\/\/creativecommons.org\/licenses\/by-nc-sa\/3.0\/","rights":"Copyright Wildscreen 2003-2008","credits":"&copy; Wildscreen","description":"Smooth newts spend most of their lives on land; they overwinter under refuges such as logs or stones, and head for <br\/>water bodies in spring in order to breed (5). Activity tends to peak at dusk and dawn, and most feeding takes place <br\/>at night. The diet is composed mainly of aquatic invertebrates when in water, and worms, slugs, snails, beetles <br\/>and flies on land (4).&nbsp;Reproduction is preceded by an elaborate courtship in which the male performs a display <br\/>that involves him vibrating his tail against his body and occasionally slapping it against his side. If successful, <br\/>the male will transfer a packet of sperm to the female by depositing it on the substrate; the female then absorbs <br\/>it into her cloaca (5). Females lay up to 300 eggs between March and June at the rate of 3-7 a day; each egg is wrapped <br\/>individually in leaves (5). After 10-20 days, the eggs hatch and the tadpole larvae, which are known as 'efts' <br\/>and have obvious feathery external gills, begin to swim around after a few days (5). These larvae usually undergo <br\/>metamorphosis between July and September, and return to breed 2-3 years later (5). "},"flathierarchy":[{"sourceIdentifier":"7161482","taxonID":48212119,"parentNameUsageID":48212114,"taxonConceptID":333313,"scientificName":"Lissotriton vulgaris (Linnaeus, 1758)","taxonRank":"Species","type":"leaf"}],"preferredCommonNames":{"vernacularName":"Smooth Newt","language":"en","eol_preferred":true},"commonNames":[{"vernacularName":"Common Newt","language":"","eol_preferred":true},{"vernacularName":"Teichmolch","language":"de","eol_preferred":true},{"vernacularName":"Smooth Newt","language":"en","eol_preferred":true}],"image":{"objectId":"db5004083d37d89918702924addaba9f","identifier":"db5004083d37d89918702924addaba9f","title":"db5004083d37d89918702924addaba9f","licence":"http:\/\/creativecommons.org\/licenses\/publicdomain\/","rights":null,"credits":"<a href='http:\/\/www.biolib.cz\/en\/person\/id295\/'>Ivo Antu\u0161ek<\/a>&copy; ","description":null,"mimeType":"jpg","fileName":"db5004083d37d89918702924addaba9f.jpg","URL":"http:\/\/media.eol.org\/content\/2009\/07\/24\/12\/10826_orig.jpg"}},"48179296":{"collectionid":12019,"pageid":221686,"taxonConceptId":48179296,"taxonName":"Pseudolithoxus dumus","textDesc":{"objectId":"565eeb5faa918ae5e52cfd907463e0b4","identifier":"565eeb5faa918ae5e52cfd907463e0b4","title":"565eeb5faa918ae5e52cfd907463e0b4","licence":"http:\/\/creativecommons.org\/licenses\/by-nc\/3.0\/","rights":null,"credits":"&copy; FishBase","description":"South America:  Upper Orinoco, upper Negro and  Casiquiare River basins in Venezuela. "},"flathierarchy":[{"sourceIdentifier":"10081131","taxonID":48179296,"parentNameUsageID":48179294,"taxonConceptID":221686,"scientificName":"Pseudolithoxus dumus (Armbruster & Provenzano, 2000)","taxonRank":"Species","type":"leaf"}],"preferredCommonNames":false,"commonNames":[{"vernacularName":"Mustaharjapleko","language":"fi","eol_preferred":true}],"image":{"objectId":"76cf1c77f23e3a5a55e1d2551907ec7d","identifier":"76cf1c77f23e3a5a55e1d2551907ec7d","title":"76cf1c77f23e3a5a55e1d2551907ec7d","licence":"http:\/\/creativecommons.org\/licenses\/publicdomain\/","rights":null,"credits":"<a href='http:\/\/www.biolib.cz\/en\/person\/id3003\/'>Jan \u0160ev\u010d\u00edk<\/a>&copy; ","description":null,"mimeType":"jpg","fileName":"76cf1c77f23e3a5a55e1d2551907ec7d.jpg","URL":"http:\/\/media.eol.org\/content\/2010\/03\/24\/07\/81269_orig.jpg"}},"48179359":{"collectionid":12019,"pageid":215163,"taxonConceptId":48179359,"taxonName":"Leporacanthicus galaxias Isbr\u00fccker & Nijssen, 1989","textDesc":{"objectId":"013e231727480148877277a0ed10f3ac","identifier":"013e231727480148877277a0ed10f3ac","title":"013e231727480148877277a0ed10f3ac","licence":"http:\/\/creativecommons.org\/licenses\/by-nc\/3.0\/","rights":null,"credits":"&copy; FishBase","description":"South America:  southern tributaries of the middle and lower Amazon, Madeira, Tocantins and Guam\u00e1 rivers; also <br\/>known from the Ventuari River basin in the upper Orinoco drainage. "},"flathierarchy":[{"sourceIdentifier":"10080941","taxonID":48179359,"parentNameUsageID":48179358,"taxonConceptID":215163,"scientificName":"Leporacanthicus galaxias Isbr\u00fccker & Nijssen, 1989","taxonRank":"Species","type":"leaf"}],"preferredCommonNames":false,"commonNames":[{"vernacularName":"R\u00fcsselzahnwels","language":"de","eol_preferred":true},{"vernacularName":"Helmivampyyripleko","language":"fi","eol_preferred":true}],"image":{"objectId":"4a6b3ceffd0968610ac1936f3c8780a7","identifier":"4a6b3ceffd0968610ac1936f3c8780a7","title":"4a6b3ceffd0968610ac1936f3c8780a7","licence":"http:\/\/creativecommons.org\/licenses\/publicdomain\/","rights":null,"credits":"<a href='http:\/\/www.biolib.cz\/en\/person\/id3003\/'>Jan \u0160ev\u010d\u00edk<\/a>&copy; ","description":null,"mimeType":"jpg","fileName":"4a6b3ceffd0968610ac1936f3c8780a7.jpg","URL":"http:\/\/media.eol.org\/content\/2010\/03\/24\/07\/86522_orig.jpg"}},"48179272":{"collectionid":12019,"pageid":994049,"taxonConceptId":48179272,"taxonName":"Scobinancistrus cf. pariolispos ZSM IchtZSM 29276","textDesc":{"objectId":"4201eea35fb0da987077ae350c542dc2","identifier":"4201eea35fb0da987077ae350c542dc2","title":"4201eea35fb0da987077ae350c542dc2","licence":"http:\/\/creativecommons.org\/licenses\/by-nc\/3.0\/","rights":null,"credits":"&copy; FishBase","description":"South America:  Tocantins and Tapaj\u00f3s River basins in Brazil. "},"flathierarchy":[{"sourceIdentifier":"10081262","taxonID":48179272,"parentNameUsageID":48179270,"taxonConceptID":994049,"scientificName":"Scobinancistrus pariolispos Isbr\u00fccker & Nijssen, 1989","taxonRank":"Species","type":"leaf"}],"preferredCommonNames":false,"commonNames":[{"vernacularName":"Golden Cloud-Plecko","language":"de","eol_preferred":true},{"vernacularName":"Hopeapleko","language":"fi","eol_preferred":true},{"vernacularName":"Acari-da-pedra","language":"pt","eol_preferred":true}],"image":{"objectId":"76d3f0890fab6062adfd54fce5be87bd","identifier":"76d3f0890fab6062adfd54fce5be87bd","title":"76d3f0890fab6062adfd54fce5be87bd","licence":"http:\/\/creativecommons.org\/licenses\/publicdomain\/","rights":null,"credits":"<a href='http:\/\/www.biolib.cz\/en\/person\/id3003\/'>Jan \u0160ev\u010d\u00edk<\/a>&copy; ","description":null,"mimeType":"jpg","fileName":"76d3f0890fab6062adfd54fce5be87bd.jpg","URL":"http:\/\/media.eol.org\/content\/2010\/03\/24\/07\/50275_orig.jpg"}},"48004448":{"collectionid":12019,"pageid":294409,"taxonConceptId":48004448,"taxonName":"Eustixia pupula H\u00fcbner 1823","textDesc":{"objectId":"d127ac28f881b2de386073fed569bc7e","identifier":"d127ac28f881b2de386073fed569bc7e","title":"National Distribution","licence":"http:\/\/creativecommons.org\/licenses\/by-nc\/3.0\/","rights":null,"credits":"&copy; NatureServe","description":"<h5>Canada<\/h5><p><strong>Origin<\/strong>: Native<\/p><p><strong>Regularity<\/strong>: Regularly <br\/>occurring<\/p><p><strong>Currently<\/strong>: Present<\/p><p><strong>Confidence<\/strong>: Confident<\/p><p><strong>Type <br\/>of Residency<\/strong>: Year-round<\/p> "},"flathierarchy":[{"sourceIdentifier":"10618046","taxonID":48004448,"parentNameUsageID":48004445,"taxonConceptID":294409,"scientificName":"Eustixia pupula H\u00fcbner 1823","taxonRank":"Species","type":"leaf"}],"preferredCommonNames":false,"commonNames":[],"image":{"objectId":"6f2f63ba4024424f8d008910a306ec06","identifier":"6f2f63ba4024424f8d008910a306ec06","title":"6f2f63ba4024424f8d008910a306ec06","licence":"http:\/\/creativecommons.org\/licenses\/by-nc-sa\/3.0\/","rights":null,"credits":"Jim Vargo&copy; Jim Vargo at Moth Photographers Group","description":null,"mimeType":"jpg","fileName":"6f2f63ba4024424f8d008910a306ec06.jpg","URL":"http:\/\/media.eol.org\/content\/2011\/06\/07\/08\/25312_orig.jpg"}},"48189971":{"collectionid":12019,"pageid":205877,"taxonConceptId":48189971,"taxonName":"Kyphosus elegans (Peters, 1869)","textDesc":{"objectId":"0a86db23e5c90bd1788ad55aae618009","identifier":"0a86db23e5c90bd1788ad55aae618009","title":"Biology","licence":"http:\/\/creativecommons.org\/licenses\/by-nc\/3.0\/","rights":null,"credits":"&copy; FishBase","description":"Sometimes seen in schools of K. analogus, also known to school and graze with Prionurus laticlavius.  Stays close <br\/>to shore in shallow waters.  Feeds mainly on attached algae, occasionally ingests plankton and benthic invertebrates <br\/>(Ref. 28023). "},"flathierarchy":[{"sourceIdentifier":"10076986","taxonID":48189971,"parentNameUsageID":48189966,"taxonConceptID":205877,"scientificName":"Kyphosus elegans (Peters, 1869)","taxonRank":"Species","type":"leaf"}],"preferredCommonNames":{"vernacularName":"Cortez sea chub","language":"en","eol_preferred":true},"commonNames":[{"vernacularName":"Boca chitu pinta","language":"","eol_preferred":true},{"vernacularName":"\u4e3d\ue306","language":"cnm","eol_preferred":true},{"vernacularName":"\u9e97\ue306","language":"cnm"},{"vernacularName":"Cortez sea chub","language":"en","eol_preferred":true},{"vernacularName":"Cortez chub","language":"en"},{"vernacularName":"sea-chub","language":"en"},{"vernacularName":"Palma","language":"es","eol_preferred":true},{"vernacularName":"Chopa","language":"es"},{"vernacularName":"Chopa de Cortez","language":"es"},{"vernacularName":"Chopa de Cort\u00e9s","language":"es"},{"vernacularName":"Hacha","language":"es"},{"vernacularName":"Hacha ploma","language":"es"},{"vernacularName":"Calicag\u00e8re de Cortez","language":"fr","eol_preferred":true}],"image":{"objectId":"13398e3b9dd4f3240acafeb0619b9eef","identifier":"13398e3b9dd4f3240acafeb0619b9eef","title":"13398e3b9dd4f3240acafeb0619b9eef","licence":"http:\/\/creativecommons.org\/licenses\/by-nc-sa\/3.0\/","rights":"Non-commercial use","credits":"&copy; Shorefishes of the tropical eastern Pacific online information system. www.stri.org\/sftep","description":null,"mimeType":"jpg","fileName":"13398e3b9dd4f3240acafeb0619b9eef.jpg","URL":"http:\/\/media.eol.org\/content\/2009\/05\/21\/16\/83707_orig.jpg"}},"48131747":{"collectionid":12019,"pageid":323725,"taxonConceptId":48131747,"taxonName":"Dasyurus hallucatus","textDesc":{"objectId":"de0669fe7d2244c6ddf756a8f91afeb2","identifier":"de0669fe7d2244c6ddf756a8f91afeb2","title":"Range Description","licence":"http:\/\/creativecommons.org\/licenses\/by-nc-sa\/3.0\/","rights":"\u00a9 International Union for Conservation of Nature and Natural Resources","credits":"&copy; International Union for Conservation of Nature and Natural Resources","description":"The Northern Quoll occurs in the northern parts of Australia. Historically, it occurred in northern Australia <br\/>from Pilbara to south-east Queensland, extending inland as far south as Alexandria. More recently, there has <br\/>been substantial decline in southern and eastern Queensland and the Cape York Peninsula. The Northern Quoll <br\/>has apparently disappeared from most or all of the lower rainfall former range in the Northern Territory and south-east <br\/>and south-west Kimberley. A substantial decline has also occurred in Pilbara (Maxwell <em>et al.<\/em> 1996). <br\/>The species has been recorded from Groote Eylandt and the nearby North-east Island, Marchinbar Island (in the <br\/>Wessel group), Inglis Island (in the English Company Islands group) and Vanderlin Island (Sir Edward Pellew <br\/>group). It has also been recently translocated to Astell and Pobassoo Islands in the English Company island group <br\/>(Woinarski 2005). This species occurs up to around 1,300 m asl. "},"flathierarchy":[{"sourceIdentifier":"6862970","taxonID":48131747,"parentNameUsageID":48131744,"taxonConceptID":323725,"scientificName":"Dasyurus hallucatus Gould, 1842","taxonRank":"Species","type":"leaf"}],"preferredCommonNames":{"vernacularName":"Northern Quoll","language":"en","eol_preferred":true},"commonNames":[{"vernacularName":"Northern Quoll","language":"en","eol_preferred":true},{"vernacularName":"Little Northern \u0022Native Cat\u0022","language":"en"},{"vernacularName":"Satanellus","language":"en"},{"vernacularName":"Chat marsupial du nord","language":"fr","eol_preferred":true}],"image":{"objectId":"41a243428efab367b8f549c34f11030d","identifier":"41a243428efab367b8f549c34f11030d","title":"Northern Quoll (Dasyurus hallucatus) (from J. Gould, Mammals of Australia, Vol. 1, 1863)","licence":"http:\/\/creativecommons.org\/licenses\/publicdomain\/3.0\/","rights":null,"credits":"John Gould&copy; ","description":null,"mimeType":"jpg","fileName":"41a243428efab367b8f549c34f11030d.jpg","URL":"http:\/\/media.eol.org\/content\/2011\/10\/06\/00\/52413_orig.jpg"}},"48135588":{"collectionid":12019,"pageid":1056844,"taxonConceptId":48135588,"taxonName":"Clemmys guttata","textDesc":{"objectId":"44a66987fb7b1d715b72f3a3fb5314bf","identifier":"44a66987fb7b1d715b72f3a3fb5314bf","title":"Biology","licence":"http:\/\/creativecommons.org\/licenses\/by-nc-sa\/3.0\/","rights":"Copyright Wildscreen 2003-2008","credits":"&copy; Wildscreen","description":"Spotted turtles spend the winter hibernating, sometimes communally, usually on the muddy bottoms of fairly <br\/>shallow waterways characterised by a slow, steady flow of water (6). Individuals are most commonly seen in spring <br\/>when basking on logs, stumps, grass mats and tussocks, or searching for nest sites (2) (6) (7). Courtship and mating <br\/>activity begins soon after emergence from winter dormancy, with copulation usually occurring in shallow waters <br\/>(3), and typically involving the male chasing the female, often nipping her legs and shell margins (6). Multiple <br\/>males may also fight with each other for the right to court a single female (6). Breeding can occur throughout the <br\/>active season, but peaks in late May to early June (2), and sperm is stored until needed to fertilize the eggs (7). <br\/>Nesting occurs from mid- to late June, primarily at night (2).  Clutches of two to seven eggs are deposited in a nest <br\/>dug in sand or soft soil on rocky outcrops, in a sunny location (2).  The number of clutches laid each year varies <br\/>with latitude; in the north, less than one clutch per year is laid, while up to three clutches per year are laid in <br\/>the south (8).  The natural incubation period may last 73 to 83 days (5), with faster development at higher temperatures <br\/>(3). Most young emerge from their nests in August or September, but overwintering in the nest has been reported <br\/>(3) (5). The sex of hatchlings is determined by nest temperature, with cooler temperatures producing mostly <br\/>males and warmer temperatures producing females (2). Meanwhile, the adults often aestivate in the mud bottom <br\/>of waterways or in muskrat burrows or lodges during the hot summer months (5).  It is not known exactly why these <br\/>turtles aestivate, but it may be related to declines in food abundance, to avoid desiccation or to avoid predation <br\/>(9).   Come late October or early November, spotted turtles typically return to flooded puddles and ponds once <br\/>more to over winter under the ice until late February or late April, depending on latitude (6).&nbsp;Spotted <br\/>turtles have the potential to live up to 65 years for males and 110 years for females, but these small turtles are <br\/>highly vulnerable to predation (10).  When threatened they will quickly dive into the water and bury themselves <br\/>in the bottom mud (11).  During the winter hibernation period, muskrats are the primary predator (11).&nbsp;Spotted <br\/>turtles feed on a variety of plant and animal foods, most of which are taken in the water. Animal matter forms the <br\/>bulk of the diet and includes worms, slugs, snails, crustaceans, adult and larval insects, frogs, tadpoles and <br\/>fish carrion, supplemented by algae, leaves, soft aquatic plants and water lily seeds (2) (3) (6). "},"flathierarchy":[{"sourceIdentifier":"4460517","taxonID":48135588,"parentNameUsageID":48135587,"taxonConceptID":1056844,"scientificName":"Clemmys guttata SCHNEIDER 1792","taxonRank":"Species","type":"leaf"}],"preferredCommonNames":{"vernacularName":"spotted turtle","language":"en","eol_preferred":true},"commonNames":[{"vernacularName":"spotted turtle","language":"en","eol_preferred":true},{"vernacularName":"Clemmys guttata","language":"fr","eol_preferred":true},{"vernacularName":"tortue ponctu\u00e9e","language":"fr"},{"vernacularName":"\u0427\u0435\u0440\u0435\u043f\u0430\u0445\u0430 \u043f\u044f\u0442\u043d\u0438\u0441\u0442\u0430\u044f","language":"ru","eol_preferred":true}],"image":{"objectId":"9800342633adad95d3fa2b4413d9a47e","identifier":"9800342633adad95d3fa2b4413d9a47e","title":"9800342633adad95d3fa2b4413d9a47e","licence":"http:\/\/creativecommons.org\/licenses\/by-nc-sa\/3.0\/","rights":null,"credits":"<a href='http:\/\/calphotos.berkeley.edu\/cgi\/photographer_query?where-name_full=Todd+Pierson&one=T'>Todd Pierson<\/a>&copy; 2011 Todd Pierson","description":null,"mimeType":"jpg","fileName":"9800342633adad95d3fa2b4413d9a47e.jpg","URL":"http:\/\/media.eol.org\/content\/2011\/10\/06\/04\/38757_orig.jpg"}},"48139864":{"collectionid":12019,"pageid":1250057,"taxonConceptId":48139864,"taxonName":"Gambelia wislizenii wislizenii BAIRD & GIRARD 1852","textDesc":"","flathierarchy":[{"sourceIdentifier":"4469135","taxonID":48139864,"parentNameUsageID":48139860,"taxonConceptID":1250057,"scientificName":"Gambelia wislizenii wislizenii BAIRD & GIRARD 1852","taxonRank":"Infraspecies","type":"leaf"}],"preferredCommonNames":{"vernacularName":"long-nosed leopard lizard","language":"en","eol_preferred":true},"commonNames":[{"vernacularName":"long-nosed leopard lizard","language":"en","eol_preferred":true}],"image":{"objectId":"9065849ab12b036725dc2d4eea525608","identifier":"9065849ab12b036725dc2d4eea525608","title":"9065849ab12b036725dc2d4eea525608","licence":"http:\/\/creativecommons.org\/licenses\/by-nc-sa\/3.0\/","rights":"To support the Manzanita Project, please notify Manzanita@calacademy.org of any use of this image under the Creative Common License. High res images are also available upon request.","credits":"<a href='http:\/\/calphotos.berkeley.edu\/cgi\/photographer_query?where-name_full=Dr.+Alan+E.+Leviton&one=T'>Dr. Alan E. Leviton<\/a>&copy; 1999 California Academy of Sciences","description":null,"mimeType":"jpg","fileName":"9065849ab12b036725dc2d4eea525608.jpg","URL":"http:\/\/media.eol.org\/content\/2011\/08\/04\/12\/58477_orig.jpg"}},"48232967":{"collectionid":12019,"pageid":203452,"taxonConceptId":48232967,"taxonName":"Phyllorhiza punctata","textDesc":{"objectId":"d9c9c71827a2f296ef90d4ae2b437f35","identifier":"d9c9c71827a2f296ef90d4ae2b437f35","title":"d9c9c71827a2f296ef90d4ae2b437f35","licence":"http:\/\/creativecommons.org\/licenses\/by-nc-sa\/3.0\/","rights":"Text can be freely copied and altered, as long as original author and source are properly acknowledged.","credits":"&copy; Smithsonian Marine Station at Fort Pierce","description":"Phyllorhiza punctata is a large jellyfish with a rounded and somewhat flattened gelatinous bell that is clear <br\/>or possibly tinted brown with many small white crystalline refractive spots close to the surface (Graham et al. <br\/>2003, Perry and Larsen 2004). As is characteristic of members of Order Rhizostomae, the bell margin lacks tentacles <br\/>and the central mouth area is ringed by eight highly dichotomous (branching) oral arms that each bear 14 lappets <br\/>(flaps of tissue) and become fused near their bases (Graham et al. 2003, Omori and Kitamura 2004). Within it's <br\/>native range and in certain introduced localities, symbiotic zooxanthellae reside in the tissue of the animal, <br\/>giving these jellyfish a brownish tint. "},"flathierarchy":[{"sourceIdentifier":"5382768","taxonID":48232967,"parentNameUsageID":48232963,"taxonConceptID":203452,"scientificName":"Phyllorhiza punctata Von Lendenfeld, 1884","taxonRank":"Species","type":"leaf"}],"preferredCommonNames":{"vernacularName":"Golden medusa","language":"en","eol_preferred":true},"commonNames":[{"vernacularName":"Golden medusa","language":"en","eol_preferred":true},{"vernacularName":"Australian spotted jellyfish","language":"en"}],"image":{"objectId":"c77b51648f9243b71d2f234dd8014835","identifier":"c77b51648f9243b71d2f234dd8014835","title":"c77b51648f9243b71d2f234dd8014835","licence":"http:\/\/creativecommons.org\/licenses\/by-nc\/3.0\/","rights":null,"credits":"<a href='http:\/\/www.biolib.cz\/en\/person\/id2427\/'>Miloslav Petrtyl<\/a>&copy; ","description":null,"mimeType":"jpg","fileName":"c77b51648f9243b71d2f234dd8014835.jpg","URL":"http:\/\/media.eol.org\/content\/2010\/03\/24\/05\/66144_orig.jpg"}},"48175688":{"collectionid":12019,"pageid":204575,"taxonConceptId":48175688,"taxonName":"Arothron meleagris","textDesc":{"objectId":"7268dda2085e601fad1fef4679065b0f","identifier":"7268dda2085e601fad1fef4679065b0f","title":"Biology","licence":"http:\/\/creativecommons.org\/licenses\/by-nc\/3.0\/","rights":null,"credits":"&copy; FishBase","description":"Occurs in coral-rich areas of clear lagoon and seaward reefs, Ref. 48637.  Prefers oceanic localities (Ref. 48637). <br\/> Benthopelagic (Ref. 58302).  Feeds mainly on tips of branching corals and to a lesser extent on sponges, mollusks, <br\/>bryozoans, tunicates, forams, algae, and detritus. "},"flathierarchy":[{"sourceIdentifier":"10084984","taxonID":48175688,"parentNameUsageID":48175676,"taxonConceptID":204575,"scientificName":"Arothron meleagris (Anonymous, 1798)","taxonRank":"Species","type":"leaf"}],"preferredCommonNames":{"vernacularName":"'opu hue","language":"en","eol_preferred":true},"commonNames":[{"vernacularName":"Fuureh\u00e2","language":"","eol_preferred":true},{"vernacularName":"Huehue","language":"","eol_preferred":true},{"vernacularName":"Lesh","language":"","eol_preferred":true},{"vernacularName":"Phuurenga","language":"","eol_preferred":true},{"vernacularName":"Te buni","language":"","eol_preferred":true},{"vernacularName":"pez-globo","language":"","eol_preferred":true},{"vernacularName":"Koparipari","language":""},{"vernacularName":"Koparipari morori","language":""},{"vernacularName":"Morori","language":""},{"vernacularName":"Tamboril","language":""},{"vernacularName":"botete","language":""},{"vernacularName":"Tarentaal-blaasop","language":"af","eol_preferred":true},{"vernacularName":"Buqmah dijaj al habashi","language":"ar","eol_preferred":true},{"vernacularName":"\u767d\u70b9\u53c9\u9f3b\u9c80","language":"cnm","eol_preferred":true},{"vernacularName":"\u767d\u70b9\u9c80","language":"cnm"},{"vernacularName":"\u767d\u9ede\u53c9\u9f3b\u9b68","language":"cnm"},{"vernacularName":"\u767d\u9ede\u9b68","language":"cnm"},{"vernacularName":"Weisst\u00fcpfel-Kugelfisch","language":"de","eol_preferred":true},{"vernacularName":"Fuh kudhi koli","language":"dv","eol_preferred":true},{"vernacularName":"'opu hue","language":"en","eol_preferred":true},{"vernacularName":"Golden puffer","language":"en"},{"vernacularName":"Guinea-fowl pufferfish","language":"en"},{"vernacularName":"Guineafowl blaasop","language":"en"},{"vernacularName":"Guineafowl puffer","language":"en"},{"vernacularName":"Hue","language":"en"},{"vernacularName":"Puffer","language":"en"},{"vernacularName":"Spotted puffer","language":"en"},{"vernacularName":"Starry puffer","language":"en"},{"vernacularName":"Velcro-fish","language":"en"},{"vernacularName":"White-spotted balloon","language":"en"},{"vernacularName":"White-spotted puffer","language":"en"},{"vernacularName":"Whitespotted pufferfish","language":"en"},{"vernacularName":"Tamboril negro","language":"es","eol_preferred":true},{"vernacularName":"Botete globo","language":"es"},{"vernacularName":"Pez globo","language":"es"},{"vernacularName":"botete aletas punteadas","language":"es"},{"vernacularName":"T\u00e4pl\u00e4pallokala","language":"fi","eol_preferred":true},{"vernacularName":"kalavo","language":"fj","eol_preferred":true},{"vernacularName":"Poisson-ballon ponctu\u00e9","language":"fr","eol_preferred":true},{"vernacularName":"Comp\u00e8re pintade","language":"fr"},{"vernacularName":"Poisson-ballon pintade","language":"fr"},{"vernacularName":"'opu hue","language":"hw","eol_preferred":true},{"vernacularName":"'O'opu hue","language":"hw"},{"vernacularName":"O'opu hue","language":"hw"},{"vernacularName":"Mizorefugu","language":"ja","eol_preferred":true},{"vernacularName":"Luab kilmej","language":"mh","eol_preferred":true},{"vernacularName":"Buntal-pasir nangka","language":"ms","eol_preferred":true},{"vernacularName":"Buntal","language":"ms"},{"vernacularName":"Sue-puleuli","language":"sm","eol_preferred":true},{"vernacularName":"Sue-lega","language":"sm"},{"vernacularName":"Butete","language":"tl","eol_preferred":true},{"vernacularName":"Huehue &#39;ere&#39;ere","language":"ty","eol_preferred":true},{"vernacularName":"Huehue 'ere'ere","language":"ty"}],"image":{"objectId":"d0abbec48ab8c3ec57e19c0342e4a6e2","identifier":"d0abbec48ab8c3ec57e19c0342e4a6e2","title":"d0abbec48ab8c3ec57e19c0342e4a6e2","licence":"http:\/\/creativecommons.org\/licenses\/by-nc-sa\/3.0\/","rights":null,"credits":"Steff Kriel&copy; FishWise Professional","description":null,"mimeType":"jpg","fileName":"d0abbec48ab8c3ec57e19c0342e4a6e2.jpg","URL":"http:\/\/media.eol.org\/content\/2011\/06\/03\/05\/99994_orig.jpg"}},"48212693":{"collectionid":12019,"pageid":1048181,"taxonConceptId":48212693,"taxonName":"Ambystoma maculatum","textDesc":{"objectId":"48a26595ffdd4812a895bea4d849c920","identifier":"48a26595ffdd4812a895bea4d849c920","title":"Description","licence":"http:\/\/creativecommons.org\/licenses\/by\/3.0\/","rights":"See http:\/\/www.amphibiaweb.org\/datause.html.","credits":"&copy; AmphibiaWeb \u00a9 2000-2011 The Regents of the University of California","description":"The spotted salamander is a relatively large member of the family Ambystomatidae. Adults reach 15-25 cm total <br\/>length, and have 11-13 costal grooves. Adult spotted salamanders typically contain two irregular rows of yellowish <br\/>spots on a black to dark gray dorsum, though some populations contain low frequencies of individuals lacking <br\/>any spotting in addition to albinos or partial albinos. Certain populations exhibit bright orange markings <br\/>on the head, a pattern that has not been correlated with any taxonomic divisions. During the breeding season males <br\/>have very conspicuously swollen vents, and females in breeding condition are typically larger than males. Hatchlings <br\/>of this species do not contain readily identifiable markings and are characterized simply by a dull olive green <br\/>color. Hatchlings may measure 12-17 mm in total length (Petranka 1998).<br>&nbsp;<br>The taxonomy for the <br\/>species remains stable though some researchers point out distinct mitochondrial clades. Phillips (1994) identified <br\/>two divergent, geographically separate lineages in the Ozarks region differing by a minimum of 19 mitochondrial <br\/>DNA restriction sites. "},"flathierarchy":[{"sourceIdentifier":"7161386","taxonID":48212693,"parentNameUsageID":48212675,"taxonConceptID":1048181,"scientificName":"Ambystoma maculatum (Shaw, 1802)","taxonRank":"Species","type":"leaf"}],"preferredCommonNames":{"vernacularName":"spotted salamander","language":"en","eol_preferred":true},"commonNames":[{"vernacularName":"Fleckensalamander","language":"de","eol_preferred":true},{"vernacularName":"spotted salamander","language":"en","eol_preferred":true},{"vernacularName":"salamandre macul\u00e9e","language":"fr","eol_preferred":true}],"image":{"objectId":"09f429ef6ee1220bc92b6ccc5f1ddbf3","identifier":"09f429ef6ee1220bc92b6ccc5f1ddbf3","title":"Spotted Salamander","licence":"http:\/\/creativecommons.org\/licenses\/by-nc-sa\/2.0\/","rights":null,"credits":"<a href='http:\/\/www.flickr.com\/photos\/28113115@N00'>Michael<\/a>&copy; ","description":null,"mimeType":"jpg","fileName":"09f429ef6ee1220bc92b6ccc5f1ddbf3.jpg","URL":"http:\/\/media.eol.org\/content\/2012\/05\/16\/01\/03651_orig.jpg"}},"48211161":{"collectionid":12019,"pageid":994615,"taxonConceptId":48211161,"taxonName":"Myrichthys maculosus","textDesc":{"objectId":"eca7ff868618f5386046fcc5d3f0258f","identifier":"eca7ff868618f5386046fcc5d3f0258f","title":"Biology","licence":"http:\/\/creativecommons.org\/licenses\/by-nc\/3.0\/","rights":null,"credits":"&copy; FishBase","description":"Found in sandy areas of reef flats, lagoons, and seaward reefs; living buried in the sand.  May aggregate in large <br\/>numbers under a light at night (Ref. 9710).  Sometimes fully exposed when searching for prey (Ref. 30874). "},"flathierarchy":[{"sourceIdentifier":"10054175","taxonID":48211161,"parentNameUsageID":48211157,"taxonConceptID":994615,"scientificName":"Myrichthys maculosus (Cuvier, 1816)","taxonRank":"Species","type":"leaf"}],"preferredCommonNames":{"vernacularName":"Tiger snake-eel","language":"en","eol_preferred":true},"commonNames":[{"vernacularName":"Puhi taaiai","language":"","eol_preferred":true},{"vernacularName":"Sia kale","language":"","eol_preferred":true},{"vernacularName":"Swartogies-slangpaling","language":"af","eol_preferred":true},{"vernacularName":"\u5de8\u6591\u82b1\u86c7\u9cd7","language":"cnm","eol_preferred":true},{"vernacularName":"\u5de8\u6591\u82b1\u86c7\u9c3b","language":"cnm"},{"vernacularName":"\u827e\u6c0f\u82b1\u86c7\u9c3b","language":"cnm"},{"vernacularName":"\u827e\u6c0f\u82b1\u86c7\u9cd7","language":"cnm"},{"vernacularName":"\u8c79\u7d0b\u82b1\u86c7\u9c3b","language":"cnm"},{"vernacularName":"\u8c79\u7eb9\u82b1\u86c7\u9cd7","language":"cnm"},{"vernacularName":"\u9ed1\u6591\u82b1\u86c7\u9c3b","language":"cnm"},{"vernacularName":"\u9ed1\u6591\u82b1\u86c7\u9cd7","language":"cnm"},{"vernacularName":"Hadar skvrnit\u00fd","language":"cs","eol_preferred":true},{"vernacularName":"Hadar aki","language":"cs"},{"vernacularName":"Hada\u0159 aki","language":"cs"},{"vernacularName":"Hada\u0159 skvrnit\u00fd","language":"cs"},{"vernacularName":"Hadovec skvrnit\u00fd","language":"cs"},{"vernacularName":"Tiger snake-eel","language":"en","eol_preferred":true},{"vernacularName":"Ocellate snake eel","language":"en"},{"vernacularName":"Ocellated snake-eel","language":"en"},{"vernacularName":"Spotted snake eel","language":"en"},{"vernacularName":"tiger snake eel","language":"en"},{"vernacularName":"T\u00e4pl\u00e4k\u00e4\u00e4meankerias","language":"fi","eol_preferred":true},{"vernacularName":"kucu","language":"fj","eol_preferred":true},{"vernacularName":"Anguille-serpent macul\u00e9e","language":"fr","eol_preferred":true},{"vernacularName":"Moy\u00f4-mongarad\u00f4shi","language":"ja","eol_preferred":true},{"vernacularName":"Goishi-umihebi","language":"ja"},{"vernacularName":"Hagman-lisadso","language":"mh","eol_preferred":true},{"vernacularName":"Puhi popooru","language":"ty","eol_preferred":true}],"image":{"objectId":"4db3f67ce92b66268e33e51806b7ddc6","identifier":"4db3f67ce92b66268e33e51806b7ddc6","title":"4db3f67ce92b66268e33e51806b7ddc6","licence":"http:\/\/creativecommons.org\/licenses\/by-nc-sa\/3.0\/","rights":null,"credits":"Dennis Polack&copy; FishWise Professional","description":null,"mimeType":"jpg","fileName":"4db3f67ce92b66268e33e51806b7ddc6.jpg","URL":"http:\/\/media.eol.org\/content\/2011\/06\/03\/04\/19951_orig.jpg"}},"48219674":{"collectionid":12019,"pageid":211438,"taxonConceptId":48219674,"taxonName":"Taeniura lymma","textDesc":{"objectId":"36fd5ab1b2474274a4ca56f1bd6160bb","identifier":"36fd5ab1b2474274a4ca56f1bd6160bb","title":"Biology","licence":"http:\/\/creativecommons.org\/licenses\/by-nc-sa\/3.0\/","rights":"Copyright Wildscreen 2003-2008","credits":"&copy; Wildscreen","description":"Blue-spotted stingrays live alone or in small groups (6), migrating in large schools into shallow sandy areas <br\/>on the rising tide in order to feed, and dispersing back into the ocean as the tide falls to shelter in the coral crevices <br\/>of the reef (5) (7). Feeding most commonly occurs during the day, but sometimes also at night (6), and the diet consists <br\/>largely of worms, shrimps, crabs, molluscs and small fish (5). Prey is often detected through electroreception, <br\/>a system which senses the electrical fields produced by the prey (5). Not all small fish and invertebrates are <br\/>potential prey, as blue-spotted stingrays can often be found at 'cleaning stations', areas of reef where large <br\/>fish line up and tiny fish or shrimp pick off their dead skin and parasites (6).&nbsp;In courtship, males often <br\/>follow females, using their acutely sensitive 'nose' to detect a chemical signal emitted by the female that indicates <br\/>she is receptive. Breeding occurs from late spring through the summer, and gestation can last anything from four <br\/>months to a year (5). Reproduction is ovoviviparous, meaning females give birth to live pups that have hatched <br\/>from egg cases inside the uterus (6). Up to seven pups are born per litter and each juvenile is born with the distinctive <br\/>blue markings of its parents in miniature (7). "},"flathierarchy":[{"sourceIdentifier":"10078391","taxonID":48219674,"parentNameUsageID":48219672,"taxonConceptID":211438,"scientificName":"Taeniura lymma (Forssk\u00e5l, 1775)","taxonRank":"Species","type":"leaf"}],"preferredCommonNames":{"vernacularName":"Blue spotted lagoon ray","language":"en","eol_preferred":true},"commonNames":[{"vernacularName":"Kiampao","language":"","eol_preferred":true},{"vernacularName":"Paging dahonan","language":"","eol_preferred":true},{"vernacularName":"Pantikan","language":"","eol_preferred":true},{"vernacularName":"Vali","language":"","eol_preferred":true},{"vernacularName":"Yilinggan","language":"","eol_preferred":true},{"vernacularName":"Pari totol","language":""},{"vernacularName":"Saranga","language":""},{"vernacularName":"Bloukol-lintstertrog","language":"af","eol_preferred":true},{"vernacularName":"Um Qurbal","language":"ar","eol_preferred":true},{"vernacularName":"Lukhmah","language":"ar"},{"vernacularName":"Ruget","language":"ar"},{"vernacularName":"\u84dd\u6591\u6761\u5c3e\u9b5f","language":"cnm","eol_preferred":true},{"vernacularName":"\u85cd\u6591\u689d\u5c3e\u9b5f","language":"cnm"},{"vernacularName":"Trnucha lemovan\u00e1","language":"cs","eol_preferred":true},{"vernacularName":"Bl\u00e5plettet pigrokke","language":"da","eol_preferred":true},{"vernacularName":"Blaupunktrochen","language":"de","eol_preferred":true},{"vernacularName":"Blue spotted lagoon ray","language":"en","eol_preferred":true},{"vernacularName":"Blue Spotted Fantail Stingray","language":"en"},{"vernacularName":"Blue spotted fantail ray","language":"en"},{"vernacularName":"Blue spotted stingray","language":"en"},{"vernacularName":"Blue-spotted fantail ray","language":"en"},{"vernacularName":"Blue-spotted lagoon ray","language":"en"},{"vernacularName":"Blue-spotted ray","language":"en"},{"vernacularName":"Blue-spotted ribbontail ray","language":"en"},{"vernacularName":"Blue-spotted stingray","language":"en"},{"vernacularName":"Bluespotted fantail ray","language":"en"},{"vernacularName":"Bluespotted ribbontail","language":"en"},{"vernacularName":"Bluespotted ribbontail ray","language":"en"},{"vernacularName":"Bluespotted ribbontail whipray","language":"en"},{"vernacularName":"Bluespotted ribbontailray","language":"en"},{"vernacularName":"Bluespotted stingray","language":"en"},{"vernacularName":"Fantail ray","language":"en"},{"vernacularName":"Lagoon ray","language":"en"},{"vernacularName":"Lesser fan-tailed ray","language":"en"},{"vernacularName":"Lesser fantail ray","language":"en"},{"vernacularName":"Reef ray","language":"en"},{"vernacularName":"Ribbon-ray fish","language":"en"},{"vernacularName":"Ribbon-tailed stingray","language":"en"},{"vernacularName":"Ribbontail stingray","language":"en"},{"vernacularName":"Ribbontailed stingray","language":"en"},{"vernacularName":"reef stingray","language":"en"},{"vernacularName":"ribbontail ray","language":"en"},{"vernacularName":"Taeniura lymma","language":"es","eol_preferred":true},{"vernacularName":"Rajal\u00e1tigo rabo cinta","language":"es"},{"vernacularName":"Nauhakeih\u00e4srausku","language":"fi","eol_preferred":true},{"vernacularName":"vai rukuvatu","language":"fj","eol_preferred":true},{"vernacularName":"drau ni vau","language":"fj"},{"vernacularName":"Pastenague queue \u00e0 ruban","language":"fr","eol_preferred":true},{"vernacularName":"Pastenague \u00e0 taches bleues","language":"fr"},{"vernacularName":"Fay Tantama","language":"mg","eol_preferred":true},{"vernacularName":"Faimbalany","language":"mg"},{"vernacularName":"Pari reben","language":"ms","eol_preferred":true},{"vernacularName":"Ikan pari","language":"ms"},{"vernacularName":"Pari karang","language":"ms"},{"vernacularName":"Pari kembang","language":"ms"},{"vernacularName":"Pari lalat","language":"ms"},{"vernacularName":"Blauwgespikkelde pijlstaartrog","language":"nl","eol_preferred":true},{"vernacularName":"Blauwgestippelde pijlstaartrog","language":"nl"},{"vernacularName":"Rat\u00e3o pintalgado","language":"pt","eol_preferred":true},{"vernacularName":"Ali maduva","language":"si","eol_preferred":true},{"vernacularName":"Ath maduva","language":"si"},{"vernacularName":"Shafane","language":"so","eol_preferred":true},{"vernacularName":"Nyenga","language":"sw","eol_preferred":true},{"vernacularName":"Krabane tong","language":"th","eol_preferred":true},{"vernacularName":"Pagi","language":"tl","eol_preferred":true},{"vernacularName":"C\u00e1 \u0110u\u1ed1i ch\u1ea5m xanh","language":"vi","eol_preferred":true},{"vernacularName":"C\u00e1 \u00d0u?i ch?m xanh","language":"vi"}],"image":{"objectId":"ea7fcc6064b936220b416de2e9a33cc2","identifier":"ea7fcc6064b936220b416de2e9a33cc2","title":"ea7fcc6064b936220b416de2e9a33cc2","licence":"http:\/\/creativecommons.org\/licenses\/by-nc-sa\/3.0\/","rights":null,"credits":"Richard, Field&copy; FishWise Professional","description":null,"mimeType":"jpg","fileName":"ea7fcc6064b936220b416de2e9a33cc2.jpg","URL":"http:\/\/media.eol.org\/content\/2010\/11\/08\/06\/34161_orig.jpg"}},"47416867":{"collectionid":12019,"pageid":1174381,"taxonConceptId":47416867,"taxonName":"Harmonia axyridis","textDesc":{"objectId":"484aa170fce2012e082b0a524c476877","identifier":"484aa170fce2012e082b0a524c476877","title":"484aa170fce2012e082b0a524c476877","licence":"http:\/\/creativecommons.org\/licenses\/by-nc-sa\/3.0\/","rights":"Text modified from Wikipedia","credits":"&copy; ","description":"<i>Harmonia axyridis<\/i>, the Asian ladybird beetle, is a recognizable coccinellid beetle with red\/orange <br\/>or black wing elytra sporting 0 to 22 spots.  Three color forms are especially common: red or orange with black spots <br\/>(known as form succinea); black with four red spots (form spectabilis); and black with two red spots (form conspicua), <br\/>although many other variants are also described.  As well as feeding on many aphid and scale species, <i>Harmonia <br\/>axyridis<\/i> eats a large variety of beetle and Lepidoptera species, and will also eat flower nectar and pollen. <br\/>The Asian ladybird beetle is native to eastern Asia, but has been introduced to North America and Europe to control <br\/>aphids and scale insects. It is now common, well known and spreading in those regions.  The wide geographical spread <br\/>of this insect is cause for concern in some places, as it is a threat to native species and biodiversity, can damage <br\/>crops (especially grapes) and migrates into houses in the fall, becoming a household pest. <i>Harmonia axyridis<\/i> <br\/>beetles often aggregate in large numbers, and use pheromones to communicate and attract more beetles.  These <br\/>aggregation pheromones have been analyzed and synthesized to develop traps for control and monitoring of the <br\/>ladybird.   <br\/> <br\/>(<a href=\u0022insectscience.org\/3.32\u0022>Koch, 2003<\/a>; <a href=\u0022http:\/\/en.wikipedia.org\/w\/index.php?title=Harmonia_axyridis&amp;oldid=460968069\u0022>Wikipedia <br\/>2011<\/a>) <br\/> <br\/> "},"flathierarchy":[{"sourceIdentifier":"6924102","taxonID":47416867,"parentNameUsageID":47416864,"taxonConceptID":1174381,"scientificName":"Harmonia axyridis (Pallas 1773)","taxonRank":"Species","type":"leaf"}],"preferredCommonNames":{"vernacularName":"multicolored Asian lady beetle","language":"en","eol_preferred":true},"commonNames":[{"vernacularName":"Asiatischer Marienk\u00e4fer","language":"","eol_preferred":true},{"vernacularName":"Ladybird beetle","language":""},{"vernacularName":"Harlekinmarieh\u00f8nen","language":"da","eol_preferred":true},{"vernacularName":"Asiatische Marienk\u00e4fer","language":"de","eol_preferred":true},{"vernacularName":"Harlekin-Marienk\u00e4fer","language":"de"},{"vernacularName":"Vielfarbiger Marienk\u00e4fer","language":"de"},{"vernacularName":"multicolored Asian lady beetle","language":"en","eol_preferred":true},{"vernacularName":"Asian ladybird beetle","language":"en"},{"vernacularName":"Harlequin Ladybird","language":"en"},{"vernacularName":"Multicolor Asian Or Halloween Ladybeetle","language":"en"},{"vernacularName":"Coccinelle asiatique","language":"fr","eol_preferred":true},{"vernacularName":"Harlekinkatica","language":"hu","eol_preferred":true},{"vernacularName":"coccinella arlecchino","language":"it","eol_preferred":true},{"vernacularName":"Harlekinmarih\u00f8ne","language":"nb","eol_preferred":true},{"vernacularName":"Veelkleurig Aziatisch lieveheersbeestje","language":"nl","eol_preferred":true},{"vernacularName":"Harlekinmarih\u00f8ne","language":"nn","eol_preferred":true},{"vernacularName":"Harlekinska polonica","language":"sl","eol_preferred":true},{"vernacularName":"Harlekinnyckelpiga","language":"sv","eol_preferred":true}],"image":{"objectId":"7ed32afd988b07578bcfb763f2da9b67","identifier":"7ed32afd988b07578bcfb763f2da9b67","title":"Harmonia axyridis (Pallas, 177)","licence":"http:\/\/creativecommons.org\/licenses\/by-sa\/2.0\/","rights":null,"credits":"<a href='http:\/\/www.flickr.com\/photos\/30703260@N08'>Udo Schmidt<\/a>&copy; ","description":null,"mimeType":"jpg","fileName":"7ed32afd988b07578bcfb763f2da9b67.jpg","URL":"http:\/\/media.eol.org\/content\/2012\/04\/12\/01\/71429_orig.jpg"}},"48186758":{"collectionid":12019,"pageid":206741,"taxonConceptId":48186758,"taxonName":"Scatophagus argus","textDesc":{"objectId":"098b9a487ff0b77f28623fbbe36eaf43","identifier":"098b9a487ff0b77f28623fbbe36eaf43","title":"Biology","licence":"http:\/\/creativecommons.org\/licenses\/by-nc\/3.0\/","rights":null,"credits":"&copy; FishBase","description":"Inhabit harbors, natural embayments, brackish estuaries and the lower reaches of freshwater streams, frequently <br\/>occurring among mangroves.  Feed on worms, crustaceans, insects and plant matter (Ref. 7020, 44894, 48637). <br\/> The dorsal, anal and pelvic spines are believed by Philippine fishers to be venomous and capable of inflicting <br\/>wounds (Ref. 6565).  Used in Chinese medicine (Ref. 12166).  In Hong Kong live fish markets (Ref. 27253).  Marketed <br\/>as fresh (Ref. 12693). "},"flathierarchy":[{"sourceIdentifier":"10073536","taxonID":48186758,"parentNameUsageID":48186757,"taxonConceptID":206741,"scientificName":"Scatophagus argus (Linnaeus, 1766)","taxonRank":"Species","type":"leaf"}],"preferredCommonNames":{"vernacularName":"spotted scat","language":"en","eol_preferred":true},"commonNames":[{"vernacularName":"Baladhan","language":"","eol_preferred":true},{"vernacularName":"Bannsire","language":"","eol_preferred":true},{"vernacularName":"Chubei","language":"","eol_preferred":true},{"vernacularName":"Kapiged","language":"","eol_preferred":true},{"vernacularName":"Kero kero","language":"","eol_preferred":true},{"vernacularName":"Kikero","language":"","eol_preferred":true},{"vernacularName":"Kikilo","language":"","eol_preferred":true},{"vernacularName":"Kitong","language":"","eol_preferred":true},{"vernacularName":"Peebe","language":"","eol_preferred":true},{"vernacularName":"Pingaw","language":"","eol_preferred":true},{"vernacularName":"Pingo","language":"","eol_preferred":true},{"vernacularName":"Quequero","language":"","eol_preferred":true},{"vernacularName":"Titang","language":"","eol_preferred":true},{"vernacularName":"Bayang","language":""},{"vernacularName":"Buurrun","language":""},{"vernacularName":"Buurrunbul","language":""},{"vernacularName":"Lanbia","language":""},{"vernacularName":"Malaga","language":""},{"vernacularName":"Tikero","language":""},{"vernacularName":"Bushami","language":"ar","eol_preferred":true},{"vernacularName":"\u09ac\u09bf\u09b6\u09a4\u09be\u09b0\u09be","language":"bn","eol_preferred":true},{"vernacularName":"Bishtara","language":"bn"},{"vernacularName":"\u91d1\u9322\u9b5a","language":"cnm","eol_preferred":true},{"vernacularName":"Jin gu","language":"cnm"},{"vernacularName":"\u53d8\u8eab\u82e6","language":"cnm"},{"vernacularName":"\u8b8a\u8eab\u82e6","language":"cnm"},{"vernacularName":"\u91d1\u94b1\u9c7c","language":"cnm"},{"vernacularName":"\u9ed1\u661f\u9280\ue2c6","language":"cnm"},{"vernacularName":"\u9ed1\u661f\u94f6\ue2c6","language":"cnm"},{"vernacularName":"Plettet argusfisk","language":"da","eol_preferred":true},{"vernacularName":"Almindelig Argusfisk","language":"da"},{"vernacularName":"Gr\u00fcner Argusfisch","language":"de","eol_preferred":true},{"vernacularName":"Argusfisch","language":"de"},{"vernacularName":"Gemeiner Argusfisch","language":"de"},{"vernacularName":"spotted scat","language":"en","eol_preferred":true},{"vernacularName":"Argus fish","language":"en"},{"vernacularName":"Butter fish","language":"en"},{"vernacularName":"Butterfish","language":"en"},{"vernacularName":"Common scat","language":"en"},{"vernacularName":"Leopard scat","language":"en"},{"vernacularName":"Spotted butt","language":"en"},{"vernacularName":"Spotted butter fish","language":"en"},{"vernacularName":"Spotted butterfish","language":"en"},{"vernacularName":"Spotted scad","language":"en"},{"vernacularName":"argusfish","language":"en"},{"vernacularName":"argustfish","language":"en"},{"vernacularName":"scat","language":"en"},{"vernacularName":"spadefish","language":"en"},{"vernacularName":"Pingo manchado","language":"es","eol_preferred":true},{"vernacularName":"Zarook","language":"fa","eol_preferred":true},{"vernacularName":"Arguskala","language":"fi","eol_preferred":true},{"vernacularName":"Vetakau","language":"fj","eol_preferred":true},{"vernacularName":"Baba","language":"fj"},{"vernacularName":"Spotted scad","language":"fj"},{"vernacularName":"veita kau","language":"fj"},{"vernacularName":"Pavillon tachet\u00e9","language":"fr","eol_preferred":true},{"vernacularName":"\u0ab8\u0ac1\u0a82\u0a97\u0ac7\u0ab2\u0ac0","language":"gu","eol_preferred":true},{"vernacularName":"Kaski","language":"gu"},{"vernacularName":"Sungeli","language":"gu"},{"vernacularName":"Vada","language":"gu"},{"vernacularName":"\u0a95\u0ab8\u0acd\u0a95\u0ac0","language":"gu"},{"vernacularName":"\u0a95\u0ab8\u0acd\u0a95\u0ac0\u00a0","language":"gu"},{"vernacularName":"\u0ab5\u0aa1\u0abe","language":"gu"},{"vernacularName":"\u0ab5\u0aa1\u0abe\u00a0","language":"gu"},{"vernacularName":"\u0ab8\u0ac1\u0a82\u0a97\u0ac7\u0ab2\u0ac0\u00a0","language":"gu"},{"vernacularName":"\u30af\u30ed\u30db\u30b7\u30de\u30f3\u30b8\u30e5\u30a6\u30c0\u30a4","language":"ja","eol_preferred":true},{"vernacularName":"Kurohoshimanj\u00fbdai","language":"ja"},{"vernacularName":"Kurohoshimanj\u02dadai","language":"ja"},{"vernacularName":"\u0cac\u0cc1\u0cb0\u0cbe\u0caf\u0cbf","language":"kn","eol_preferred":true},{"vernacularName":"Baraayi","language":"kn"},{"vernacularName":"Chandar","language":"kn"},{"vernacularName":"\u0c9a\u0c82\u0ca6\u0cb0\u0ccd","language":"kn"},{"vernacularName":"\u0c9a\u0c82\u0ca6\u0cb0\u0ccd\u00a0","language":"kn"},{"vernacularName":"\ub0a9\uc791\ub3d4","language":"ko","eol_preferred":true},{"vernacularName":"\u0d28\u0d1a\u0d4d\u0d1a\u0d3f \u0d15\u0d30\u0d3f\u0d2e\u0d40\u0d28\u0d4d","language":"ml","eol_preferred":true},{"vernacularName":"Nachikarimeen","language":"ml"},{"vernacularName":"Nutchar-char","language":"ml"},{"vernacularName":"\u0d28\u0d41\u0d1a\u0d4d\u0d1a\u0d30\u0d4d \u0d1a\u0d3e\u0d30\u0d4d","language":"ml"},{"vernacularName":"\u0d28\u0d41\u0d1a\u0d4d\u0d1a\u0d30\u0d4d \u0d1a\u0d3e\u0d30\u0d4d\u00a0","language":"ml"},{"vernacularName":"\u0935\u093e\u0926\u093e","language":"mr","eol_preferred":true},{"vernacularName":"Kaski","language":"mr"},{"vernacularName":"Vadda","language":"mr"},{"vernacularName":"\u0915\u093e\u0938\u0915\u0940","language":"mr"},{"vernacularName":"Kitang","language":"ms","eol_preferred":true},{"vernacularName":"Bat hu","language":"ms"},{"vernacularName":"Bidang","language":"ms"},{"vernacularName":"Kendang","language":"ms"},{"vernacularName":"Keper","language":"ms"},{"vernacularName":"Kertang","language":"ms"},{"vernacularName":"Ketang","language":"ms"},{"vernacularName":"Ketang-ketang","language":"ms"},{"vernacularName":"Argus","language":"pl","eol_preferred":true},{"vernacularName":"Argus","language":"ru","eol_preferred":true},{"vernacularName":"Ilattiya","language":"si","eol_preferred":true},{"vernacularName":"Argusfisk","language":"sv","eol_preferred":true},{"vernacularName":"\u0b9a\u0bbf\u0baa\u0bcd\u0baa\u0bbf\u0bb2\u0bbf","language":"ta","eol_preferred":true},{"vernacularName":"Sipili","language":"ta"},{"vernacularName":"\u0b9a\u0bc0\u0baa\u0bcd\u0baa\u0bc0\u0bb3\u0bc0","language":"ta"},{"vernacularName":"\u0b9a\u0bc0\u0baa\u0bcd\u0baa\u0bc0\u0bb3\u0bc0\u00a0","language":"ta"},{"vernacularName":"\u0c1a\u0c3f\u0c1f\u0c4d\u0c38\u0c3f\u0c32\u0c4d\u0c32\u0c4a","language":"te","eol_preferred":true},{"vernacularName":"Chitsillo","language":"te"},{"vernacularName":"Eesputti","language":"te"},{"vernacularName":"\u0c08\u0c38\u0c2a\u0c41\u0c1f\u0c4d\u0c1f\u0c3f","language":"te"},{"vernacularName":"\u0c08\u0c38\u0c2a\u0c41\u0c1f\u0c4d\u0c1f\u0c3f\u00a0","language":"te"},{"vernacularName":"\u0c1a\u0c3f\u0c1f\u0c4d\u0c38\u0c3f\u0c32\u0c4d\u0c32\u0c4a\u00a0","language":"te"},{"vernacularName":"\u0e15\u0e30\u0e01\u0e23\u0e31\u0e1a","language":"th","eol_preferred":true},{"vernacularName":"Pla takrab","language":"th"},{"vernacularName":"Takrap","language":"th"},{"vernacularName":"Akikiro","language":"tl","eol_preferred":true},{"vernacularName":"Kikiro","language":"tl"},{"vernacularName":"Kitang","language":"tl"},{"vernacularName":"Lankia","language":"tl"},{"vernacularName":"Ngi-ni-ngisi","language":"tl"},{"vernacularName":"Ngisi-ngisi","language":"tl"},{"vernacularName":"Samaral","language":"tl"},{"vernacularName":"C\u00e1 n\u00fa","language":"vi","eol_preferred":true},{"vernacularName":"Ca hoi","language":"vi"},{"vernacularName":"Ca nau","language":"vi"},{"vernacularName":"C\u00e1 N?u","language":"vi"},{"vernacularName":"C\u00e1 N\u00e2u","language":"vi"},{"vernacularName":"C\u00e1 N\u1ea7u","language":"vi"},{"vernacularName":"C\u00e1 nau","language":"vi"},{"vernacularName":"C\u00e1 n\u00e0o","language":"vi"},{"vernacularName":"Gam ku","language":"zh","eol_preferred":true}],"image":{"objectId":"854123feac6c270a8ec607e93776e20c","identifier":"854123feac6c270a8ec607e93776e20c","title":"Scatophagus argus (Spotted Scat)","licence":"http:\/\/creativecommons.org\/licenses\/by\/2.0\/","rights":null,"credits":"<a href='http:\/\/www.flickr.com\/photos\/19731486@N07'>Brian Gratwicke<\/a>&copy; ","description":null,"mimeType":"jpg","fileName":"854123feac6c270a8ec607e93776e20c.jpg","URL":"http:\/\/media.eol.org\/content\/2012\/05\/31\/01\/88252_orig.jpg"}},"48629809":{"collectionid":12019,"pageid":2866150,"taxonConceptId":48629809,"taxonName":"Amanita muscaria","textDesc":{"objectId":"a4a92ec09a1d012e52d4001d0900c848","identifier":"a4a92ec09a1d012e52d4001d0900c848","title":"a4a92ec09a1d012e52d4001d0900c848","licence":"http:\/\/creativecommons.org\/licenses\/by-nc\/3.0\/","rights":null,"credits":"&copy; ","description":"Amanita muscaria is a mycorrhizal basidiomycete fungus. Amanita muscaria is the classic European fairytale <br\/>mushroom, bearing white gills and white warts on a typically bright red cap.  It is known to contains several toxic, <br\/>psychoactive compounds.  This species was originally described from Europe and recent genetic and mophological <br\/>evidence suggests that there are a number of distinct species worldwide that have been lumped under this name. <br\/>"},"flathierarchy":[{"sourceIdentifier":"8798370","taxonID":48629809,"parentNameUsageID":48629755,"taxonConceptID":2866150,"scientificName":"Amanita muscaria","taxonRank":"Species","type":"leaf"}],"preferredCommonNames":{"vernacularName":"Fly Agaric","language":"en","eol_preferred":true},"commonNames":[{"vernacularName":"Chahal yuy","language":"","eol_preferred":true},{"vernacularName":"Cuacicitlalnan\u00e1gane","language":"","eol_preferred":true},{"vernacularName":"Fly Amanita","language":"","eol_preferred":true},{"vernacularName":"Itaikairi","language":"","eol_preferred":true},{"vernacularName":"Kagulja","language":"","eol_preferred":true},{"vernacularName":"Kju g\u00fcin","language":"","eol_preferred":true},{"vernacularName":"Ixtanteloc","language":""},{"vernacularName":"Kaguij\u00e1","language":""},{"vernacularName":"Kju de\u00f1i","language":""},{"vernacularName":"Fliegenpilz","language":"de","eol_preferred":true},{"vernacularName":"Fly Agaric","language":"en","eol_preferred":true},{"vernacularName":"Yullo del trueno","language":"es","eol_preferred":true},{"vernacularName":"Azucarado","language":"es"},{"vernacularName":"Az\u00facar","language":"es"},{"vernacularName":"Cashimo cimarr\u00f3n","language":"es"},{"vernacularName":"Cashimo de mosca","language":"es"},{"vernacularName":"Cashimo de pepita","language":"es"},{"vernacularName":"Cashimo rojo","language":"es"},{"vernacularName":"False Oronja","language":"es"},{"vernacularName":"Granulado","language":"es"},{"vernacularName":"Hongo de moscas","language":"es"},{"vernacularName":"Hongo de mosco","language":"es"},{"vernacularName":"Hongo del Trueno","language":"es"},{"vernacularName":"Hongo diab\u00f3lico","language":"es"},{"vernacularName":"Hongo rojo falso","language":"es"},{"vernacularName":"Hongo semilla de chile","language":"es"},{"vernacularName":"Hongos en Arag\u00f3n","language":"es"},{"vernacularName":"Matamoscas","language":"es"},{"vernacularName":"Mosquero","language":"es"},{"vernacularName":"Oronja falsa","language":"es"},{"vernacularName":"Oronja mala","language":"es"},{"vernacularName":"R\u00f8d fluesopp","language":"no","eol_preferred":true},{"vernacularName":"Mata-moscas","language":"pt","eol_preferred":true},{"vernacularName":"Mata-bois","language":"pt"}],"image":{"objectId":"17570372ec69bd5edc4db88a8332c5e9","identifier":"17570372ec69bd5edc4db88a8332c5e9","title":"3 Fly Agaric (Amanita Muscaria)","licence":"http:\/\/creativecommons.org\/licenses\/by-nc-sa\/2.0\/","rights":null,"credits":"<a href='http:\/\/www.flickr.com\/photos\/32676160@N07'>martin_r_mitchell<\/a>&copy; ","description":null,"mimeType":"jpg","fileName":"17570372ec69bd5edc4db88a8332c5e9.jpg","URL":"http:\/\/media.eol.org\/content\/2011\/12\/15\/01\/94427_orig.jpg"}},"47433492":{"collectionid":12019,"pageid":1173033,"taxonConceptId":47433492,"taxonName":"Diabrotica undecimpunctata","textDesc":{"objectId":"b2decbc97e98c56ebba01868c688b061","identifier":"b2decbc97e98c56ebba01868c688b061","title":"IDnature guides","licence":"http:\/\/creativecommons.org\/licenses\/by-nc-sa\/3.0\/","rights":null,"credits":"&copy; Discover Life and original sources","description":"<a target='Ladybug&cl=llp' href='http:\/\/www.discoverlife.org\/mp\/20q?guide=Ladybug&cl=llp'>Identification <br\/>key for some ladybugs (and lookalikes) of North America<\/a> <br><br> "},"flathierarchy":[{"sourceIdentifier":"10934732","taxonID":47433492,"parentNameUsageID":47433490,"taxonConceptID":1173033,"scientificName":"Diabrotica undecimpunctata Mannerheim 1843","taxonRank":"Species","type":"leaf"}],"preferredCommonNames":{"vernacularName":"spotted cucumber beetle","language":"en","eol_preferred":true},"commonNames":[{"vernacularName":"spotted cucumber beetle","language":"en","eol_preferred":true}],"image":{"objectId":"131b2a6bb2c5d6db83fe127f281f0f83","identifier":"131b2a6bb2c5d6db83fe127f281f0f83","title":"Diabrotica undecimpunctata","licence":"http:\/\/creativecommons.org\/licenses\/by-nc-sa\/3.0\/","rights":"Copyright Phil Myers","credits":"Phil Myers, Museum of Zoology, University of Michigan&copy; Phil Myers","description":null,"mimeType":"jpg","fileName":"131b2a6bb2c5d6db83fe127f281f0f83.jpg","URL":"http:\/\/media.eol.org\/content\/2012\/05\/08\/07\/73528_orig.jpg"}},"48097896":{"collectionid":12019,"pageid":39677,"taxonConceptId":48097896,"taxonName":"Trapezia","textDesc":{"objectId":"28d8041dd6e834681acdbf46b8f61c97","identifier":"28d8041dd6e834681acdbf46b8f61c97","title":"Statistics of barcoding coverage","licence":"http:\/\/creativecommons.org\/licenses\/by\/3.0\/","rights":null,"credits":"&copy; Barcode of Life Data Systems","description":"Barcode of Life Data Systems (BOLD) Stats <br> &nbsp;\t\t\t\t\t\t\t\t\t\t\t\t\t\t&nbsp;\t\t\t\t\t\t\t\t\t\t\t\t\t\t\t<table>&nbsp;\t\t\t\t\t\t\t\t\t\t\t\t\t\t\t\t<tr>&nbsp;\t\t\t\t\t\t\t\t\t\t\t\t\t\t\t\t\t<td <br\/>width=\u002241%\u0022>Specimen Records:<\/td>&nbsp;\t\t\t\t\t\t\t\t\t\t\t\t\t\t\t\t\t<td width=\u002217%\u0022>248<\/td>&nbsp;\t\t\t\t\t\t\t\t\t\t\t\t\t\t\t\t\t<td <br\/>width=\u002229%\u0022>Public Records:<\/td>&nbsp;\t\t\t\t\t\t\t\t\t\t\t\t\t\t\t\t\t<td width=\u002213%\u0022>45<\/td>&nbsp;\t\t\t\t\t\t\t\t\t\t\t\t\t\t\t\t<\/tr>&nbsp;\t\t\t\t\t\t\t\t\t\t\t\t\t\t\t\t<tr>&nbsp;\t\t\t\t\t\t\t\t\t\t\t\t\t\t\t\t\t<td>Specimens <br\/>with Sequences:<\/td>&nbsp;\t\t\t\t\t\t\t\t\t\t\t\t\t\t\t\t\t<td>98<\/td>&nbsp;\t\t\t\t\t\t\t\t\t\t\t\t\t\t\t\t\t<td>Public Species:<\/td>&nbsp;\t\t\t\t\t\t\t\t\t\t\t\t\t\t\t\t\t<td>11<\/td>&nbsp;\t\t\t\t\t\t\t\t\t\t\t\t\t\t\t\t<\/tr>&nbsp;\t\t\t\t\t\t\t\t\t\t\t\t\t\t\t\t<tr>&nbsp;\t\t\t\t\t\t\t\t\t\t\t\t\t\t\t\t\t<td>Specimens <br\/>with Barcodes:<\/td>&nbsp;\t\t\t\t\t\t\t\t\t\t\t\t\t\t\t\t\t<td>95<\/td>&nbsp;\t\t\t\t\t\t\t\t\t\t\t\t\t\t\t\t\t<td>Public BINs:<\/td>&nbsp;\t\t\t\t\t\t\t\t\t\t\t\t\t\t\t\t\t<td>14<\/td>&nbsp;\t\t\t\t\t\t\t\t\t\t\t\t\t\t\t\t<\/tr>&nbsp;\t\t\t\t\t\t\t\t\t\t\t\t\t\t\t\t<tr>&nbsp;\t\t\t\t\t\t\t\t\t\t\t\t\t\t\t\t\t<td>Species:<\/td>&nbsp;\t\t\t\t\t\t\t\t\t\t\t\t\t\t\t\t\t<td>23<\/td>&nbsp;\t\t\t\t\t\t\t\t\t\t\t\t\t\t\t\t\t<td>&nbsp;&nbsp;&nbsp;&nbsp;&nbsp;&nbsp;&nbsp;&nbsp;\t\t\t\t\t\t\t\t\t\t\t\t\t\t\t\t\t\t\t\t\t\t\t\t\t\t\t\t\t\t\t\t\t\t\t<\/td>&nbsp;\t\t\t\t\t\t\t\t\t\t\t\t\t\t\t\t\t<td>&nbsp;<\/td>&nbsp;\t\t\t\t\t\t\t\t\t\t\t\t\t\t\t\t<\/tr>&nbsp;\t\t\t\t\t\t\t\t\t\t\t\t\t\t\t\t<tr>&nbsp;\t\t\t\t\t\t\t\t\t\t\t\t\t\t\t\t\t<td>Species <br\/>With Barcodes:<\/td>&nbsp;\t\t\t\t\t\t\t\t\t\t\t\t\t\t\t\t\t<td>19<\/td>&nbsp;\t\t\t\t\t\t\t\t\t\t\t\t\t\t\t\t\t<td>&nbsp;&nbsp;&nbsp;&nbsp;&nbsp;&nbsp;&nbsp;&nbsp;\t\t\t\t\t\t\t\t\t\t\t\t\t\t\t\t\t\t\t\t\t\t\t\t\t\t\t\t\t\t\t\t\t\t\t<\/td>&nbsp;\t\t\t\t\t\t\t\t\t\t\t\t\t\t\t\t\t<td>&nbsp;<\/td>&nbsp;\t\t\t\t\t\t\t\t\t\t\t\t\t\t\t\t<\/tr>&nbsp;\t\t\t\t\t\t\t\t\t\t\t\t\t\t\t\t<tr>&nbsp;\t\t\t\t\t\t\t\t\t\t\t\t\t\t\t\t\t<td>&nbsp;<\/td>&nbsp;\t\t\t\t\t\t\t\t\t\t\t\t\t\t\t\t\t<td><\/td>&nbsp;\t\t\t\t\t\t\t\t\t\t\t\t\t\t\t\t\t<td>&nbsp;&nbsp;&nbsp;&nbsp;&nbsp;&nbsp;&nbsp;&nbsp;\t\t\t\t\t\t\t\t\t\t\t\t\t\t\t\t\t\t\t\t\t\t\t\t\t\t\t\t\t\t\t\t\t\t\t<\/td>&nbsp;\t\t\t\t\t\t\t\t\t\t\t\t\t\t\t\t\t<td>&nbsp;<\/td>&nbsp;\t\t\t\t\t\t\t\t\t\t\t\t\t\t\t\t<\/tr>&nbsp;\t\t\t\t\t\t\t\t\t\t\t\t\t\t\t\t<tr>&nbsp;\t\t\t\t\t\t\t\t\t\t\t\t\t\t\t\t\t<td><\/td><\/tr><\/table> <br\/>"},"flathierarchy":[{"sourceIdentifier":"11028798","taxonID":48097896,"parentNameUsageID":48097895,"taxonConceptID":39677,"scientificName":"Trapezia","taxonRank":"Genus","type":"leaf"}],"preferredCommonNames":false,"commonNames":[],"image":{"objectId":"516e359cb6a774fc96b4e4f9ea10de49","identifier":"516e359cb6a774fc96b4e4f9ea10de49","title":"Trapezia rufopunctata","licence":"http:\/\/creativecommons.org\/licenses\/by-nc-sa\/3.0\/","rights":null,"credits":"&copy; WoRMS for SMEBD","description":null,"mimeType":"jpg","fileName":"516e359cb6a774fc96b4e4f9ea10de49.jpg","URL":"http:\/\/media.eol.org\/content\/2010\/12\/04\/09\/49169_orig.jpg"}}}