{"48148451":{"collectionid":12227,"pageid":454869,"taxonConceptId":48148451,"taxonName":"Conolophus subcristatus","textDesc":{"objectId":"2d99ef721b7863109ba38eced5db314d","identifier":"2d99ef721b7863109ba38eced5db314d","title":"Biology","licence":"http:\/\/creativecommons.org\/licenses\/by-nc-sa\/3.0\/","rights":"Copyright Wildscreen 2003-2008","credits":"&copy; Wildscreen","description":"Galapagos land iguanas are active during the day. They maintain their body temperature by basking in the sun to <br\/>warm up and seeking shade when they become too hot. In the morning they can be found basking, but during the heat <br\/>of midday they tend to retreat into shade. At night they sleep in burrows which they dig themselves (5). This species <br\/>is omnivorous but tends to mainly eat plants and the fruits and pads of cactus trees. They may remove the spines <br\/>with their claws, and these cacti provide them with plenty of moisture during dry spells (2) (5). This species <br\/>has an interesting relationship with Galapagos finches; the iguanas often raise themselves from the ground <br\/>and allow the finches to remove ticks from their bodies (2).&nbsp;Males defend territories, with displays involving <br\/>head bobbing, biting and tail thrashing (5). During courtship, males aggressively court the females (4). After <br\/>mating, the females set off on a migration to suitable egg-laying habitat. On Ferdinanda Island, females are <br\/>known to travel up to 15 km to reach a suitable nesting site (4). They then lay two to 20 eggs in a 50 cm deep burrow. <br\/>The nest site is guarded for a number of days after laying, in order to prevent other females from laying in the same <br\/>place and damaging the eggs (5). The young hatch after 85 to 110 days; it then takes them up to a week to dig their way <br\/>out of the burrow (5). Maturity is reached between eight and 15 years. If they survive the first years of life, when <br\/>they are most vulnerable to predation and food scarcity, land iguanas can live for up to 50 years (2). "},"flathierarchy":null,"preferredCommonNames":{"vernacularName":"Galapagos Land Iguana","language":"en","eol_preferred":true},"commonNames":[{"vernacularName":"Galapagos Land Iguana","language":"en","eol_preferred":true},{"vernacularName":"Common land iguana","language":"en"},{"vernacularName":"Gal\u00e1pagos land iguana","language":"en"},{"vernacularName":"land iguana","language":"en"},{"vernacularName":"Iguana terrestre de las gal\u00e1pagos","language":"es","eol_preferred":true},{"vernacularName":"Conolophus subcristatus","language":"fr","eol_preferred":true},{"vernacularName":"Iguane terrestre des galapagos","language":"fr"},{"vernacularName":"Iguane terrestre des gal\u00e1pagos","language":"fr"}],"image":{"objectId":"63e985d4748be9d69e77caefaccd4499","identifier":"63e985d4748be9d69e77caefaccd4499","title":"63e985d4748be9d69e77caefaccd4499","licence":"http:\/\/creativecommons.org\/licenses\/by-sa\/3.0\/","rights":null,"credits":"<a href='http:\/\/www.biolib.cz\/en\/person\/id1832\/'>Petr Baum<\/a>&copy; ","description":null,"mimeType":"jpg","fileName":"63e985d4748be9d69e77caefaccd4499.jpg","URL":"http:\/\/media.eol.org\/content\/2009\/07\/24\/12\/67597_orig.jpg"},"iucnStatus":""},"47300505":{"collectionid":12227,"pageid":234603,"taxonConceptId":47300505,"taxonName":"Cotinis mutabilis (Gory & Percheron, 1833)","textDesc":"","flathierarchy":null,"preferredCommonNames":{"vernacularName":"Figeater beetle","language":"en","eol_preferred":true},"commonNames":[{"vernacularName":"Figeater beetle","language":"en","eol_preferred":true},{"vernacularName":"Green fig beetle","language":"en"},{"vernacularName":"Green fruit beetle","language":"en"}],"image":{"objectId":"20818cd3244a98454aef50d69dce31e6","identifier":"20818cd3244a98454aef50d69dce31e6","title":"Green Fruit Beetles feasting on Prickly Pear fruit","licence":"http:\/\/creativecommons.org\/licenses\/by-nc\/2.0\/","rights":null,"credits":"<a href='http:\/\/www.flickr.com\/photos\/86548370@N00'>Katja Schulz<\/a>&copy; ","description":null,"mimeType":"jpg","fileName":"20818cd3244a98454aef50d69dce31e6.jpg","URL":"http:\/\/media.eol.org\/content\/2012\/02\/24\/01\/50516_orig.jpg"},"iucnStatus":""},"47497975":{"collectionid":12227,"pageid":462,"taxonConceptId":47497975,"taxonName":"Drosophilidae","textDesc":"","flathierarchy":null,"preferredCommonNames":{"vernacularName":"pomace flies","language":"en","eol_preferred":true},"commonNames":[{"vernacularName":"Essigfliegen","language":"de","eol_preferred":true},{"vernacularName":"Taufliegen","language":"de"},{"vernacularName":"pomace flies","language":"en","eol_preferred":true},{"vernacularName":"small fruit flies","language":"en"},{"vernacularName":"vinegar flies","language":"en"},{"vernacularName":"mouches du vinaigre","language":"fr","eol_preferred":true},{"vernacularName":"drosophiles","language":"fr"},{"vernacularName":"moucherons","language":"fr"}],"image":{"objectId":"b172424b29bd0d094319cdae41bf03c2","identifier":"b172424b29bd0d094319cdae41bf03c2","title":"File:Drosophila melanogaster - side (aka).jpg","licence":"http:\/\/creativecommons.org\/licenses\/by-sa\/3.0\/","rights":null,"credits":"&copy; ","description":null,"mimeType":"jpg","fileName":"b172424b29bd0d094319cdae41bf03c2.jpg","URL":"http:\/\/media.eol.org\/content\/2012\/06\/15\/04\/26685_orig.jpg"},"iucnStatus":""},"48167687":{"collectionid":12227,"pageid":1064959,"taxonConceptId":48167687,"taxonName":"Treron calvus","textDesc":{"objectId":"f600a287d9d8b81e5ad828006f3f1811","identifier":"f600a287d9d8b81e5ad828006f3f1811","title":"Distribution","licence":"http:\/\/creativecommons.org\/licenses\/by-nc-sa\/3.0\/","rights":null,"credits":"&copy; Lack 2010","description":"<p>Sub-Saharan Africa: Senegal - N Uganda, S Kenya with a corridor to C Ethiopia south to C Angola - NE South Africa <br\/>and down east coast of South Africa.<\/p> "},"flathierarchy":null,"preferredCommonNames":{"vernacularName":"African Green Pigeon","language":"en","eol_preferred":true},"commonNames":[{"vernacularName":"Pombo-verde-africano","language":"","eol_preferred":true},{"vernacularName":"\u975e\u6d32\u7eff\u9e20","language":"","eol_preferred":true},{"vernacularName":"Papegaaiduif","language":"af","eol_preferred":true},{"vernacularName":"Holub africk\u00fd","language":"cs","eol_preferred":true},{"vernacularName":"Papeg\u00f8jedue","language":"da","eol_preferred":true},{"vernacularName":"Rotnasen-Gr\u00fcntaube","language":"de","eol_preferred":true},{"vernacularName":"Gr\u00fcne Fruchttaube","language":"de"},{"vernacularName":"Rotnasengr\u00fcntaube","language":"de"},{"vernacularName":"African Green Pigeon","language":"en","eol_preferred":true},{"vernacularName":"African Fruit-Pigeon","language":"en"},{"vernacularName":"African Green-Pigeon","language":"en"},{"vernacularName":"Bare-faced Green Pigeon","language":"en"},{"vernacularName":"Delalande's Green-Pigeon","language":"en"},{"vernacularName":"Green Fruit-Pigeon","language":"en"},{"vernacularName":"Green Pigeon","language":"en"},{"vernacularName":"Vinago Africano","language":"es","eol_preferred":true},{"vernacularName":"aafrika viigituvi","language":"et","eol_preferred":true},{"vernacularName":"afrikanviherkyyhky","language":"fi","eol_preferred":true},{"vernacularName":"Pigeon vert \u00e0 front nu","language":"fr","eol_preferred":true},{"vernacularName":"Colombar \u00e0 front nu","language":"fr"},{"vernacularName":"Pigeon frugivore \u00e0 face nue","language":"fr"},{"vernacularName":"Piccione verde africano","language":"it","eol_preferred":true},{"vernacularName":"\u30a2\u30d5\u30ea\u30ab\u30a2\u30aa\u30d0\u30c8","language":"ja","eol_preferred":true},{"vernacularName":"afurikaaobato","language":"ja"},{"vernacularName":"Afrikaanse Papegaaiduif","language":"nl","eol_preferred":true},{"vernacularName":"Afrikagr\u00f8nndue","language":"no","eol_preferred":true},{"vernacularName":"treron krasnonosy","language":"pl","eol_preferred":true},{"vernacularName":"\u0410\u0444\u0440\u0438\u043a\u0430\u043d\u0441\u043a\u0438\u0439 \u0437\u0435\u043b\u0451\u043d\u044b\u0439 \u0433\u043e\u043b\u0443\u0431\u044c","language":"ru","eol_preferred":true},{"vernacularName":"trer\u00f3n figovn\u00edkov\u00fd","language":"sk","eol_preferred":true},{"vernacularName":"Huriti","language":"sn","eol_preferred":true},{"vernacularName":"Litubantfontfo","language":"ss","eol_preferred":true},{"vernacularName":"Afrikansk gr\u00f6nduva","language":"sv","eol_preferred":true},{"vernacularName":"Ninga","language":"sw","eol_preferred":true},{"vernacularName":"Leebamoru","language":"tn","eol_preferred":true},{"vernacularName":"Nghwamba","language":"ts","eol_preferred":true},{"vernacularName":"Intendekwane","language":"xh","eol_preferred":true}],"image":{"objectId":"47079def04c6f987bb508f36a45c8068","identifier":"47079def04c6f987bb508f36a45c8068","title":"47079def04c6f987bb508f36a45c8068","licence":"http:\/\/creativecommons.org\/licenses\/publicdomain\/","rights":null,"credits":"<a href='http:\/\/www.biolib.cz\/en\/person\/id210\/'>Pavla Tochorov\u00e1<\/a>&copy; ","description":null,"mimeType":"jpg","fileName":"47079def04c6f987bb508f36a45c8068.jpg","URL":"http:\/\/media.eol.org\/content\/2010\/03\/24\/05\/93011_orig.jpg"},"iucnStatus":""},"48132388":{"collectionid":12227,"pageid":327321,"taxonConceptId":48132388,"taxonName":"Cynopterus sphinx","textDesc":{"objectId":"585b8756b967a99f179215476024346c","identifier":"585b8756b967a99f179215476024346c","title":"Range Description","licence":"http:\/\/creativecommons.org\/licenses\/by-nc-sa\/3.0\/","rights":"\u00a9 International Union for Conservation of Nature and Natural Resources","credits":"&copy; International Union for Conservation of Nature and Natural Resources","description":"This species is widely distributed from much of South Asia, through southern China, most of mainland and insular <br\/>Southeast Asia. In South Asia this species is presently known from Bangladesh (Dhaka, Khulna and Rajsahi divisions), <br\/>Bhutan (Phuntsholing), India (Andhra Pradesh, Arunachal Pradesh, Assam, Bihar, Chhattisgarh, Goa, Gujarat, <br\/>Jammu and Kashmir, Jharkhand, Karnataka, Kerala, Madhya Pradesh, Maharashtra, Meghalaya, Nagaland, Nicobar <br\/>Islands, Orissa, Rajasthan, Tamil Nadu, Tripura, Uttaranchal, Uttar Pradesh and West Bengal), Nepal (Central, <br\/>Eastern, Far Western and Western Nepal), Pakistan (Sind) and Sri Lanka (Central, Eastern, North Central, Sabaragamuwa, <br\/>Southern, Uva and Western provinces) (Molur <em>et al.<\/em> 2002). It has been recorded from sea level to an elevation <br\/>of 400 m asl distributed widely in the region. In southern China, it is found from Tibet to Fujian (Smith and Xie <br\/>2008). In Southeast Asia, it ranges from Myanmar in the west, through Thailand, Lao PDR, Viet Nam and Cambodia <br\/>to Peninsular Malaysia, and from here it occurs in Indonesia (the Mentawai Islands, Sumatra, western Java, Bali, <br\/>Sumbawa and Sulawesi) and southern Borneo (Kalimantan [Indonesia]). "},"flathierarchy":null,"preferredCommonNames":{"vernacularName":"Greater Short-nosed Fruit Bat","language":"en","eol_preferred":true},"commonNames":[{"vernacularName":"Indian short-nosed fruit bat","language":"","eol_preferred":true},{"vernacularName":"kalo\u0148 kr\u00e1tkonos\u00fd","language":"cs","eol_preferred":true},{"vernacularName":"Greater Short-nosed Fruit Bat","language":"en","eol_preferred":true},{"vernacularName":"Greater shortnosed fruit bat","language":"en"},{"vernacularName":"Short-nosed fruit bat","language":"en"},{"vernacularName":"Short-nosed indian fruit bat","language":"en"},{"vernacularName":"\u72ac\u8760","language":"zh-Hans","eol_preferred":true},{"vernacularName":"\u72ac\u9762\u679c\u8760","language":"zh-Hans"},{"vernacularName":"\u77ed\u543b\u679c\u8760","language":"zh-Hans"},{"vernacularName":"\u77ed\u9f3b\u679c\u8760","language":"zh-Hans"}],"image":{"objectId":"e9bd9f115983b62cd160053a506de999","identifier":"e9bd9f115983b62cd160053a506de999","title":"Common Picture","licence":"http:\/\/creativecommons.org\/licenses\/by-nc-sa\/3.0\/","rights":null,"credits":"&copy; Darwin Initiative Centre for Bat Research","description":null,"mimeType":"jpg","fileName":"e9bd9f115983b62cd160053a506de999.jpg","URL":"http:\/\/media.eol.org\/content\/2012\/06\/27\/23\/50812_orig.jpg"},"iucnStatus":""},"48168272":{"collectionid":12227,"pageid":1050125,"taxonConceptId":48168272,"taxonName":"Zenaida asiatica","textDesc":"","flathierarchy":null,"preferredCommonNames":{"vernacularName":"White-winged Dove","language":"en","eol_preferred":true},"commonNames":[{"vernacularName":"Rol\u00f3n Aliblanca","language":"","eol_preferred":true},{"vernacularName":"hrdli\u010dka b\u011blavok\u0159\u00eddl\u00e1","language":"cs","eol_preferred":true},{"vernacularName":"Hvidvingedue","language":"da","eol_preferred":true},{"vernacularName":"Wei\u00dffl\u00fcgeltaube","language":"de","eol_preferred":true},{"vernacularName":"White-winged Dove","language":"en","eol_preferred":true},{"vernacularName":"Sonoran dove","language":"en"},{"vernacularName":"cactus pigeon","language":"en"},{"vernacularName":"singing dove","language":"en"},{"vernacularName":"white-wing","language":"en"},{"vernacularName":"Paloma ala blanca","language":"es","eol_preferred":true},{"vernacularName":"Aliblanca","language":"es"},{"vernacularName":"Barbarin","language":"es"},{"vernacularName":"Paloma Bellotera","language":"es"},{"vernacularName":"Paloma de alas blancas","language":"es"},{"vernacularName":"Torcaza Aliblanca","language":"es"},{"vernacularName":"T\u00f3rtola Aliblanca","language":"es"},{"vernacularName":"Zenaida Albiblanca","language":"es"},{"vernacularName":"Zenaida Aliblanca","language":"es"},{"vernacularName":"paloma alablanca","language":"es"},{"vernacularName":"paloma aliblanca","language":"es"},{"vernacularName":"valgetiib-tuvi","language":"et","eol_preferred":true},{"vernacularName":"Pilkkasiipikyyhky","language":"fi","eol_preferred":true},{"vernacularName":"tourterelle \u00e0 ailes blanches","language":"fr","eol_preferred":true},{"vernacularName":"Toutr\u00e8l z\u00e8l blanch","language":"ht","eol_preferred":true},{"vernacularName":"Tortora alibianche","language":"it","eol_preferred":true},{"vernacularName":"\u30cf\u30b8\u30ed\u30d0\u30c8","language":"ja","eol_preferred":true},{"vernacularName":"hajirobato","language":"ja"},{"vernacularName":"Witvleugeltreurduif","language":"nl","eol_preferred":true},{"vernacularName":"Hvitvingedue","language":"no","eol_preferred":true},{"vernacularName":"Go\u0142\u0119biak bia\u0142oskrzyd\u0142y","language":"pl","eol_preferred":true},{"vernacularName":"golebiak bialoskrzydly","language":"pl"},{"vernacularName":"\u0411\u0435\u043b\u043e\u043a\u0440\u044b\u043b\u0430\u044f \u0433\u043e\u0440\u043b\u0438\u0446\u0430","language":"ru","eol_preferred":true},{"vernacularName":"nachovka bielokr\u00eddla","language":"sk","eol_preferred":true},{"vernacularName":"Vitvingad duva","language":"sv","eol_preferred":true}],"image":{"objectId":"e03d9af80c71f3c5d261affd2477f227","identifier":"e03d9af80c71f3c5d261affd2477f227","title":"White-winged dove feeding on Carnegiea fruit","licence":"http:\/\/creativecommons.org\/licenses\/by-nc-sa\/2.0\/","rights":null,"credits":"<a href='http:\/\/www.flickr.com\/photos\/86666094@N00'>David Bygott<\/a>&copy; ","description":null,"mimeType":"jpg","fileName":"e03d9af80c71f3c5d261affd2477f227.jpg","URL":"http:\/\/media.eol.org\/content\/2012\/03\/28\/00\/08867_orig.jpg"},"iucnStatus":""},"48131376":{"collectionid":12227,"pageid":323856,"taxonConceptId":48131376,"taxonName":"Trichosurus vulpecula","textDesc":{"objectId":"a418680e92e812382c06a6b7dbd085a1","identifier":"a418680e92e812382c06a6b7dbd085a1","title":"Biology","licence":"http:\/\/creativecommons.org\/licenses\/by-nc-sa\/3.0\/","rights":"Copyright Wildscreen 2003-2008","credits":"&copy; Wildscreen","description":"The common brushtail possum is largely nocturnal and arboreal, and is an agile climber (2) (3) (4), although it <br\/>may also travel along the ground (3) (6). The diet varies depending on the location, but typically includes leaves, <br\/>flowers, shoots, fruits and seeds, as well as insects, birds' eggs and occasionally other small animals, such <br\/>as young birds. The common brushtail possum is mainly solitary, maintaining spacing between individuals using <br\/>a mixture of scent-marking, vocalisations and agonistic encounters. One of the most vocal groups of marsupials, <br\/>brushtail possums communicate with a range of calls, including clicks, grunts, hisses, alarm chatters, guttural <br\/>coughs, and screeching (2) (3) (4).&nbsp;Breeding may occur at any time of year, particularly in northern Australia, <br\/>but usually peaks in spring (September to November) and autumn (March to May) in other areas. In some areas, females <br\/>may give birth in both seasons. The female common brushtail possum usually gives birth to a single young, after <br\/>a gestation period of 16 to 18 days (2) (3) (4). Measuring just 1.5 centimetres at birth, and weighing a mere 2 grams <br\/>(5), the tiny newborn climbs, unaided, through the female's fur and into the pouch, where it attaches to one of <br\/>two teats, remaining inside the pouch for a further four to five months. The young common brushtail possum is then <br\/>left in the den or rides on the female's back until around seven to nine months old (2) (3). Females begin to breed <br\/>at around a year old, and males by the end of the second year (2) (3) (4), with young females usually establishing <br\/>a home range adjacent to that of the adult female, while young males disperse further afield (3) (7). Lifespan <br\/>may be up to 13 years in the wild (2) (3) (4). "},"flathierarchy":null,"preferredCommonNames":{"vernacularName":"Common Brush-tailed Possum","language":"en","eol_preferred":true},"commonNames":[{"vernacularName":"Fuchskusu","language":"de","eol_preferred":true},{"vernacularName":"Common Brush-tailed Possum","language":"en","eol_preferred":true},{"vernacularName":"Brushtail possum","language":"en"},{"vernacularName":"Common Brushtail","language":"en"},{"vernacularName":"Common brushtail possum","language":"en"},{"vernacularName":"Silver-gray Brushtail Possum","language":"en"},{"vernacularName":"Phalanger blanch\u00e2tre","language":"fr","eol_preferred":true},{"vernacularName":"Voskoesoe","language":"nl","eol_preferred":true},{"vernacularName":"\u041f\u043e\u0441\u0441\u0443\u043c \u0449\u0435\u0442\u0438\u043d\u043e\u0445\u0432\u043e\u0441\u0442\u044b\u0439","language":"ru","eol_preferred":true}],"image":{"objectId":"6cd30b41dd2ae14f85420c7fb02a8cd5","identifier":"6cd30b41dd2ae14f85420c7fb02a8cd5","title":"File:Possum brushtail 1.jpg","licence":"http:\/\/creativecommons.org\/licenses\/by-sa\/3.0\/","rights":null,"credits":"&copy; ","description":null,"mimeType":"jpg","fileName":"6cd30b41dd2ae14f85420c7fb02a8cd5.jpg","URL":"http:\/\/media.eol.org\/content\/2012\/06\/13\/04\/03691_orig.jpg"},"iucnStatus":""},"47598804":{"collectionid":12227,"pageid":9023,"taxonConceptId":47598804,"taxonName":"Tephritidae","textDesc":{"objectId":"78cc5d8c9b423730285567e434838f1b","identifier":"78cc5d8c9b423730285567e434838f1b","title":"Statistics of barcoding coverage","licence":"http:\/\/creativecommons.org\/licenses\/by\/3.0\/","rights":null,"credits":"&copy; Barcode of Life Data Systems","description":"Barcode of Life Data Systems (BOLD) Stats <br> &nbsp;\t\t\t\t\t\t\t\t\t\t\t\t\t\t&nbsp;\t\t\t\t\t\t\t\t\t\t\t\t\t\t\t<table>&nbsp;\t\t\t\t\t\t\t\t\t\t\t\t\t\t\t\t<tr>&nbsp;\t\t\t\t\t\t\t\t\t\t\t\t\t\t\t\t\t<td <br\/>width=\u002241%\u0022>Specimen Records:<\/td>&nbsp;\t\t\t\t\t\t\t\t\t\t\t\t\t\t\t\t\t<td width=\u002217%\u0022>5,289<\/td>&nbsp;\t\t\t\t\t\t\t\t\t\t\t\t\t\t\t\t\t<td <br\/>width=\u002229%\u0022>Public Records:<\/td>&nbsp;\t\t\t\t\t\t\t\t\t\t\t\t\t\t\t\t\t<td width=\u002213%\u0022>2,131<\/td>&nbsp;\t\t\t\t\t\t\t\t\t\t\t\t\t\t\t\t<\/tr>&nbsp;\t\t\t\t\t\t\t\t\t\t\t\t\t\t\t\t<tr>&nbsp;\t\t\t\t\t\t\t\t\t\t\t\t\t\t\t\t\t<td>Specimens <br\/>with Sequences:<\/td>&nbsp;\t\t\t\t\t\t\t\t\t\t\t\t\t\t\t\t\t<td>4,105<\/td>&nbsp;\t\t\t\t\t\t\t\t\t\t\t\t\t\t\t\t\t<td>Public Species:<\/td>&nbsp;\t\t\t\t\t\t\t\t\t\t\t\t\t\t\t\t\t<td>281<\/td>&nbsp;\t\t\t\t\t\t\t\t\t\t\t\t\t\t\t\t<\/tr>&nbsp;\t\t\t\t\t\t\t\t\t\t\t\t\t\t\t\t<tr>&nbsp;\t\t\t\t\t\t\t\t\t\t\t\t\t\t\t\t\t<td>Specimens <br\/>with Barcodes:<\/td>&nbsp;\t\t\t\t\t\t\t\t\t\t\t\t\t\t\t\t\t<td>3,892<\/td>&nbsp;\t\t\t\t\t\t\t\t\t\t\t\t\t\t\t\t\t<td>Public BINs:<\/td>&nbsp;\t\t\t\t\t\t\t\t\t\t\t\t\t\t\t\t\t<td>397<\/td>&nbsp;\t\t\t\t\t\t\t\t\t\t\t\t\t\t\t\t<\/tr>&nbsp;\t\t\t\t\t\t\t\t\t\t\t\t\t\t\t\t<tr>&nbsp;\t\t\t\t\t\t\t\t\t\t\t\t\t\t\t\t\t<td>Species:<\/td>&nbsp;\t\t\t\t\t\t\t\t\t\t\t\t\t\t\t\t\t<td>790<\/td>&nbsp;\t\t\t\t\t\t\t\t\t\t\t\t\t\t\t\t\t<td>&nbsp;&nbsp;&nbsp;&nbsp;&nbsp;&nbsp;&nbsp;&nbsp;\t\t\t\t\t\t\t\t\t\t\t\t\t\t\t\t\t\t\t\t\t\t\t\t\t\t\t\t\t\t\t\t\t\t\t<\/td>&nbsp;\t\t\t\t\t\t\t\t\t\t\t\t\t\t\t\t\t<td>&nbsp;<\/td>&nbsp;\t\t\t\t\t\t\t\t\t\t\t\t\t\t\t\t<\/tr>&nbsp;\t\t\t\t\t\t\t\t\t\t\t\t\t\t\t\t<tr>&nbsp;\t\t\t\t\t\t\t\t\t\t\t\t\t\t\t\t\t<td>Species <br\/>With Barcodes:<\/td>&nbsp;\t\t\t\t\t\t\t\t\t\t\t\t\t\t\t\t\t<td>712<\/td>&nbsp;\t\t\t\t\t\t\t\t\t\t\t\t\t\t\t\t\t<td>&nbsp;&nbsp;&nbsp;&nbsp;&nbsp;&nbsp;&nbsp;&nbsp;\t\t\t\t\t\t\t\t\t\t\t\t\t\t\t\t\t\t\t\t\t\t\t\t\t\t\t\t\t\t\t\t\t\t\t<\/td>&nbsp;\t\t\t\t\t\t\t\t\t\t\t\t\t\t\t\t\t<td>&nbsp;<\/td>&nbsp;\t\t\t\t\t\t\t\t\t\t\t\t\t\t\t\t<\/tr>&nbsp;\t\t\t\t\t\t\t\t\t\t\t\t\t\t\t\t<tr>&nbsp;\t\t\t\t\t\t\t\t\t\t\t\t\t\t\t\t\t<td>&nbsp;<\/td>&nbsp;\t\t\t\t\t\t\t\t\t\t\t\t\t\t\t\t\t<td><\/td>&nbsp;\t\t\t\t\t\t\t\t\t\t\t\t\t\t\t\t\t<td>&nbsp;&nbsp;&nbsp;&nbsp;&nbsp;&nbsp;&nbsp;&nbsp;\t\t\t\t\t\t\t\t\t\t\t\t\t\t\t\t\t\t\t\t\t\t\t\t\t\t\t\t\t\t\t\t\t\t\t<\/td>&nbsp;\t\t\t\t\t\t\t\t\t\t\t\t\t\t\t\t\t<td>&nbsp;<\/td>&nbsp;\t\t\t\t\t\t\t\t\t\t\t\t\t\t\t\t<\/tr>&nbsp;\t\t\t\t\t\t\t\t\t\t\t\t\t\t\t\t<tr>&nbsp;\t\t\t\t\t\t\t\t\t\t\t\t\t\t\t\t\t<td><\/td><\/tr><\/table> <br\/>"},"flathierarchy":null,"preferredCommonNames":{"vernacularName":"fruit flies","language":"en","eol_preferred":true},"commonNames":[{"vernacularName":"Bohrfliegen","language":"de","eol_preferred":true},{"vernacularName":"Fruchtfliege","language":"de"},{"vernacularName":"fruit flies","language":"en","eol_preferred":true},{"vernacularName":"Gall Flies","language":"en"},{"vernacularName":"Tephritidae","language":"fr","eol_preferred":true},{"vernacularName":"t\u00e9phrites","language":"fr"}],"image":{"objectId":"777b9196fdcb21bf246423dc22e1dd8a","identifier":"777b9196fdcb21bf246423dc22e1dd8a","title":"777b9196fdcb21bf246423dc22e1dd8a","licence":"http:\/\/creativecommons.org\/licenses\/by-nc\/3.0\/","rights":null,"credits":"&copy; ","description":null,"mimeType":"jpg","fileName":"777b9196fdcb21bf246423dc22e1dd8a.jpg","URL":"http:\/\/media.eol.org\/content\/2012\/08\/02\/03\/89888_orig.jpg"},"iucnStatus":""},"48161387":{"collectionid":12227,"pageid":1050637,"taxonConceptId":48161387,"taxonName":"Bombycilla cedrorum","textDesc":{"objectId":"a38cbbf76c7c5f61614da02e01399238","identifier":"a38cbbf76c7c5f61614da02e01399238","title":"Bombycilla cedrorum","licence":"http:\/\/creativecommons.org\/licenses\/by-nc-sa\/3.0\/","rights":"Some rights reserved","credits":"&copy; Unknown","description":"<p>The smaller of the two North American waxwings, the Cedar Waxwing is also brighter and more colorful than its <br\/>northern relative, the Bohemian Waxwing (Bombycilla garrulus). This species may be identified by its light <br\/>brown body and crest, yellow flanks, black face mask, and red waxy-tipped feathers on the wings. Male and female <br\/>Cedar Waxwings are similar at all seasons. The Cedar Waxwing breeds across Northern Canada and the northern half <br\/>of the U.S.This species migrates southward in winter, when it may be found in across the United States, Mexico, <br\/>and Central America. Cedar Waxwings tend to be highly nomadic during winter, moving in flocks in search of food. <br\/>Thus, while this species may be found all year in north-central portions of the United States, waxwings wintering <br\/>in these areas are not necessarily the same birds that bred there the summer before, and are more likely birds from <br\/>further north. Cedar Waxwings breed in woodland interspersed with clearings with small fruit-bearing shrubs. <br\/>Waxwings primarily consume fruits and berries, and this habitat type supports this species\u2019 oddly specific <br\/>dietary requirements. In winter, waxwings may be found wherever berries, particularly those of cedars, are <br\/>plentiful. Often, Cedar Waxwings are most easily observed foraging in trees and shrubs. Depending on the location <br\/>of fruit on the tree, these birds may be high in the canopy, low to the ground, or anywhere in between. Cedar Waxwings <br\/>may also be observed undertaking short, straight flights between trees or longer flights between feeding areas <br\/>or on migration. This species is primarily active during the day.<\/p><p><a href='http:\/\/www.iucnredlist.org\/apps\/redlist\/details\/106006272\/0'>Threat <br\/>Status: Least concern<\/a><\/p> "},"flathierarchy":null,"preferredCommonNames":{"vernacularName":"Cedar Waxwing","language":"en","eol_preferred":true},"commonNames":[{"vernacularName":"Ala de Cera","language":"","eol_preferred":true},{"vernacularName":"Cigua Alas de Cera","language":""},{"vernacularName":"Brkoslav americk\u00fd","language":"cs","eol_preferred":true},{"vernacularName":"Cynffon sidan y cedrwydd","language":"cy","eol_preferred":true},{"vernacularName":"Cedersilkehale","language":"da","eol_preferred":true},{"vernacularName":"Amerikansk silkehale","language":"da"},{"vernacularName":"Zedernseidenschwanz","language":"de","eol_preferred":true},{"vernacularName":"Zedern-Seidenschwanz","language":"de"},{"vernacularName":"Cedar Waxwing","language":"en","eol_preferred":true},{"vernacularName":"Bonnet Bird","language":"en"},{"vernacularName":"Cedar Robin","language":"en"},{"vernacularName":"Cedar-Bird","language":"en"},{"vernacularName":"Cherry-bird","language":"en"},{"vernacularName":"R\u00e9collet","language":"en"},{"vernacularName":"Silk Tail","language":"en"},{"vernacularName":"Ampelis Americano","language":"es","eol_preferred":true},{"vernacularName":"Ampelis chinito","language":"es"},{"vernacularName":"Ampel\u00eds Americano","language":"es"},{"vernacularName":"Gallito","language":"es"},{"vernacularName":"Picotera","language":"es"},{"vernacularName":"Picotero del Cedro","language":"es"},{"vernacularName":"ameerika siidisaba","language":"et","eol_preferred":true},{"vernacularName":"Amerikantilhi","language":"fi","eol_preferred":true},{"vernacularName":"jaseur d'am\u00e8rique","language":"fr","eol_preferred":true},{"vernacularName":"Jaseur des c\u00e8dres","language":"fr"},{"vernacularName":"jaseur d'Am\u00e9rique","language":"fr"},{"vernacularName":"Zwazo-maske","language":"ht","eol_preferred":true},{"vernacularName":"Sedrustoppa","language":"is","eol_preferred":true},{"vernacularName":"Beccofrusone dei cedri","language":"it","eol_preferred":true},{"vernacularName":"\u30d2\u30e1\u30ec\u30f3\u30b8\u30e3\u30af","language":"ja","eol_preferred":true},{"vernacularName":"himerenjaku","language":"ja"},{"vernacularName":"Kedrinis svirbelis","language":"lt","eol_preferred":true},{"vernacularName":"Cederpestvogel","language":"nl","eol_preferred":true},{"vernacularName":"Einersidensvans","language":"no","eol_preferred":true},{"vernacularName":"\u14ed\u146f\u1431\u14cc\u1401\u1431\u14c0\u14ef","language":"oj","eol_preferred":true},{"vernacularName":"\u1405\u14ed\u146d\u1438\u14c7\u1427\u146d\u1511","language":"oj"},{"vernacularName":"Jemio\u0142uszka cedrowa","language":"pl","eol_preferred":true},{"vernacularName":"jemioluszka cedrowa","language":"pl"},{"vernacularName":"\u041a\u0435\u0434\u0440\u043e\u0432\u044b\u0439 \u0441\u0432\u0438\u0440\u0438\u0441\u0442\u0435\u043b\u044c","language":"ru","eol_preferred":true},{"vernacularName":"\u0430\u043c\u0435\u0440\u0438\u043a\u0430\u043d\u0441\u043a\u0438\u0439 \u0441\u0432\u0438\u0440\u0438\u0441\u0442\u0435\u043b\u044c","language":"ru"},{"vernacularName":"Chochl\u00e1\u010d c\u00e9drov\u00fd","language":"sk","eol_preferred":true},{"vernacularName":"chochl\u00e1c americk\u00fd","language":"sk"},{"vernacularName":"chochl\u00e1\u010d americk\u00fd","language":"sk"},{"vernacularName":"ameri\u0161ki pegam","language":"sl","eol_preferred":true},{"vernacularName":"Indiansidensvans","language":"sv","eol_preferred":true},{"vernacularName":"Sedir \u0130pekkuyru\u011fu","language":"tr","eol_preferred":true},{"vernacularName":"sedir ipekkuyru\u011fu","language":"tr"}],"image":{"objectId":"caea3ef54eead19c2e98844a262664bd","identifier":"caea3ef54eead19c2e98844a262664bd","title":"File:Bombycilla cedrorum CT.jpg","licence":"http:\/\/creativecommons.org\/licenses\/by-sa\/3.0\/","rights":null,"credits":"<a href='http:\/\/commons.wikimedia.org\/wiki\/User:Cephas'>Cephas<\/a>&copy; ","description":null,"mimeType":"jpg","fileName":"caea3ef54eead19c2e98844a262664bd.jpg","URL":"http:\/\/media.eol.org\/content\/2012\/06\/13\/18\/03778_orig.jpg"},"iucnStatus":""},"47965540":{"collectionid":12227,"pageid":551690,"taxonConceptId":47965540,"taxonName":"Chrysodeixis chalcites","textDesc":{"objectId":"c60f0683ecc59879686cc45527b77c04","identifier":"c60f0683ecc59879686cc45527b77c04","title":"Statistics of barcoding coverage: Chrysodeixis chalcites","licence":"http:\/\/creativecommons.org\/licenses\/by\/3.0\/","rights":null,"credits":"&copy; Barcode of Life Data Systems","description":"Barcode of Life Data Systems (BOLDS) Stats <br> Public Records: 0<br>Specimens with Barcodes: 10<br>Species <br\/>With Barcodes: 1<br><br> "},"flathierarchy":null,"preferredCommonNames":{"vernacularName":"Tomato looper","language":"en","eol_preferred":true},"commonNames":[{"vernacularName":"Tomato looper","language":"en","eol_preferred":true},{"vernacularName":"Turkse mot","language":"nl","eol_preferred":true},{"vernacularName":"turkse uil","language":"nl"}],"image":{"objectId":"002aa804c7fa36c46af401e974af1edc","identifier":"002aa804c7fa36c46af401e974af1edc","title":"002aa804c7fa36c46af401e974af1edc","licence":"http:\/\/creativecommons.org\/licenses\/by-nc\/3.0\/","rights":null,"credits":"&copy; ","description":null,"mimeType":"jpg","fileName":"002aa804c7fa36c46af401e974af1edc.jpg","URL":"http:\/\/media.eol.org\/content\/2012\/05\/23\/09\/88750_orig.jpg"},"iucnStatus":""},"47241049":{"collectionid":12227,"pageid":3400423,"taxonConceptId":47241049,"taxonName":"Epepeotes luscus (Fabricius, 1787)","textDesc":"","flathierarchy":null,"preferredCommonNames":false,"commonNames":[],"image":"","iucnStatus":""},"48135469":{"collectionid":12227,"pageid":456478,"taxonConceptId":48135469,"taxonName":"Gopherus agassizii","textDesc":{"objectId":"17639bd1f51879da30158fc97b5a5740","identifier":"17639bd1f51879da30158fc97b5a5740","title":"Biology","licence":"http:\/\/creativecommons.org\/licenses\/by-nc-sa\/3.0\/","rights":"Copyright Wildscreen 2003-2008","credits":"&copy; Wildscreen","description":"Desert tortoises reach sexual maturity when they attain a size of roughly 20 centimetres, which may take up to <br\/>15 years (3). Mating begins in early spring; male courtship involves head bobbing and nipping the female's carapace <br\/>and legs (2). Males also compete amongst each other at this time, using their gular horn they attempt to overturn <br\/>their component or to chase them away (2). Females construct nests in the desert sand, burying their clutch of <br\/>around 5 eggs (3). The temperature of the developing eggs determines the sex of the hatchlings; females develop <br\/>at higher temperatures (3). Hatchlings emerge 90 \u2013 135 days after laying, but the mortality rate of both eggs <br\/>and hatchlings is very high (2).&nbsp;&nbsp;These tortoises graze on desert grasses, obtaining almost all <br\/>of the water they require from their food (2). Rocks and soil are also ingested, possibly as a means of obtaining <br\/>minerals (2). As cold-blooded animals, tortoises adopt behavioural means of regulating their temperature; <br\/>they hibernate in burrows during the winter months and are also dormant through the hottest part of summer in a <br\/>behaviour known as aestivation (2). In some areas, extensive burrow systems are constructed and these may be <br\/>shared by a number of tortoises (2). "},"flathierarchy":null,"preferredCommonNames":{"vernacularName":"(Californian) Desert Tortoise","language":"en","eol_preferred":true},"commonNames":[{"vernacularName":"Ziix heht coquiij","language":"","eol_preferred":true},{"vernacularName":"Mojave desert tortoise","language":""},{"vernacularName":"(Californian) Desert Tortoise","language":"en","eol_preferred":true},{"vernacularName":"desert tortoise","language":"en"},{"vernacularName":"tortuga patona","language":"es","eol_preferred":true},{"vernacularName":"Tortuga del desierto","language":"es"},{"vernacularName":"Tortuga grande","language":"es"},{"vernacularName":"Tortue du d\u00e9sert","language":"fr","eol_preferred":true},{"vernacularName":"Goph\u00e8re d'agassiz","language":"fr"},{"vernacularName":"Tortue d'agassiz","language":"fr"},{"vernacularName":"\u0427\u0435\u0440\u0435\u043f\u0430\u0445\u0430-\u0433\u043e\u0444\u0435\u0440 \u043f\u0443\u0441\u0442\u044b\u043d\u043d\u0430\u044f","language":"ru","eol_preferred":true}],"image":{"objectId":"2965a03c75f88ecdb803577d6fab3bbc","identifier":"2965a03c75f88ecdb803577d6fab3bbc","title":"2965a03c75f88ecdb803577d6fab3bbc","licence":"http:\/\/creativecommons.org\/licenses\/by-nc-sa\/3.0\/","rights":"To support the Manzanita Project, please notify Manzanita@calacademy.org of any use of this image under the Creative Common License. High res images are also available upon request.","credits":"<a href='http:\/\/calphotos.berkeley.edu\/cgi\/photographer_query?where-name_full=Gerald+and+Buff+Corsi&one=T'>Gerald and Buff Corsi<\/a>&copy; 2009 California Academy of Sciences","description":null,"mimeType":"jpg","fileName":"2965a03c75f88ecdb803577d6fab3bbc.jpg","URL":"http:\/\/media.eol.org\/content\/2011\/08\/04\/12\/12497_orig.jpg"},"iucnStatus":""},"48170078":{"collectionid":12227,"pageid":1177980,"taxonConceptId":48170078,"taxonName":"Aratinga acuticaudata","textDesc":{"objectId":"fbfcd205762782b9c92231c6ae83f108","identifier":"fbfcd205762782b9c92231c6ae83f108","title":"IUCN Red List Assessment","licence":"http:\/\/creativecommons.org\/licenses\/by-nc-sa\/3.0\/","rights":"\u00a9 International Union for Conservation of Nature and Natural Resources","credits":"&copy; International Union for Conservation of Nature and Natural Resources","description":"<div id=\u0022x_category_and_criteria\u0022> <br\/><b>Red List Category<\/b><br\/> <div id=\u0022red_list_category_code\u0022>LC<\/div> <br\/><div id=\u0022red_list_category_title\u0022>Least Concern<\/div> <br\/><b>Red List Criteria<\/b><br\/> <div id=\u0022red_list_criteria\u0022\/> <br\/><br\/><b>Version<\/b><br\/> <div id=\u0022category_version\u0022>3.1<\/div> <\/div> <br\/><b>Year Assessed<\/b><br\/> <br\/><div id=\u0022modified_year\u0022>2009<\/div> <br\/><b>Assessor\/s<\/b><br\/> <div id=\u0022assessors\u0022>BirdLife International<\/div> <br\/><br\/><b>Reviewer\/s<\/b><br\/> <div id=\u0022reviewers\u0022>Bird, J., Butchart, S.<\/div> <br\/><b>Contributor\/s<\/b><br\/> <br\/><div id=\u0022contributors\u0022\/> <br\/><b>Justification<\/b><br\/> <div id=\u0022justification\u0022>This species has an <br\/>extremely large range, and hence does not approach the thresholds for Vulnerable under the range size criterion <br\/>(Extent of Occurrence <20,000 km2 combined with a declining or fluctuating range size, habitat extent\/quality, <br\/>or population size and a small number of locations or severe fragmentation). Despite the fact that the population <br\/>trend appears to be decreasing, the decline is not believed to be sufficiently rapid to approach the thresholds <br\/>for Vulnerable under the population trend criterion (>30% decline over ten years or three generations). The <br\/>population size has not been quantified, but it is not believed to approach the thresholds for Vulnerable under <br\/>the population size criterion (<10,000 mature individuals with a continuing decline estimated to be >10% in <br\/>ten years or three generations, or with a specified population structure). For these reasons the species is evaluated <br\/>as Least Concern.<\/div> <br\/><b>History<\/b><br\/> <ul id=\u0022assessment_years\u0022><li class=\u0022assessment_year\u0022> <br\/><div class=\u0022year\u0022>2008<\/div> <div class=\u0022category\u0022>Least Concern<\/div> <\/li> <li class=\u0022assessment_year\u0022> <br\/><div class=\u0022year\u0022>2004<\/div> <div class=\u0022category\u0022>Least Concern<\/div> <\/li> <\/ul> "},"flathierarchy":null,"preferredCommonNames":{"vernacularName":"Blue-crowned Parakeet","language":"en","eol_preferred":true},"commonNames":[{"vernacularName":"Carapaico","language":"","eol_preferred":true},{"vernacularName":"periquito-de-p\u00e9-rosa","language":"","eol_preferred":true},{"vernacularName":"Aratinga-de-testa-azul","language":""},{"vernacularName":"Periquito-de-cabe\u00e7a-azul","language":""},{"vernacularName":"jandaia-de-cabe\u00e7a-azul","language":""},{"vernacularName":"maracan\u00e3","language":""},{"vernacularName":"periquito-de-bico-rosa","language":""},{"vernacularName":"periquit\u00e3o","language":""},{"vernacularName":"Aratinga de cap blau","language":"ca","eol_preferred":true},{"vernacularName":"Aratinga dlouhoocas\u00fd","language":"cs","eol_preferred":true},{"vernacularName":"Bl\u00e5kindet Aratinga","language":"da","eol_preferred":true},{"vernacularName":"Spitzschwanzsittich","language":"de","eol_preferred":true},{"vernacularName":"Blue-crowned Parakeet","language":"en","eol_preferred":true},{"vernacularName":"Blue crowned Parakeet","language":"en"},{"vernacularName":"Blue-crowned Conure","language":"en"},{"vernacularName":"Sharp-tailed Conure","language":"en"},{"vernacularName":"Periquito de Cabeza Azul","language":"es","eol_preferred":true},{"vernacularName":"Aratinga Cabeciazul","language":"es"},{"vernacularName":"Calacante com\u00fan","language":"es"},{"vernacularName":"Calancate","language":"es"},{"vernacularName":"Calancate Com\u00fan","language":"es"},{"vernacularName":"Loro cabeza azul","language":"es"},{"vernacularName":"Maracan\u00e1 cabeza azulada","language":"es"},{"vernacularName":"Perico Frentiazul","language":"es"},{"vernacularName":"Sinip\u00e4\u00e4aratti","language":"fi","eol_preferred":true},{"vernacularName":"Perruche \u00e0 t\u00eate bleue","language":"fr","eol_preferred":true},{"vernacularName":"Conure \u00e0 front bleu","language":"fr"},{"vernacularName":"Conure \u00e0 t\u00eate bleue","language":"fr"},{"vernacularName":"Perriche \u00e0 t\u00eate bleue","language":"fr"},{"vernacularName":"\u00d1endai","language":"gn","eol_preferred":true},{"vernacularName":"Marakana","language":"gn"},{"vernacularName":"Parrocchetto capoazzurro","language":"it","eol_preferred":true},{"vernacularName":"Conuro testablu","language":"it"},{"vernacularName":"\u30c8\u30ac\u30ea\u30aa\u30a4\u30f3\u30b3","language":"ja","eol_preferred":true},{"vernacularName":"togariinko","language":"ja"},{"vernacularName":"togarioinko","language":"ja"},{"vernacularName":"\u30c8\u30ac\u30ea\u30a4\u30f3\u30b3","language":"ja"},{"vernacularName":"Blauwkoparatinga","language":"nl","eol_preferred":true},{"vernacularName":"Bl\u00e5hodet kilehaleparakitt","language":"no","eol_preferred":true},{"vernacularName":"Bl\u00e5hodeparakitt","language":"no"},{"vernacularName":"konura niebieskoczelna","language":"pl","eol_preferred":true},{"vernacularName":"\u0421\u0438\u043d\u0435\u043b\u043e\u0431\u0430\u044f \u0430\u0440\u0430\u0442\u0438\u043d\u0433\u0430","language":"ru","eol_preferred":true},{"vernacularName":"klinochvost modro\u010del\u00fd","language":"sk","eol_preferred":true},{"vernacularName":"klinochvost modrocel\u00fd","language":"sk"},{"vernacularName":"Bl\u00e5kronad parakit","language":"sv","eol_preferred":true}],"image":{"objectId":"aa95e8afb89efb3a02f60124d2a8a839","identifier":"aa95e8afb89efb3a02f60124d2a8a839","title":"Aratinga acuticaudata","licence":"http:\/\/creativecommons.org\/licenses\/by-nc-sa\/3.0\/","rights":"Copyright David Blank","credits":"David Blank&copy; ","description":null,"mimeType":"jpg","fileName":"aa95e8afb89efb3a02f60124d2a8a839.jpg","URL":"http:\/\/media.eol.org\/content\/2012\/05\/08\/06\/53307_orig.jpg"},"iucnStatus":""},"48169989":{"collectionid":12227,"pageid":1177884,"taxonConceptId":48169989,"taxonName":"Platycercus elegans","textDesc":{"objectId":"2a9b621d17a64af3d694599cf0b83680","identifier":"2a9b621d17a64af3d694599cf0b83680","title":"IUCN Red List Assessment","licence":"http:\/\/creativecommons.org\/licenses\/by-nc-sa\/3.0\/","rights":"\u00a9 International Union for Conservation of Nature and Natural Resources","credits":"&copy; International Union for Conservation of Nature and Natural Resources","description":"<div id=\u0022x_category_and_criteria\u0022> <br\/><b>Red List Category<\/b><br\/> <div id=\u0022red_list_category_code\u0022>LC<\/div> <br\/><div id=\u0022red_list_category_title\u0022>Least Concern<\/div> <br\/><b>Red List Criteria<\/b><br\/> <div id=\u0022red_list_criteria\u0022\/> <br\/><br\/><b>Version<\/b><br\/> <div id=\u0022category_version\u0022>3.1<\/div> <\/div> <br\/><b>Year Assessed<\/b><br\/> <br\/><div id=\u0022modified_year\u0022>2009<\/div> <br\/><b>Assessor\/s<\/b><br\/> <div id=\u0022assessors\u0022>BirdLife International<\/div> <br\/><br\/><b>Reviewer\/s<\/b><br\/> <div id=\u0022reviewers\u0022>Bird, J., Butchart, S.<\/div> <br\/><b>Contributor\/s<\/b><br\/> <br\/><div id=\u0022contributors\u0022\/> <br\/><b>Justification<\/b><br\/> <div id=\u0022justification\u0022>This species has a very <br\/>large range, and hence does not approach the thresholds for Vulnerable under the range size criterion (Extent <br\/>of Occurrence <20,000 km2 combined with a declining or fluctuating range size, habitat extent\/quality, or population <br\/>size and a small number of locations or severe fragmentation). Despite the fact that the population trend appears <br\/>to be decreasing, the decline is not believed to be sufficiently rapid to approach the thresholds for Vulnerable <br\/>under the population trend criterion (>30% decline over ten years or three generations). The population size <br\/>has not been quantified, but it is not believed to approach the thresholds for Vulnerable under the population <br\/>size criterion (<10,000 mature individuals with a continuing decline estimated to be >10% in ten years or three <br\/>generations, or with a specified population structure). For these reasons the species is evaluated as Least <br\/>Concern.<\/div> <br\/><b>History<\/b><br\/> <ul id=\u0022assessment_years\u0022><li class=\u0022assessment_year\u0022> <div <br\/>class=\u0022year\u0022>2008<\/div> <div class=\u0022category\u0022>Least Concern<\/div> <\/li> <li class=\u0022assessment_year\u0022> <br\/><div class=\u0022year\u0022>2005<\/div> <div class=\u0022category\u0022>Least Concern<\/div> <\/li> <li class=\u0022assessment_year\u0022> <br\/><div class=\u0022year\u0022>2004<\/div> <div class=\u0022category\u0022>Not Recognized<\/div> <\/li> <li class=\u0022assessment_year\u0022> <br\/><div class=\u0022year\u0022>2000<\/div> <div class=\u0022category\u0022>Not Recognized<\/div> <\/li> <li class=\u0022assessment_year\u0022> <br\/><div class=\u0022year\u0022>1994<\/div> <div class=\u0022category\u0022>Not Recognized<\/div> <\/li> <li class=\u0022assessment_year\u0022> <br\/><div class=\u0022year\u0022>1988<\/div> <div class=\u0022category\u0022>Not Recognized<\/div> <\/li> <\/ul> "},"flathierarchy":null,"preferredCommonNames":{"vernacularName":"Crimson Rosella","language":"en","eol_preferred":true},"commonNames":[{"vernacularName":"crimson","language":"","eol_preferred":true},{"vernacularName":"Rosela Pennantova","language":"cs","eol_preferred":true},{"vernacularName":"Pennants Rosella","language":"da","eol_preferred":true},{"vernacularName":"Pennant-Sittich","language":"de","eol_preferred":true},{"vernacularName":"Pennantsittich","language":"de"},{"vernacularName":"Crimson Rosella","language":"en","eol_preferred":true},{"vernacularName":"Rosela Roja","language":"es","eol_preferred":true},{"vernacularName":"Perico Elegante","language":"es"},{"vernacularName":"puna-rosellapapagoi","language":"et","eol_preferred":true},{"vernacularName":"Punarosella","language":"fi","eol_preferred":true},{"vernacularName":"Perruche de Pennant","language":"fr","eol_preferred":true},{"vernacularName":"Rosella di Pennant","language":"it","eol_preferred":true},{"vernacularName":"Rosella cremisi","language":"it"},{"vernacularName":"\u30a2\u30ab\u30af\u30b5\u30a4\u30f3\u30b3","language":"ja","eol_preferred":true},{"vernacularName":"akakusainko","language":"ja"},{"vernacularName":"Pennant-rosella","language":"nl","eol_preferred":true},{"vernacularName":"Pennantrosella","language":"nl"},{"vernacularName":"R\u00f8drosella","language":"no","eol_preferred":true},{"vernacularName":"Pennantrosella","language":"no"},{"vernacularName":"Rozella kr\u00f3lewska","language":"pl","eol_preferred":true},{"vernacularName":"\u041c\u0430\u043b\u0438\u043d\u043e\u0432\u0430\u044f \u0440\u043e\u0437\u0435\u043b\u043b\u0430","language":"ru","eol_preferred":true},{"vernacularName":"\u041a\u0440\u0430\u0441\u043d\u0430\u044f \u0440\u043e\u0437\u0435\u043b\u043b\u0430","language":"ru"},{"vernacularName":"Rozela ba\u017eantovit\u00e1 Pennantova","language":"sk","eol_preferred":true},{"vernacularName":"rozela ba\u017eantia","language":"sk"},{"vernacularName":"Bl\u00e5kindad rosella","language":"sv","eol_preferred":true}],"image":{"objectId":"f765c3dd739b025d6fc692972f31dc0f","identifier":"f765c3dd739b025d6fc692972f31dc0f","title":"Platycercus elegans (Crimson Rosella)","licence":"http:\/\/creativecommons.org\/licenses\/by-nc-sa\/2.0\/","rights":null,"credits":"<a href='http:\/\/www.flickr.com\/photos\/32005048@N06'>Arthur Chapman<\/a>&copy; ","description":null,"mimeType":"jpg","fileName":"f765c3dd739b025d6fc692972f31dc0f.jpg","URL":"http:\/\/media.eol.org\/content\/2011\/11\/02\/15\/27197_orig.jpg"},"iucnStatus":""},"48153513":{"collectionid":12227,"pageid":1614,"taxonConceptId":48153513,"taxonName":"Pycnonotidae","textDesc":{"objectId":"c4c2e25c654251e9be3e65b51598e610","identifier":"c4c2e25c654251e9be3e65b51598e610","title":"Statistics of barcoding coverage","licence":"http:\/\/creativecommons.org\/licenses\/by\/3.0\/","rights":null,"credits":"&copy; Barcode of Life Data Systems","description":"Barcode of Life Data Systems (BOLD) Stats <br> &nbsp;\t\t\t\t\t\t\t\t\t\t\t\t\t\t&nbsp;\t\t\t\t\t\t\t\t\t\t\t\t\t\t\t<table>&nbsp;\t\t\t\t\t\t\t\t\t\t\t\t\t\t\t\t<tr>&nbsp;\t\t\t\t\t\t\t\t\t\t\t\t\t\t\t\t\t<td <br\/>width=\u002241%\u0022>Specimen Records:<\/td>&nbsp;\t\t\t\t\t\t\t\t\t\t\t\t\t\t\t\t\t<td width=\u002217%\u0022>434<\/td>&nbsp;\t\t\t\t\t\t\t\t\t\t\t\t\t\t\t\t\t<td <br\/>width=\u002229%\u0022>Public Records:<\/td>&nbsp;\t\t\t\t\t\t\t\t\t\t\t\t\t\t\t\t\t<td width=\u002213%\u0022>118<\/td>&nbsp;\t\t\t\t\t\t\t\t\t\t\t\t\t\t\t\t<\/tr>&nbsp;\t\t\t\t\t\t\t\t\t\t\t\t\t\t\t\t<tr>&nbsp;\t\t\t\t\t\t\t\t\t\t\t\t\t\t\t\t\t<td>Specimens <br\/>with Sequences:<\/td>&nbsp;\t\t\t\t\t\t\t\t\t\t\t\t\t\t\t\t\t<td>389<\/td>&nbsp;\t\t\t\t\t\t\t\t\t\t\t\t\t\t\t\t\t<td>Public Species:<\/td>&nbsp;\t\t\t\t\t\t\t\t\t\t\t\t\t\t\t\t\t<td>35<\/td>&nbsp;\t\t\t\t\t\t\t\t\t\t\t\t\t\t\t\t<\/tr>&nbsp;\t\t\t\t\t\t\t\t\t\t\t\t\t\t\t\t<tr>&nbsp;\t\t\t\t\t\t\t\t\t\t\t\t\t\t\t\t\t<td>Specimens <br\/>with Barcodes:<\/td>&nbsp;\t\t\t\t\t\t\t\t\t\t\t\t\t\t\t\t\t<td>378<\/td>&nbsp;\t\t\t\t\t\t\t\t\t\t\t\t\t\t\t\t\t<td>Public BINs:<\/td>&nbsp;\t\t\t\t\t\t\t\t\t\t\t\t\t\t\t\t\t<td>36<\/td>&nbsp;\t\t\t\t\t\t\t\t\t\t\t\t\t\t\t\t<\/tr>&nbsp;\t\t\t\t\t\t\t\t\t\t\t\t\t\t\t\t<tr>&nbsp;\t\t\t\t\t\t\t\t\t\t\t\t\t\t\t\t\t<td>Species:<\/td>&nbsp;\t\t\t\t\t\t\t\t\t\t\t\t\t\t\t\t\t<td>56<\/td>&nbsp;\t\t\t\t\t\t\t\t\t\t\t\t\t\t\t\t\t<td>&nbsp;&nbsp;&nbsp;&nbsp;&nbsp;&nbsp;&nbsp;&nbsp;\t\t\t\t\t\t\t\t\t\t\t\t\t\t\t\t\t\t\t\t\t\t\t\t\t\t\t\t\t\t\t\t\t\t\t<\/td>&nbsp;\t\t\t\t\t\t\t\t\t\t\t\t\t\t\t\t\t<td>&nbsp;<\/td>&nbsp;\t\t\t\t\t\t\t\t\t\t\t\t\t\t\t\t<\/tr>&nbsp;\t\t\t\t\t\t\t\t\t\t\t\t\t\t\t\t<tr>&nbsp;\t\t\t\t\t\t\t\t\t\t\t\t\t\t\t\t\t<td>Species <br\/>With Barcodes:<\/td>&nbsp;\t\t\t\t\t\t\t\t\t\t\t\t\t\t\t\t\t<td>52<\/td>&nbsp;\t\t\t\t\t\t\t\t\t\t\t\t\t\t\t\t\t<td>&nbsp;&nbsp;&nbsp;&nbsp;&nbsp;&nbsp;&nbsp;&nbsp;\t\t\t\t\t\t\t\t\t\t\t\t\t\t\t\t\t\t\t\t\t\t\t\t\t\t\t\t\t\t\t\t\t\t\t<\/td>&nbsp;\t\t\t\t\t\t\t\t\t\t\t\t\t\t\t\t\t<td>&nbsp;<\/td>&nbsp;\t\t\t\t\t\t\t\t\t\t\t\t\t\t\t\t<\/tr>&nbsp;\t\t\t\t\t\t\t\t\t\t\t\t\t\t\t\t<tr>&nbsp;\t\t\t\t\t\t\t\t\t\t\t\t\t\t\t\t\t<td>&nbsp;<\/td>&nbsp;\t\t\t\t\t\t\t\t\t\t\t\t\t\t\t\t\t<td><\/td>&nbsp;\t\t\t\t\t\t\t\t\t\t\t\t\t\t\t\t\t<td>&nbsp;&nbsp;&nbsp;&nbsp;&nbsp;&nbsp;&nbsp;&nbsp;\t\t\t\t\t\t\t\t\t\t\t\t\t\t\t\t\t\t\t\t\t\t\t\t\t\t\t\t\t\t\t\t\t\t\t<\/td>&nbsp;\t\t\t\t\t\t\t\t\t\t\t\t\t\t\t\t\t<td>&nbsp;<\/td>&nbsp;\t\t\t\t\t\t\t\t\t\t\t\t\t\t\t\t<\/tr>&nbsp;\t\t\t\t\t\t\t\t\t\t\t\t\t\t\t\t<tr>&nbsp;\t\t\t\t\t\t\t\t\t\t\t\t\t\t\t\t\t<td><\/td><\/tr><\/table> <br\/>"},"flathierarchy":null,"preferredCommonNames":{"vernacularName":"bulbuls","language":"en","eol_preferred":true},"commonNames":[{"vernacularName":"Bulbulovit\u00ed","language":"cs","eol_preferred":true},{"vernacularName":"bulbuls","language":"en","eol_preferred":true},{"vernacularName":"bulbuls","language":"fr","eol_preferred":true}],"image":{"objectId":"0cd2ba0b1885955666c7b3d594a55b91","identifier":"0cd2ba0b1885955666c7b3d594a55b91","title":"File:Jocosus.jpg","licence":"http:\/\/creativecommons.org\/licenses\/publicdomain\/","rights":null,"credits":"<a href='http:\/\/commons.wikimedia.org\/wiki\/User:myjkccd'>myjkccd<\/a>&copy; ","description":null,"mimeType":"jpg","fileName":"0cd2ba0b1885955666c7b3d594a55b91.jpg","URL":"http:\/\/media.eol.org\/content\/2012\/06\/13\/20\/76525_orig.jpg"},"iucnStatus":""},"48172483":{"collectionid":12227,"pageid":1049670,"taxonConceptId":48172483,"taxonName":"Colius striatus","textDesc":{"objectId":"d091e67cd69bb66edc53659585d7fc0d","identifier":"d091e67cd69bb66edc53659585d7fc0d","title":"IUCN Red List Assessment","licence":"http:\/\/creativecommons.org\/licenses\/by-nc-sa\/3.0\/","rights":"\u00a9 International Union for Conservation of Nature and Natural Resources","credits":"&copy; International Union for Conservation of Nature and Natural Resources","description":"<div id=\u0022x_category_and_criteria\u0022> <br\/><b>Red List Category<\/b><br\/> <div id=\u0022red_list_category_code\u0022>LC<\/div> <br\/><div id=\u0022red_list_category_title\u0022>Least Concern<\/div> <br\/><b>Red List Criteria<\/b><br\/> <div id=\u0022red_list_criteria\u0022\/> <br\/><br\/><b>Version<\/b><br\/> <div id=\u0022category_version\u0022>3.1<\/div> <\/div> <br\/><b>Year Assessed<\/b><br\/> <br\/><div id=\u0022modified_year\u0022>2009<\/div> <br\/><b>Assessor\/s<\/b><br\/> <div id=\u0022assessors\u0022>BirdLife International<\/div> <br\/><br\/><b>Reviewer\/s<\/b><br\/> <div id=\u0022reviewers\u0022>Bird, J., Butchart, S.<\/div> <br\/><b>Contributor\/s<\/b><br\/> <br\/><div id=\u0022contributors\u0022\/> <br\/><b>Justification<\/b><br\/> <div id=\u0022justification\u0022>This species has an <br\/>extremely large range, and hence does not approach the thresholds for Vulnerable under the range size criterion <br\/>(Extent of Occurrence <20,000 km2 combined with a declining or fluctuating range size, habitat extent\/quality, <br\/>or population size and a small number of locations or severe fragmentation). The population trend appears to <br\/>be increasing, and hence the species does not approach the thresholds for Vulnerable under the population trend <br\/>criterion (>30% decline over ten years or three generations). The population size has not been quantified, but <br\/>it is not believed to approach the thresholds for Vulnerable under the population size criterion (<10,000 mature <br\/>individuals with a continuing decline estimated to be >10% in ten years or three generations, or with a specified <br\/>population structure). For these reasons the species is evaluated as Least Concern.<\/div> <br\/><b>History<\/b><br\/> <br\/><ul id=\u0022assessment_years\u0022><li class=\u0022assessment_year\u0022> <div class=\u0022year\u0022>2008<\/div> <div class=\u0022category\u0022>Least <br\/>Concern<\/div> <\/li> <li class=\u0022assessment_year\u0022> <div class=\u0022year\u0022>2004<\/div> <div class=\u0022category\u0022>Least <br\/>Concern<\/div> <\/li> <\/ul> "},"flathierarchy":null,"preferredCommonNames":{"vernacularName":"Speckled Mousebird","language":"en","eol_preferred":true},"commonNames":[{"vernacularName":"Rabo-de-junco-estriado","language":"","eol_preferred":true},{"vernacularName":"\u6591\u9f20\u9e1f","language":"","eol_preferred":true},{"vernacularName":"Rabo de junco estriado","language":""},{"vernacularName":"Rabo-de-junco-de-peito-barrado","language":""},{"vernacularName":"Gevlekte Muisvo\u00ebl","language":"af","eol_preferred":true},{"vernacularName":"Gevlekte Muisvoel","language":"af"},{"vernacularName":"my\u0161\u00e1k hn\u011bdok\u0159idl\u00fd","language":"cs","eol_preferred":true},{"vernacularName":"My\u0161\u00e1k hnedokr\u00eddl\u00fd","language":"cs"},{"vernacularName":"Brun Musefugl","language":"da","eol_preferred":true},{"vernacularName":"Braunfl\u00fcgel-Mausvogel","language":"de","eol_preferred":true},{"vernacularName":"Speckled Mousebird","language":"en","eol_preferred":true},{"vernacularName":"Bar-breasted Mousebird","language":"en"},{"vernacularName":"Speckeld mousebird","language":"en"},{"vernacularName":"Speckled Coly","language":"en"},{"vernacularName":"Striated Mousebird","language":"en"},{"vernacularName":"P\u00e1jaro-rat\u00f3n Com\u00fan","language":"es","eol_preferred":true},{"vernacularName":"Col\u00ed de Anteojos","language":"es"},{"vernacularName":"pruun-hiirlind","language":"et","eol_preferred":true},{"vernacularName":"t\u00e4pl\u00e4hiiro","language":"fi","eol_preferred":true},{"vernacularName":"Hiiro","language":"fi"},{"vernacularName":"Coliou barr\u00e9","language":"fr","eol_preferred":true},{"vernacularName":"Coliou ray\u00e9","language":"fr"},{"vernacularName":"Coliou stri\u00e9","language":"fr"},{"vernacularName":"\u05e7\u05d5\u05dc\u05d9\u05d5\u05e1 \u05de\u05de\u05d5\u05e9\u05e7\u05e3","language":"he","eol_preferred":true},{"vernacularName":"Uccello topo marezzato","language":"it","eol_preferred":true},{"vernacularName":"Uccello topo macchiettato","language":"it"},{"vernacularName":"\u30c1\u30e3\u30a4\u30ed\u30cd\u30ba\u30df\u30c9\u30ea","language":"ja","eol_preferred":true},{"vernacularName":"chaironezumidori","language":"ja"},{"vernacularName":"Gestreepte Muisvogel","language":"nl","eol_preferred":true},{"vernacularName":"Bruine Muisvogel","language":"nl"},{"vernacularName":"Brunmusfugl","language":"no","eol_preferred":true},{"vernacularName":"Brun musfugl","language":"no"},{"vernacularName":"Czepiga rudawa","language":"pl","eol_preferred":true},{"vernacularName":"\u041f\u043e\u043b\u043e\u0441\u0430\u0442\u0430\u044f \u043f\u0442\u0438\u0446\u0430-\u043c\u044b\u0448\u044c","language":"ru","eol_preferred":true},{"vernacularName":"\u0431\u0443\u0440\u043e\u043a\u0440\u044b\u043b\u0430\u044f \u043f\u0442\u0438\u0446\u0430-\u043c\u044b\u0448\u044c","language":"ru"},{"vernacularName":"My\u0161ovec p\u00e1sav\u00fd","language":"sk","eol_preferred":true},{"vernacularName":"Fariki","language":"st","eol_preferred":true},{"vernacularName":"Vitkindad musf\u00e5gel","language":"sv","eol_preferred":true},{"vernacularName":"Kuzumburu Michirizi","language":"sw","eol_preferred":true},{"vernacularName":"Tshivhovo","language":"ts","eol_preferred":true},{"vernacularName":"Indlazi","language":"xh","eol_preferred":true}],"image":{"objectId":"f77058ead4b54a69f1f671251747e08d","identifier":"f77058ead4b54a69f1f671251747e08d","title":"f77058ead4b54a69f1f671251747e08d","licence":"http:\/\/creativecommons.org\/licenses\/by\/3.0\/","rights":"Copyright Markus, licensed under a Attribution License license: http:\/\/creativecommons.org\/licenses\/by\/3.0\/","credits":"&copy; Markus","description":null,"mimeType":"jpg","fileName":"f77058ead4b54a69f1f671251747e08d.jpg","URL":"http:\/\/media.eol.org\/content\/2012\/08\/30\/22\/10365_orig.jpg"},"iucnStatus":""},"48151256":{"collectionid":12227,"pageid":1050699,"taxonConceptId":48151256,"taxonName":"Campylorhynchus brunneicapillus","textDesc":"","flathierarchy":null,"preferredCommonNames":{"vernacularName":"cactus wren","language":"en","eol_preferred":true},"commonNames":[{"vernacularName":"st\u0159\u00edzl\u00edk kaktusov\u00fdh","language":"cs","eol_preferred":true},{"vernacularName":"Str\u00edzl\u00edk kaktusov\u00fd","language":"cs"},{"vernacularName":"Kaktussmutte","language":"da","eol_preferred":true},{"vernacularName":"Kaktusg\u00e6rdesmutte","language":"da"},{"vernacularName":"Kaktus-Zaunk\u00f6nig","language":"de","eol_preferred":true},{"vernacularName":"Kaktuszaunk\u00f6nig","language":"de"},{"vernacularName":"cactus wren","language":"en","eol_preferred":true},{"vernacularName":"Bryant's cactus wren","language":"en"},{"vernacularName":"Cactus-Wren","language":"en"},{"vernacularName":"Coues' cactus wren","language":"en"},{"vernacularName":"Northern Cactus-Wren","language":"en"},{"vernacularName":"brown-headed cactus wren","language":"en"},{"vernacularName":"cactus wren","language":"es","eol_preferred":true},{"vernacularName":"Cucarachero Des\u00e9rtico","language":"es"},{"vernacularName":"Matraca del desierto","language":"es"},{"vernacularName":"Matraca des\u00e9rtica","language":"es"},{"vernacularName":"Ratona Des\u00e9rtica","language":"es"},{"vernacularName":"kaktusek\u00e4blik","language":"et","eol_preferred":true},{"vernacularName":"Kaktuspeukaloinen","language":"fi","eol_preferred":true},{"vernacularName":"Troglodyte des cactus","language":"fr","eol_preferred":true},{"vernacularName":"Scricciolo dei cactus","language":"it","eol_preferred":true},{"vernacularName":"\u30b5\u30dc\u30c6\u30f3\u30df\u30bd\u30b5\u30b6\u30a4","language":"ja","eol_preferred":true},{"vernacularName":"sabotemmisosazai","language":"ja"},{"vernacularName":"sabotenmisosazai","language":"ja"},{"vernacularName":"Cactuswinterkoning","language":"nl","eol_preferred":true},{"vernacularName":"Kaktussmett","language":"no","eol_preferred":true},{"vernacularName":"strzy\u017c kaktusowy","language":"pl","eol_preferred":true},{"vernacularName":"strzyz kaktusowy","language":"pl"},{"vernacularName":"\u041a\u0430\u043a\u0442\u0443\u0441\u043e\u0432\u044b\u0439 \u043a\u0440\u0430\u043f\u0438\u0432\u043d\u0438\u043a","language":"ru","eol_preferred":true},{"vernacularName":"Orie\u0161ok kaktusov\u00fd","language":"sk","eol_preferred":true},{"vernacularName":"Kaktusg\u00e4rdsmyg","language":"sv","eol_preferred":true}],"image":{"objectId":"646a4109568d7d0b1400b95f0926240c","identifier":"646a4109568d7d0b1400b95f0926240c","title":"Cactus Wren on a saguaro cactus.....1 of 2","licence":"http:\/\/creativecommons.org\/licenses\/by-nc-sa\/2.0\/","rights":null,"credits":"<a href='http:\/\/www.flickr.com\/photos\/32541690@N02'>Alan Vernon<\/a>&copy; ","description":null,"mimeType":"jpg","fileName":"646a4109568d7d0b1400b95f0926240c.jpg","URL":"http:\/\/media.eol.org\/content\/2012\/03\/25\/01\/47012_orig.jpg"},"iucnStatus":""},"48127790":{"collectionid":12227,"pageid":1037909,"taxonConceptId":48127790,"taxonName":"Sciurus vulgaris","textDesc":{"objectId":"34eaffdc9f3be15f3db53b8e3251c1e5","identifier":"34eaffdc9f3be15f3db53b8e3251c1e5","title":"Biology","licence":"http:\/\/creativecommons.org\/licenses\/by-nc-sa\/3.0\/","rights":"Copyright Wildscreen 2003-2008","credits":"&copy; Wildscreen","description":"Red squirrels do not hibernate and lay down stores of food to see them through periods when fresh food is not available. <br\/>Where they are found in mixed broadleaf and coniferous woodland they have a source of food all year round, as pine <br\/>seeds are present over the winter months. However, red squirrels have quite a varied diet which includes seeds, <br\/>buds, flowers, leaves and fruit. They are known to take insects, fungi and birds' eggs.&nbsp;Red squirrels build <br\/>nests, called dreys, from sticks and moss placed high in the branches. They produce two litters of three to four <br\/>kittens a year, usually in March and July.  The drey is often the first evidence of the presence of red squirrels <br\/>in a wood. Other signs are chewed pine cone 'cores' (birds leave ragged remains), split hazel nut shells (dormice <br\/>make a hole to extract the kernel), cut tree shoots and scattered droppings.&nbsp;Red squirrels can live for <br\/>up to six years. They are chiefly active during the day and most of this time is spent foraging. Bad weather can seriously <br\/>hinder this activity and, without food the squirrels can only survive for a few days. "},"flathierarchy":null,"preferredCommonNames":{"vernacularName":"Eurasian red squirrel","language":"en","eol_preferred":true},"commonNames":[{"vernacularName":"Europ\u00e4isches Eichh\u00f6rnchen","language":"de","eol_preferred":true},{"vernacularName":"Eurasian red squirrel","language":"en","eol_preferred":true},{"vernacularName":"Eurasian Red (European Tree) Squirrel","language":"en"},{"vernacularName":"red squirrel","language":"en"},{"vernacularName":"Ardilla roja","language":"es","eol_preferred":true},{"vernacularName":"Ecureuil roux","language":"fr","eol_preferred":true},{"vernacularName":"\u041e\u0431\u044b\u043a\u043d\u043e\u0432\u0435\u043d\u043d\u0430\u044f \u0431\u0435\u043b\u043a\u0430","language":"ru","eol_preferred":true},{"vernacularName":"\u0411\u0435\u043b\u043a\u0430 \u043e\u0431\u044b\u043a\u043d\u043e\u0432\u0435\u043d\u043d\u0430\u044f","language":"ru"},{"vernacularName":"\u677e\u9f20","language":"zh-Hans","eol_preferred":true},{"vernacularName":"\u5317\u677e\u9f20","language":"zh-Hans"},{"vernacularName":"\u7070\u9f20","language":"zh-Hans"}],"image":{"objectId":"dc511ef76b9d1a944d90ccec90f94384","identifier":"dc511ef76b9d1a944d90ccec90f94384","title":"File:Rotes Eichh\u00f6rnchen.JPG","licence":"http:\/\/creativecommons.org\/licenses\/by-sa\/3.0\/","rights":null,"credits":"<a href='http:\/\/commons.wikimedia.org\/wiki\/User:4028mdk09'>4028mdk09<\/a>&copy; ","description":null,"mimeType":"jpg","fileName":"dc511ef76b9d1a944d90ccec90f94384.jpg","URL":"http:\/\/media.eol.org\/content\/2012\/06\/12\/21\/36661_orig.jpg"},"iucnStatus":""},"48133402":{"collectionid":12227,"pageid":328598,"taxonConceptId":48133402,"taxonName":"Procyon lotor","textDesc":{"objectId":"c1d783dfaf393880479d3e92b9ea4dc4","identifier":"c1d783dfaf393880479d3e92b9ea4dc4","title":"Description","licence":"http:\/\/creativecommons.org\/licenses\/by\/3.0\/","rights":null,"credits":"&copy; Smithsonian Institution","description":"\u0022Raccoons are among the most adaptable of the Carnivora, able to live comfortably in cities and suburbs as well <br\/>as rural and wilderness areas. They use small home ranges, as small as 1\u20143 square km, and show flexibility in <br\/>selecting denning sites, from tree hollows to chimneys to sewers. A varied diet is at the root of their adaptability. <br\/>Raccoons eat just about anything, finding food on the ground, in trees, streams, ponds, and other wet environments, <br\/>and from unsecured trash cans, which they open adroitly by hand. They can live anywhere water is available, from <br\/>the deep tropics well into southern Canada. Even in the suburbs, Raccoons can occur at densities of almost 70 per <br\/>square km. Females can breed when they are not yet a year old, and typically have litters of four young, which they <br\/>raise themselves. The female nurses her cubs for about 70 days. The cubs' eyes open at 18\u201424 days and they begin <br\/>exploring the world outside the den when they are 9\u201410 weeks old. By 20 weeks of age they can forage on their own.\u0022<br><br>Adaptation: <br\/>As an adaptation to an omnivorous diet, the molars of the Northern Raccoon, <I>Procyon lotor<\/I>, have lost their <br\/>flesh-eating crests and have evolved a blunt-cusped crow, which is more efficient in crushing and grinding tough <br\/>foodstuffs.<br><br>Links:<br><A href=\u0022http:\/\/www.bucknell.edu\/msw3\/\u0022 target=\u0022_blank\u0022>Mammal Species <br\/>of the World<\/A><br><A href=\u0022http:\/\/www.science.smith.edu\/departments\/Biology\/VHAYSSEN\/msi\/pdf\/i0076-3519-119-01-0001.pdf\u0022 <br\/>target=\u0022_blank\u0022>Click here for The American Society of Mammalogists species account<\/A> "},"flathierarchy":null,"preferredCommonNames":{"vernacularName":"common raccoon","language":"en","eol_preferred":true},"commonNames":[{"vernacularName":"Waschb\u00e4r","language":"de","eol_preferred":true},{"vernacularName":"common raccoon","language":"en","eol_preferred":true},{"vernacularName":"Bahama raccoon","language":"en"},{"vernacularName":"Bahaman Raccoon","language":"en"},{"vernacularName":"Guadeloupe raccoon","language":"en"},{"vernacularName":"Northern Raccoon","language":"en"},{"vernacularName":"Tres Marias Raccoon","language":"en"},{"vernacularName":"Tres marias islands raccoon","language":"en"},{"vernacularName":"raccoon","language":"en"},{"vernacularName":"Procyon lotor","language":"es","eol_preferred":true},{"vernacularName":"Mapache","language":"es"},{"vernacularName":"Mapache com\u00fan","language":"es"},{"vernacularName":"Mapache de la isla Mar\u00edas Madre","language":"es"},{"vernacularName":"Mapach\u00edn","language":"es"},{"vernacularName":"Zorra manglera","language":"es"},{"vernacularName":"raton laveur","language":"fr","eol_preferred":true},{"vernacularName":"Gewone wasbeer","language":"nl","eol_preferred":true},{"vernacularName":"Tres Mar\u00edas-wasbeer","language":"nl"},{"vernacularName":"\u0415\u043d\u043e\u0442#\u0415\u043d\u043e\u0442-\u043f\u043e\u043b\u043e\u0441\u043a\u0443\u043d","language":"ru","eol_preferred":true},{"vernacularName":"\u0415\u043d\u043e\u0442-\u043f\u043e\u043b\u043e\u0441\u043a\u0443\u043d","language":"ru"}],"image":{"objectId":"2acce70c5d556dba5be97ccf21e525a6","identifier":"2acce70c5d556dba5be97ccf21e525a6","title":"Procyon lotor (Raccoon)","licence":"http:\/\/creativecommons.org\/licenses\/by-nc-sa\/2.0\/","rights":null,"credits":"<a href='http:\/\/www.flickr.com\/photos\/32005048@N06'>Arthur Chapman<\/a>&copy; ","description":null,"mimeType":"jpg","fileName":"2acce70c5d556dba5be97ccf21e525a6.jpg","URL":"http:\/\/media.eol.org\/content\/2011\/11\/01\/10\/98313_orig.jpg"},"iucnStatus":""},"48437289":{"collectionid":12227,"pageid":584875,"taxonConceptId":48437289,"taxonName":"Calophyllum brasiliense","textDesc":"","flathierarchy":null,"preferredCommonNames":false,"commonNames":[],"image":{"objectId":"06a05709f77b1ff7d95468468b0ed866","identifier":"06a05709f77b1ff7d95468468b0ed866","title":"06a05709f77b1ff7d95468468b0ed866","licence":"http:\/\/creativecommons.org\/licenses\/by-nc-sa\/3.0\/","rights":null,"credits":"Reinaldo Aguilar&copy; Instituto Nacional de Biodiversidad - INBio, Costa Rica.","description":null,"mimeType":"jpg","fileName":"06a05709f77b1ff7d95468468b0ed866.jpg","URL":"http:\/\/media.eol.org\/content\/2011\/08\/11\/14\/08263_orig.jpg"},"iucnStatus":""},"48168452":{"collectionid":12227,"pageid":1177784,"taxonConceptId":48168452,"taxonName":"Ramphastos dicolorus","textDesc":{"objectId":"d4385c9471867cbdc57121e78716e068","identifier":"d4385c9471867cbdc57121e78716e068","title":"IUCN Red List Assessment","licence":"http:\/\/creativecommons.org\/licenses\/by-nc-sa\/3.0\/","rights":"\u00a9 International Union for Conservation of Nature and Natural Resources","credits":"&copy; International Union for Conservation of Nature and Natural Resources","description":"<div id=\u0022x_category_and_criteria\u0022> <br\/><b>Red List Category<\/b><br\/> <div id=\u0022red_list_category_code\u0022>LC<\/div> <br\/><div id=\u0022red_list_category_title\u0022>Least Concern<\/div> <br\/><b>Red List Criteria<\/b><br\/> <div id=\u0022red_list_criteria\u0022\/> <br\/><br\/><b>Version<\/b><br\/> <div id=\u0022category_version\u0022>3.1<\/div> <\/div> <br\/><b>Year Assessed<\/b><br\/> <br\/><div id=\u0022modified_year\u0022>2009<\/div> <br\/><b>Assessor\/s<\/b><br\/> <div id=\u0022assessors\u0022>BirdLife International<\/div> <br\/><br\/><b>Reviewer\/s<\/b><br\/> <div id=\u0022reviewers\u0022>Bird, J., Butchart, S.<\/div> <br\/><b>Contributor\/s<\/b><br\/> <br\/><div id=\u0022contributors\u0022\/> <br\/><b>Justification<\/b><br\/> <div id=\u0022justification\u0022>This species has an <br\/>extremely large range, and hence does not approach the thresholds for Vulnerable under the range size criterion <br\/>(Extent of Occurrence <20,000 km2 combined with a declining or fluctuating range size, habitat extent\/quality, <br\/>or population size and a small number of locations or severe fragmentation). Despite the fact that the population <br\/>trend appears to be decreasing, the decline is not believed to be sufficiently rapid to approach the thresholds <br\/>for Vulnerable under the population trend criterion (>30% decline over ten years or three generations). The <br\/>population size has not been quantified, but it is not believed to approach the thresholds for Vulnerable under <br\/>the population size criterion (<10,000 mature individuals with a continuing decline estimated to be >10% in <br\/>ten years or three generations, or with a specified population structure). For these reasons the species is evaluated <br\/>as Least Concern.<\/div> <br\/><b>History<\/b><br\/> <ul id=\u0022assessment_years\u0022><li class=\u0022assessment_year\u0022> <br\/><div class=\u0022year\u0022>2008<\/div> <div class=\u0022category\u0022>Least Concern<\/div> <\/li> <li class=\u0022assessment_year\u0022> <br\/><div class=\u0022year\u0022>2004<\/div> <div class=\u0022category\u0022>Least Concern<\/div> <\/li> <li class=\u0022assessment_year\u0022> <br\/><div class=\u0022year\u0022>1988<\/div> <div class=\u0022category\u0022>Near Threatened<\/div> <\/li> <\/ul> "},"flathierarchy":null,"preferredCommonNames":{"vernacularName":"Red-breasted Toucan","language":"en","eol_preferred":true},"commonNames":[{"vernacularName":"tucano-de-peito-amarelo","language":"","eol_preferred":true},{"vernacularName":"Tucano de Bico Verde","language":""},{"vernacularName":"Tucano-de-bico-verde","language":""},{"vernacularName":"Tukan pestr\u00fd","language":"cs","eol_preferred":true},{"vernacularName":"R\u00f8dbrystet Tukan","language":"da","eol_preferred":true},{"vernacularName":"Bunttukan","language":"de","eol_preferred":true},{"vernacularName":"Red-breasted Toucan","language":"en","eol_preferred":true},{"vernacularName":"Green-billed Toucan","language":"en"},{"vernacularName":"Red breasted Toucan","language":"en"},{"vernacularName":"Tuc\u00e1n pico verde","language":"es","eol_preferred":true},{"vernacularName":"Tuc\u00e1n Bicolor","language":"es"},{"vernacularName":"Tuc\u00e1n Colorado","language":"es"},{"vernacularName":"Tuc\u00e1n de pico verde","language":"es"},{"vernacularName":"Kultarintatukaani","language":"fi","eol_preferred":true},{"vernacularName":"Ramphastos dicolorus","language":"fr","eol_preferred":true},{"vernacularName":"Toucan \u00e0 ventre rouge","language":"fr"},{"vernacularName":"Tuk\u00e2'i","language":"gn","eol_preferred":true},{"vernacularName":"Tucano pettorosso","language":"it","eol_preferred":true},{"vernacularName":"Tucano bicolore","language":"it"},{"vernacularName":"\u30a2\u30aa\u30cf\u30b7\u30d2\u30e0\u30cd\u30aa\u30aa\u30cf\u30b7","language":"ja","eol_preferred":true},{"vernacularName":"aohashihimuneoohashi","language":"ja"},{"vernacularName":"Roodborsttoekan","language":"nl","eol_preferred":true},{"vernacularName":"R\u00f8dbuktukan","language":"no","eol_preferred":true},{"vernacularName":"Gr\u00f8nnnebbtukan","language":"no"},{"vernacularName":"Tukan zielonodzioby","language":"pl","eol_preferred":true},{"vernacularName":"\u041a\u0440\u0430\u0441\u043d\u043e\u0433\u0440\u0443\u0434\u044b\u0439 \u0442\u0443\u043a\u0430\u043d","language":"ru","eol_preferred":true},{"vernacularName":"Tukan pestr\u00fd","language":"sk","eol_preferred":true},{"vernacularName":"zelenokljuni tukan","language":"sl","eol_preferred":true},{"vernacularName":"Pisani","language":"sl"},{"vernacularName":"R\u00f6dbr\u00f6stad tukan","language":"sv","eol_preferred":true}],"image":{"objectId":"ab3174b886a7bc15f33037f855850038","identifier":"ab3174b886a7bc15f33037f855850038","title":"Tucano-de-bico-verde (Ramphastos dicolorus)","licence":"http:\/\/creativecommons.org\/licenses\/by-nc-sa\/2.0\/","rights":null,"credits":"<a href='http:\/\/www.flickr.com\/photos\/32674493@N04'>Cl\u00e1udio Dias Timm<\/a>&copy; ","description":null,"mimeType":"jpg","fileName":"ab3174b886a7bc15f33037f855850038.jpg","URL":"http:\/\/media.eol.org\/content\/2011\/11\/25\/01\/94399_orig.jpg"},"iucnStatus":""},"48167663":{"collectionid":12227,"pageid":1049848,"taxonConceptId":48167663,"taxonName":"Treron sieboldii","textDesc":{"objectId":"b0fda61e8a03075258f10a3d122710ed","identifier":"b0fda61e8a03075258f10a3d122710ed","title":"IUCN Red List Assessment","licence":"http:\/\/creativecommons.org\/licenses\/by-nc-sa\/3.0\/","rights":"\u00a9 International Union for Conservation of Nature and Natural Resources","credits":"&copy; International Union for Conservation of Nature and Natural Resources","description":"<div id=\u0022x_category_and_criteria\u0022> <br\/><b>Red List Category<\/b><br\/> <div id=\u0022red_list_category_code\u0022>LC<\/div> <br\/><div id=\u0022red_list_category_title\u0022>Least Concern<\/div> <br\/><b>Red List Criteria<\/b><br\/> <div id=\u0022red_list_criteria\u0022\/> <br\/><br\/><b>Version<\/b><br\/> <div id=\u0022category_version\u0022>3.1<\/div> <\/div> <br\/><b>Year Assessed<\/b><br\/> <br\/><div id=\u0022modified_year\u0022>2009<\/div> <br\/><b>Assessor\/s<\/b><br\/> <div id=\u0022assessors\u0022>BirdLife International<\/div> <br\/><br\/><b>Reviewer\/s<\/b><br\/> <div id=\u0022reviewers\u0022>Bird, J., Butchart, S.<\/div> <br\/><b>Contributor\/s<\/b><br\/> <br\/><div id=\u0022contributors\u0022\/> <br\/><b>Justification<\/b><br\/> <div id=\u0022justification\u0022>This species has an <br\/>extremely large range, and hence does not approach the thresholds for Vulnerable under the range size criterion <br\/>(Extent of Occurrence <20,000 km2 combined with a declining or fluctuating range size, habitat extent\/quality, <br\/>or population size and a small number of locations or severe fragmentation). Despite the fact that the population <br\/>trend appears to be decreasing, the decline is not believed to be sufficiently rapid to approach the thresholds <br\/>for Vulnerable under the population trend criterion (>30% decline over ten years or three generations). The <br\/>population size has not been quantified, but it is not believed to approach the thresholds for Vulnerable under <br\/>the population size criterion (<10,000 mature individuals with a continuing decline estimated to be >10% in <br\/>ten years or three generations, or with a specified population structure). For these reasons the species is evaluated <br\/>as Least Concern.<\/div> <br\/><b>History<\/b><br\/> <ul id=\u0022assessment_years\u0022><li class=\u0022assessment_year\u0022> <br\/><div class=\u0022year\u0022>2008<\/div> <div class=\u0022category\u0022>Least Concern<\/div> <\/li> <li class=\u0022assessment_year\u0022> <br\/><div class=\u0022year\u0022>2004<\/div> <div class=\u0022category\u0022>Least Concern<\/div> <\/li> <\/ul> "},"flathierarchy":null,"preferredCommonNames":{"vernacularName":"White-bellied Green Pigeon","language":"en","eol_preferred":true},"commonNames":[{"vernacularName":"Holub japonsk\u00fd","language":"cs","eol_preferred":true},{"vernacularName":"Hvidbuget Papeg\u00f8jedue","language":"da","eol_preferred":true},{"vernacularName":"Siebold-Taube","language":"de","eol_preferred":true},{"vernacularName":"Sieboldgr\u00fcntaube","language":"de"},{"vernacularName":"Sieboldtaube","language":"de"},{"vernacularName":"White-bellied Green Pigeon","language":"en","eol_preferred":true},{"vernacularName":"Green Pigeon","language":"en"},{"vernacularName":"Green Wedge-tailed Pigeon","language":"en"},{"vernacularName":"Japanese Green Pigeon","language":"en"},{"vernacularName":"Japanese Green-Pigeon","language":"en"},{"vernacularName":"Japanese Wedge-tailed Pigeon","language":"en"},{"vernacularName":"Red-winged Green Pigeon","language":"en"},{"vernacularName":"Siebold's Green Pigeon","language":"en"},{"vernacularName":"White bellied green pigeon","language":"en"},{"vernacularName":"White-belled Wedge-tailed Green Pigeon","language":"en"},{"vernacularName":"White-bellied Green-Pigeon","language":"en"},{"vernacularName":"White-bellied Pigeon","language":"en"},{"vernacularName":"White-bellied Wedge-tailed Green Pi","language":"en"},{"vernacularName":"White-bellied Wedge-tailed Green Pigeon","language":"en"},{"vernacularName":"White-bellied Wedge-tailed Pigeon","language":"en"},{"vernacularName":"Vinago Japon\u00e9s","language":"es","eol_preferred":true},{"vernacularName":"Vinago Japones","language":"es"},{"vernacularName":"ida-viigituvi","language":"et","eol_preferred":true},{"vernacularName":"Japaninviherkyyhky","language":"fi","eol_preferred":true},{"vernacularName":"Colombar de Siebold","language":"fr","eol_preferred":true},{"vernacularName":"Piccione verde panciabianca","language":"it","eol_preferred":true},{"vernacularName":"Piccione verde giapponese","language":"it"},{"vernacularName":"\u30a2\u30aa\u30d0\u30c8","language":"ja","eol_preferred":true},{"vernacularName":"Ao-bato","language":"ja"},{"vernacularName":"aobato","language":"ja"},{"vernacularName":"\ub179\uc0c9\ube44\ub458\uae30","language":"ko","eol_preferred":true},{"vernacularName":"Japanse Papegaaiduif","language":"nl","eol_preferred":true},{"vernacularName":"Hvitbukgr\u00f8nndue","language":"no","eol_preferred":true},{"vernacularName":"treron z\u0142otolicy","language":"pl","eol_preferred":true},{"vernacularName":"treron zlotolicy","language":"pl"},{"vernacularName":"\u042f\u043f\u043e\u043d\u0441\u043a\u0438\u0439 \u0437\u0435\u043b\u0451\u043d\u044b\u0439 \u0433\u043e\u043b\u0443\u0431\u044c","language":"ru","eol_preferred":true},{"vernacularName":"\u0413\u043e\u043b\u0443\u0431\u044c \u0437\u0435\u043b\u0435\u043d\u044b\u0439","language":"ru"},{"vernacularName":"\u0417\u0435\u043b\u0435\u043d\u044b\u0439 \u0433\u043e\u043b\u0443\u0431\u044c","language":"ru"},{"vernacularName":"\u0417\u0435\u043b\u0451\u043d\u044b\u0439 \u0433\u043e\u043b\u0443\u0431\u044c","language":"ru"},{"vernacularName":"trer\u00f3n zlatol\u00edci","language":"sk","eol_preferred":true},{"vernacularName":"Vitbukig gr\u00f6nduva","language":"sv","eol_preferred":true},{"vernacularName":"Vitbukad gr\u00f6nduva","language":"sv"},{"vernacularName":"\u0e19\u0e01\u0e40\u0e1b\u0e25\u0e49\u0e32\u0e17\u0e49\u0e2d\u0e07\u0e02\u0e32\u0e27","language":"th","eol_preferred":true},{"vernacularName":"Cu xanh b\u1ee5ng tr\u1eafng","language":"vi","eol_preferred":true},{"vernacularName":"\u7ea2\u7fc5\u7eff\u9e20","language":"zh-Hans","eol_preferred":true},{"vernacularName":"\u767d\u8179\u6954\u5c3e\u7eff\u9e20","language":"zh-Hans"},{"vernacularName":"\u767d\u8179\u6954\u5c3e\u9e20","language":"zh-Hans"}],"image":"","iucnStatus":""},"48151554":{"collectionid":12227,"pageid":921321,"taxonConceptId":48151554,"taxonName":"Euphonia chalybea","textDesc":{"objectId":"7f1397168751707f17e2f645277ee44f","identifier":"7f1397168751707f17e2f645277ee44f","title":"Range Description","licence":"http:\/\/creativecommons.org\/licenses\/by-nc-sa\/3.0\/","rights":"\u00a9 International Union for Conservation of Nature and Natural Resources","credits":"&copy; International Union for Conservation of Nature and Natural Resources","description":"<i>Euphonia chalybea<\/i> is fairly common, but local, in the Atlantic forests of south-east <b>Brazil<\/b> <br\/>(Rio de Janeiro south to Rio Grande do Sul), east <b>Paraguay<\/b> (recently in Canindey\u00fa, Alto Paran\u00e1, Caazap\u00e1 <br\/>and Itapu\u00e1, with historical records from Amambay), and north-east <b>Argentina<\/b> (Corrientes and Misiones)<b><sup>1,4,6,7,8<\/sup><\/b>. <br\/>&#13; <i>&#13; <\/i> "},"flathierarchy":null,"preferredCommonNames":{"vernacularName":"Green-throated Euphonia","language":"en","eol_preferred":true},"commonNames":[{"vernacularName":"guapara","language":"","eol_preferred":true},{"vernacularName":"Gaturamo-de-garganta-verde","language":""},{"vernacularName":"Gaturamo-verde","language":""},{"vernacularName":"cais-cais","language":""},{"vernacularName":"gaipapa","language":""},{"vernacularName":"gaipapo","language":""},{"vernacularName":"gaturamo","language":""},{"vernacularName":"Libohl\u00e1sek bronzov\u00fd","language":"cs","eol_preferred":true},{"vernacularName":"St\u00e5lbl\u00e5 Euphonia","language":"da","eol_preferred":true},{"vernacularName":"Gr\u00fcnkehlorganist","language":"de","eol_preferred":true},{"vernacularName":"Bronze-Organist","language":"de"},{"vernacularName":"Bronzeorganist","language":"de"},{"vernacularName":"Green-throated Euphonia","language":"en","eol_preferred":true},{"vernacularName":"Green chinned Euphonia","language":"en"},{"vernacularName":"Green-chinned Euphonia","language":"en"},{"vernacularName":"Tangar\u00e1 picudo","language":"es","eol_preferred":true},{"vernacularName":"Eufonia Bronceada","language":"es"},{"vernacularName":"Fruterito Picudo","language":"es"},{"vernacularName":"Paksunokkamarjukka","language":"fi","eol_preferred":true},{"vernacularName":"Organiste chalyb\u00e9e","language":"fr","eol_preferred":true},{"vernacularName":"Euphone \u00e0 gorge verte","language":"fr"},{"vernacularName":"Te\u00ee te\u00ee","language":"gn","eol_preferred":true},{"vernacularName":"Eufonia mentoverde","language":"it","eol_preferred":true},{"vernacularName":"Eufonia golaverde","language":"it"},{"vernacularName":"\u30df\u30c9\u30ea\u30b9\u30df\u30ec\u30d5\u30a6\u30ad\u30f3\u30c1\u30e7\u30a6","language":"ja","eol_preferred":true},{"vernacularName":"midorisumirefuukinchou","language":"ja"},{"vernacularName":"Groenkeelorganist","language":"nl","eol_preferred":true},{"vernacularName":"St\u00e5leufonia","language":"no","eol_preferred":true},{"vernacularName":"organka stalowa","language":"pl","eol_preferred":true},{"vernacularName":"\u0417\u0435\u043b\u0435\u043d\u043e\u0431\u043e\u0440\u043e\u0434\u0430\u044f \u044d\u0443\u0444\u043e\u043d\u0438\u044f","language":"ru","eol_preferred":true},{"vernacularName":"organista h\u00e1jov\u00fd","language":"sk","eol_preferred":true},{"vernacularName":"St\u00e5lbl\u00e5 eufonia","language":"sv","eol_preferred":true}],"image":"","iucnStatus":""},"48132546":{"collectionid":12227,"pageid":327342,"taxonConceptId":48132546,"taxonName":"Epomophorus wahlbergi","textDesc":{"objectId":"9b5f7ba239ce006cfbec8a8d0e9ec337","identifier":"9b5f7ba239ce006cfbec8a8d0e9ec337","title":"Range Description","licence":"http:\/\/creativecommons.org\/licenses\/by-nc-sa\/3.0\/","rights":"\u00a9 International Union for Conservation of Nature and Natural Resources","credits":"&copy; International Union for Conservation of Nature and Natural Resources","description":"This species is found in Central Africa, East Africa and southern Africa (it is broadly distributed across southern <br\/>Africa). It has been recorded from Cameroon (Aellen 1952), Equatorial Guinea (Rio Muni), Gabon, Congo and Angola <br\/>in the west, through southern Democratic Republic of the Congo and Rwanda, being distributed in East Africa from <br\/>Uganda, Kenya and southern Somalia in the north, through Tanzania (including the island of Zanzibar), Zambia, <br\/>Malawi and Mozambique into Zimbabwe, eastern and southern South Africa and Swaziland. There is a need to confirm <br\/>the presence of this species in Cameroon and Equatorial Guinea. It ranges from sea level to around 2,000 m asl. <br\/>"},"flathierarchy":null,"preferredCommonNames":{"vernacularName":"Wahlberg's Epauletted Fruit Bat","language":"en","eol_preferred":true},"commonNames":[{"vernacularName":"kalo\u0148 Wahlberg\u016fv","language":"cs","eol_preferred":true},{"vernacularName":"Wahlberg's Epauletted Fruit Bat","language":"en","eol_preferred":true}],"image":{"objectId":"376e606785f1b09001b12a1a4fd2a814","identifier":"376e606785f1b09001b12a1a4fd2a814","title":"Epomophorus_wahlbergi_0","licence":"http:\/\/creativecommons.org\/licenses\/by-nc-sa\/2.0\/","rights":null,"credits":"<a href='http:\/\/www.flickr.com\/photos\/86666094@N00'>David Bygott<\/a>&copy; ","description":null,"mimeType":"jpg","fileName":"376e606785f1b09001b12a1a4fd2a814.jpg","URL":"http:\/\/media.eol.org\/content\/2012\/10\/03\/00\/92696_orig.jpg"},"iucnStatus":""},"48172609":{"collectionid":12227,"pageid":1047998,"taxonConceptId":48172609,"taxonName":"Aceros waldeni","textDesc":{"objectId":"b547e716a86e13a8f83ca4ab034e58e5","identifier":"b547e716a86e13a8f83ca4ab034e58e5","title":"Biology","licence":"http:\/\/creativecommons.org\/licenses\/by-nc-sa\/3.0\/","rights":"Copyright Wildscreen 2003-2008","credits":"&copy; Wildscreen","description":"Little information on the natural ecology and behaviour of this rare forest bird is known, due to a lack of sightings <br\/>and research. It is thought that breeding occurs in March on the island of Panay, and eggs and chicks are reportedly <br\/>collected between May and July (5). Clutch size is estimated at between two and three eggs and nests have been recorded <br\/>in <i>Shorea polysperma<\/i> trees, known locally as 'balakbakan' (5), or in disused woodpecker holes (2). Hornbills <br\/>have an unusual nesting strategy where the female seals herself inside the tree cavity and relies on the male to <br\/>bring food to her and the developing young throughout her imprisonment; in the case of the wrinkled hornbill this <br\/>lasts until the chicks are fully fledged (7).&nbsp;From the few records that exist, the major food component <br\/>appears to be fruit; birds have been observed feeding on figs, and a flock of 25 to 30 birds were seen to feed in <i>Aglaia<\/i> <br\/>trees when they were bearing fruit (5). "},"flathierarchy":null,"preferredCommonNames":{"vernacularName":"Writhed-billed Hornbill","language":"en","eol_preferred":true},"commonNames":[{"vernacularName":"zoboro\u017eec \u017elutobrad\u00fd","language":"cs","eol_preferred":true},{"vernacularName":"Panayrynken\u00e6b","language":"da","eol_preferred":true},{"vernacularName":"Waldenhornvogel","language":"de","eol_preferred":true},{"vernacularName":"Writhed-billed Hornbill","language":"en","eol_preferred":true},{"vernacularName":"Panay Wrinkled Hornbill","language":"en"},{"vernacularName":"Rufous-headed hornbill","language":"en"},{"vernacularName":"Visayan wrinkled hornbill","language":"en"},{"vernacularName":"Walden's hornbill","language":"en"},{"vernacularName":"Writhe-billed Hornbill","language":"en"},{"vernacularName":"Writhed billed Hornbill","language":"en"},{"vernacularName":"C\u00e1lao Grande de Panay","language":"es","eol_preferred":true},{"vernacularName":"C\u00e1lao de Pico Torcido","language":"es"},{"vernacularName":"panay sarvlind","language":"et","eol_preferred":true},{"vernacularName":"Visayasinsarvinokka","language":"fi","eol_preferred":true},{"vernacularName":"Calao de Walden","language":"fr","eol_preferred":true},{"vernacularName":"Calao \u00e0 bec tordu","language":"fr"},{"vernacularName":"Bucero testarossiccia","language":"it","eol_preferred":true},{"vernacularName":"\u30a2\u30ab\u30cf\u30b7\u30b5\u30a4\u30c1\u30e7\u30a6","language":"ja","eol_preferred":true},{"vernacularName":"akahashisaichou","language":"ja"},{"vernacularName":"Waldens Jaarvogel","language":"nl","eol_preferred":true},{"vernacularName":"Visayanjaarvogel","language":"nl"},{"vernacularName":"Negroshornfugl","language":"no","eol_preferred":true},{"vernacularName":"dzioboro\u017cec kasztanowog\u0142owy","language":"pl","eol_preferred":true},{"vernacularName":"dzioborozec kasztanowoglowy","language":"pl"},{"vernacularName":"\u041a\u0430\u043b\u0430\u043e \u0412\u0430\u043b\u0434\u0435\u043d\u0430","language":"ru","eol_preferred":true},{"vernacularName":"zob\u00e1koro\u017eec hnedohlav\u00fd","language":"sk","eol_preferred":true},{"vernacularName":"Visayahornkorp","language":"sv","eol_preferred":true}],"image":"","iucnStatus":""}}