{"47624954":{"collectionid":24556,"pageid":5420,"taxonConceptId":47624954,"taxonName":"Eurybrachyidae","textDesc":{"objectId":"8415656f9ebc4a61b8c8b22b3306726b","identifier":"8415656f9ebc4a61b8c8b22b3306726b","title":"Barcode data","licence":"http:\/\/creativecommons.org\/licenses\/by\/3.0\/","rights":null,"credits":"&copy; Barcode of Life Data Systems","description":"<a target='fasta' href='http:\/\/www.boldsystems.org\/pcontr.php?action=doPublicSequenceDownload&taxids=190053'>Download <br\/>FASTA File<\/a> "},"flathierarchy":null,"preferredCommonNames":false,"commonNames":[],"image":{"objectId":"ff631dbae46a461d17990e16ed19d43b","identifier":"ff631dbae46a461d17990e16ed19d43b","title":"ff631dbae46a461d17990e16ed19d43b","licence":"http:\/\/creativecommons.org\/licenses\/by-nc-sa\/3.0\/","rights":"Tropicos.org Copyright (c) Missouri Botanical Garden","credits":"MBG&copy; ","description":null,"mimeType":"jpg","fileName":"ff631dbae46a461d17990e16ed19d43b.jpg","URL":"http:\/\/media.eol.org\/content\/2012\/09\/02\/00\/59802_orig.jpg"},"iucnStatus":""},"48130568":{"collectionid":24556,"pageid":328009,"taxonConceptId":48130568,"taxonName":"Tapirus terrestris","textDesc":{"objectId":"eb01503d6f6298c8a46eeb7c4eee25fc","identifier":"eb01503d6f6298c8a46eeb7c4eee25fc","title":"Biology","licence":"http:\/\/creativecommons.org\/licenses\/by-nc-sa\/3.0\/","rights":"Copyright Wildscreen 2003-2008","credits":"&copy; Wildscreen","description":"During the day lowland tapirs remain hidden in thick cover, emerging only at night to browse on leaves of small <br\/>plants, shrubs, lianas and saplings of trees, as well as tree bark, reeds and fruits (2) (4). Well worn tracks are <br\/>followed throughout the home range to food and water sources (3). This tapir swims well and spends much of its time <br\/>wallowing in water, which helps to get rid of skin parasites (3) in addition to providing protection from terrestrial <br\/>predators such as jaguars and pumas (2). Tapirs will also regularly walk on river beds, searching for favoured <br\/>aquatic plants (6).&nbsp;These tapirs are primarily solitary animals, except during the mating season (6). <br\/>Females give birth to a single calf after a gestation period of 13 months (8), which then remains in intermittent <br\/>contact with its mother for around seven months, becoming increasingly independent (4) (6). Lowland tapirs <br\/>have been known to live up to 35 years in captivity (3). "},"flathierarchy":null,"preferredCommonNames":{"vernacularName":"Brazilian Tapir","language":"en","eol_preferred":true},"commonNames":[{"vernacularName":"Flachlandtapir","language":"de","eol_preferred":true},{"vernacularName":"Brazilian Tapir","language":"en","eol_preferred":true},{"vernacularName":"Lowland tapir","language":"en"},{"vernacularName":"South American Tapir","language":"en"},{"vernacularName":"Tapir brasile\u00f1o","language":"es","eol_preferred":true},{"vernacularName":"Anta","language":"es"},{"vernacularName":"Anta brasile\u00f1a","language":"es"},{"vernacularName":"Danta","language":"es"},{"vernacularName":"Danta amaz\u00f3nica","language":"es"},{"vernacularName":"Gran bestia","language":"es"},{"vernacularName":"Tapir du Br\u00e9sil","language":"fr","eol_preferred":true},{"vernacularName":"Tapir d'am\u00e9rique","language":"fr"},{"vernacularName":"Tapir terrestre","language":"fr"},{"vernacularName":"Zuid-Amerikaanse tapir","language":"nl","eol_preferred":true},{"vernacularName":"Laaglandtapir","language":"nl"},{"vernacularName":"\u0422\u0430\u043f\u0438\u0440 \u0440\u0430\u0432\u043d\u0438\u043d\u043d\u044b\u0439","language":"ru","eol_preferred":true}],"image":{"objectId":"0038f7d8549835d2685942ab8e1105ec","identifier":"0038f7d8549835d2685942ab8e1105ec","title":"File:Tapirus terrestris 2.jpg","licence":"http:\/\/creativecommons.org\/licenses\/by\/3.0\/","rights":null,"credits":"Geoff Gallice from Gainesville, FL, USA&copy; ","description":null,"mimeType":"jpg","fileName":"0038f7d8549835d2685942ab8e1105ec.jpg","URL":"http:\/\/media.eol.org\/content\/2012\/06\/13\/03\/10972_orig.jpg"},"iucnStatus":""},"48113088":{"collectionid":24556,"pageid":340381,"taxonConceptId":48113088,"taxonName":"Calanus hyperboreus","textDesc":{"objectId":"7046d3c987874326f90bb3b4910c1fac","identifier":"7046d3c987874326f90bb3b4910c1fac","title":"Description","licence":"http:\/\/creativecommons.org\/licenses\/by\/3.0\/","rights":null,"credits":"&copy; Elizaveta A. Ershova","description":"<p>Very clear and colorless, the gut walls and posterior part of the body may carry orange to dark red pigment. <br\/>The lipid sac is usually red-orange. The borders between segments are pigmented with a deep red color.<\/p> "},"flathierarchy":null,"preferredCommonNames":false,"commonNames":[],"image":{"objectId":"83a7583cc73ada46fa949559f28605e0","identifier":"83a7583cc73ada46fa949559f28605e0","title":"83a7583cc73ada46fa949559f28605e0","licence":"http:\/\/creativecommons.org\/licenses\/by-nc\/3.0\/","rights":null,"credits":"Russ Hopcroft&copy; UAF","description":null,"mimeType":"jpg","fileName":"83a7583cc73ada46fa949559f28605e0.jpg","URL":"http:\/\/media.eol.org\/content\/2010\/09\/25\/01\/42896_orig.jpg"},"iucnStatus":""},"47644307":{"collectionid":24556,"pageid":567,"taxonConceptId":47644307,"taxonName":"Cicadellidae","textDesc":{"objectId":"81019ed6ab6eb84efec79c727898034c","identifier":"81019ed6ab6eb84efec79c727898034c","title":"Barcode data","licence":"http:\/\/creativecommons.org\/licenses\/by\/3.0\/","rights":null,"credits":"&copy; Barcode of Life Data Systems","description":"<a target='fasta' href='http:\/\/www.boldsystems.org\/pcontr.php?action=doPublicSequenceDownload&taxids=26328'>Download <br\/>FASTA File<\/a> "},"flathierarchy":null,"preferredCommonNames":{"vernacularName":"cicadellids, jassids, leafhoppers, sharpshooters","language":"en","eol_preferred":true},"commonNames":[{"vernacularName":"Leaf-hopper","language":"","eol_preferred":true},{"vernacularName":"cicadellids, jassids, leafhoppers, sharpshooters","language":"en","eol_preferred":true},{"vernacularName":"cicadellids","language":"en"},{"vernacularName":"cicadellids, jassids, leafhoppers, and sharpshooters","language":"en"},{"vernacularName":"jassids","language":"en"},{"vernacularName":"leafhoppers","language":"en"},{"vernacularName":"sharpshooters","language":"en"}],"image":{"objectId":"bb5c904baa961d8ff3e60f865f04b6d0","identifier":"bb5c904baa961d8ff3e60f865f04b6d0","title":"Sharpshooter","licence":"http:\/\/creativecommons.org\/licenses\/by-nc-sa\/2.0\/","rights":null,"credits":"<a href='http:\/\/www.flickr.com\/photos\/25449831@N00'>Sean McCann<\/a>&copy; ","description":null,"mimeType":"jpg","fileName":"bb5c904baa961d8ff3e60f865f04b6d0.jpg","URL":"http:\/\/media.eol.org\/content\/2011\/11\/02\/15\/35021_orig.jpg"},"iucnStatus":""},"48134953":{"collectionid":24556,"pageid":313992,"taxonConceptId":48134953,"taxonName":"Dama dama","textDesc":{"objectId":"d3155478f4a095edce296651bad4c8ad","identifier":"d3155478f4a095edce296651bad4c8ad","title":"Biology","licence":"http:\/\/creativecommons.org\/licenses\/by-nc-sa\/3.0\/","rights":"Copyright Wildscreen 2003-2008","credits":"&copy; Wildscreen","description":"Like many species of deer, the fallow deer is active throughout the 24-hour period, but in areas where human disturbance <br\/>is high, they tend to be more active at night (2). They typically graze on grasses and rushes, but may also browse <br\/>on young leaves, and also take cereals, berries and acorns (3).&nbsp;For most of the year, males and females occur <br\/>in separate single-sex groups, and large herds can aggregate in open areas where there is plenty of food (3). The <br\/>breeding season, or 'rut' occurs between October and November (3); Males hold 'rutting stands' to defend groups <br\/>of females (6). Rutting behaviour involves displaying, including groaning contests and parallel walks, escalating <br\/>to physical contests in which the males lock antlers and push each other (2). One calf is usually produced during <br\/>June or July (3). "},"flathierarchy":null,"preferredCommonNames":{"vernacularName":"fallow deer","language":"en","eol_preferred":true},"commonNames":[{"vernacularName":"Texas fallow deers","language":"","eol_preferred":true},{"vernacularName":"Texas fallow deer","language":""},{"vernacularName":"Damhirsch","language":"de","eol_preferred":true},{"vernacularName":"fallow deer","language":"en","eol_preferred":true},{"vernacularName":"Mesopotamian Fallow Deer","language":"en"},{"vernacularName":"Persian Fallow Deer","language":"en"},{"vernacularName":"Gamo","language":"es","eol_preferred":true},{"vernacularName":"Daim europ\u00e9en","language":"fr","eol_preferred":true},{"vernacularName":"Damhert","language":"nl","eol_preferred":true}],"image":{"objectId":"aa488a66965eb8f7a4d26fb740b6faf4","identifier":"aa488a66965eb8f7a4d26fb740b6faf4","title":"File:Dama dama 02 by Line1.jpg","licence":"http:\/\/creativecommons.org\/licenses\/by-sa\/3.0\/","rights":null,"credits":"Lin&amp;amp;eacute;1&copy; ","description":null,"mimeType":"jpg","fileName":"aa488a66965eb8f7a4d26fb740b6faf4.jpg","URL":"http:\/\/media.eol.org\/content\/2012\/06\/13\/03\/50706_orig.jpg"},"iucnStatus":""},"47633401":{"collectionid":24556,"pageid":236461,"taxonConceptId":47633401,"taxonName":"Acanalonia bivittata (Say, 1825)","textDesc":"","flathierarchy":null,"preferredCommonNames":false,"commonNames":[],"image":{"objectId":"e04eff487039937714e809e11987fab5","identifier":"e04eff487039937714e809e11987fab5","title":"issid planthopper nymph","licence":"http:\/\/creativecommons.org\/licenses\/by-nc-sa\/2.0\/","rights":null,"credits":"<a href='http:\/\/www.flickr.com\/photos\/25858229@N05'>Kathleen Bjoran<\/a>&copy; ","description":null,"mimeType":"jpg","fileName":"e04eff487039937714e809e11987fab5.jpg","URL":"http:\/\/media.eol.org\/content\/2012\/06\/22\/00\/72656_orig.jpg"},"iucnStatus":""},"48163173":{"collectionid":24556,"pageid":1048778,"taxonConceptId":48163173,"taxonName":"Chrysolampis mosquitus","textDesc":{"objectId":"059f179b45e4df2cbbcd750ec5f490a2","identifier":"059f179b45e4df2cbbcd750ec5f490a2","title":"IUCN Red List Assessment","licence":"http:\/\/creativecommons.org\/licenses\/by-nc-sa\/3.0\/","rights":"\u00a9 International Union for Conservation of Nature and Natural Resources","credits":"&copy; International Union for Conservation of Nature and Natural Resources","description":"<div id=\u0022x_category_and_criteria\u0022> <br\/><b>Red List Category<\/b><br\/> <div id=\u0022red_list_category_code\u0022>LC<\/div> <br\/><div id=\u0022red_list_category_title\u0022>Least Concern<\/div> <br\/><b>Red List Criteria<\/b><br\/> <div id=\u0022red_list_criteria\u0022\/> <br\/><br\/><b>Version<\/b><br\/> <div id=\u0022category_version\u0022>3.1<\/div> <\/div> <br\/><b>Year Assessed<\/b><br\/> <br\/><div id=\u0022modified_year\u0022>2009<\/div> <br\/><b>Assessor\/s<\/b><br\/> <div id=\u0022assessors\u0022>BirdLife International<\/div> <br\/><br\/><b>Reviewer\/s<\/b><br\/> <div id=\u0022reviewers\u0022>Bird, J., Butchart, S.<\/div> <br\/><b>Contributor\/s<\/b><br\/> <br\/><div id=\u0022contributors\u0022\/> <br\/><b>Justification<\/b><br\/> <div id=\u0022justification\u0022>This species has an <br\/>extremely large range, and hence does not approach the thresholds for Vulnerable under the range size criterion <br\/>(Extent of Occurrence <20,000 km2 combined with a declining or fluctuating range size, habitat extent\/quality, <br\/>or population size and a small number of locations or severe fragmentation). The population trend is not known, <br\/>but the population is not believed to be decreasing sufficiently rapidly to approach the thresholds under the <br\/>population trend criterion (>30% decline over ten years or three generations). The population size has not been <br\/>quantified, but it is not believed to approach the thresholds for Vulnerable under the population size criterion <br\/>(<10,000 mature individuals with a continuing decline estimated to be >10% in ten years or three generations, <br\/>or with a specified population structure). For these reasons the species is evaluated as Least Concern.<\/div> <br\/><br\/><b>History<\/b><br\/> <ul id=\u0022assessment_years\u0022><li class=\u0022assessment_year\u0022> <div class=\u0022year\u0022>2008<\/div> <br\/><div class=\u0022category\u0022>Least Concern<\/div> <\/li> <li class=\u0022assessment_year\u0022> <div class=\u0022year\u0022>2004<\/div> <br\/><div class=\u0022category\u0022>Least Concern<\/div> <\/li> <\/ul> "},"flathierarchy":null,"preferredCommonNames":{"vernacularName":"Ruby-topaz Hummingbird","language":"en","eol_preferred":true},"commonNames":[{"vernacularName":"Tucusito Rub\u00ed","language":"","eol_preferred":true},{"vernacularName":"beija-flor-vermelho","language":"","eol_preferred":true},{"vernacularName":"beija-flor-papo-de-fogo","language":""},{"vernacularName":"kolib\u0159\u00edk \u017elutohrdl\u00fd","language":"cs","eol_preferred":true},{"vernacularName":"Kolibr\u00edk rub\u00ednov\u00fd","language":"cs"},{"vernacularName":"Mosquitokolibri","language":"da","eol_preferred":true},{"vernacularName":"Moskitokolibri","language":"de","eol_preferred":true},{"vernacularName":"Moskito Kolibri","language":"de"},{"vernacularName":"Ruby-topaz Hummingbird","language":"en","eol_preferred":true},{"vernacularName":"Ruby Topaz Hummingbird","language":"en"},{"vernacularName":"Ruby topaz","language":"en"},{"vernacularName":"Ruby-and-Topaz Humming Bird","language":"en"},{"vernacularName":"Colibr\u00ed Rubitopacio","language":"es","eol_preferred":true},{"vernacularName":"Colibr\u00ed Rub\u00ed","language":"es"},{"vernacularName":"Rubiinihohtokolibri","language":"fi","eol_preferred":true},{"vernacularName":"Rubis-topaze","language":"fr","eol_preferred":true},{"vernacularName":"Colibri rubis-topaze","language":"fr"},{"vernacularName":"Mainumby","language":"gn","eol_preferred":true},{"vernacularName":"Colibr\u00ec rubino-topazio","language":"it","eol_preferred":true},{"vernacularName":"Colibr\u00ec rubinotopazio","language":"it"},{"vernacularName":"\u30eb\u30d3\u30fc\u30c8\u30d1\u30fc\u30ba\u30cf\u30c1\u30c9\u30ea","language":"ja","eol_preferred":true},{"vernacularName":"rubi-topa-zuhachidori","language":"ja"},{"vernacularName":"rubiatopaazuhachidori","language":"ja"},{"vernacularName":"\u30eb\u30d3\u30a2\u30c8\u30d1\u30a2\u30ba\u30cf\u30c1\u30c9\u30ea","language":"ja"},{"vernacularName":"Rode Kolibrie","language":"nl","eol_preferred":true},{"vernacularName":"Muskietkolibrie","language":"nl"},{"vernacularName":"Rubintopas","language":"no","eol_preferred":true},{"vernacularName":"moskitnik","language":"pl","eol_preferred":true},{"vernacularName":"\u0422\u043e\u043f\u0430\u0437\u043e-\u0440\u0443\u0431\u0438\u043d\u043e\u0432\u044b\u0439 \u043a\u043e\u043b\u0438\u0431\u0440\u0438","language":"ru","eol_preferred":true},{"vernacularName":"\u0420\u0443\u0431\u0438\u043d\u043e\u0432\u044b\u0439 \u043a\u043e\u043b\u0438\u0431\u0440\u0438","language":"ru"},{"vernacularName":"jagavi\u010dka rub\u00ednov\u00e1","language":"sk","eol_preferred":true},{"vernacularName":"jagavicka rub\u00ednov\u00e1","language":"sk"},{"vernacularName":"Topaskolibri","language":"sv","eol_preferred":true}],"image":{"objectId":"3e7d6984c242d815ea9b33e69a1d42a6","identifier":"3e7d6984c242d815ea9b33e69a1d42a6","title":"Ruby-topaz Hummingbird (Chrysolampis mosquitus)","licence":"http:\/\/creativecommons.org\/licenses\/by-nc-sa\/2.0\/","rights":null,"credits":"<a href='http:\/\/www.flickr.com\/photos\/50079771@N08'>Steve Garvie<\/a>&copy; ","description":null,"mimeType":"jpg","fileName":"3e7d6984c242d815ea9b33e69a1d42a6.jpg","URL":"http:\/\/media.eol.org\/content\/2011\/11\/24\/01\/04881_orig.jpg"},"iucnStatus":""},"47206293":{"collectionid":24556,"pageid":249,"taxonConceptId":47206293,"taxonName":"Opiliones","textDesc":{"objectId":"b5d629f0194d0fdeb673c40082d94f40","identifier":"b5d629f0194d0fdeb673c40082d94f40","title":"Statistics of barcoding coverage","licence":"http:\/\/creativecommons.org\/licenses\/by\/3.0\/","rights":null,"credits":"&copy; Barcode of Life Data Systems","description":"Barcode of Life Data Systems (BOLD) Stats <br> &nbsp;\t\t\t\t\t\t\t\t\t\t\t\t\t\t&nbsp;\t\t\t\t\t\t\t\t\t\t\t\t\t\t\t<table>&nbsp;\t\t\t\t\t\t\t\t\t\t\t\t\t\t\t\t<tr>&nbsp;\t\t\t\t\t\t\t\t\t\t\t\t\t\t\t\t\t<td <br\/>width=\u002241%\u0022>Specimen Records:<\/td>&nbsp;\t\t\t\t\t\t\t\t\t\t\t\t\t\t\t\t\t<td width=\u002217%\u0022>1,484<\/td>&nbsp;\t\t\t\t\t\t\t\t\t\t\t\t\t\t\t\t\t<td <br\/>width=\u002229%\u0022>Public Records:<\/td>&nbsp;\t\t\t\t\t\t\t\t\t\t\t\t\t\t\t\t\t<td width=\u002213%\u0022>804<\/td>&nbsp;\t\t\t\t\t\t\t\t\t\t\t\t\t\t\t\t<\/tr>&nbsp;\t\t\t\t\t\t\t\t\t\t\t\t\t\t\t\t<tr>&nbsp;\t\t\t\t\t\t\t\t\t\t\t\t\t\t\t\t\t<td>Specimens <br\/>with Sequences:<\/td>&nbsp;\t\t\t\t\t\t\t\t\t\t\t\t\t\t\t\t\t<td>914<\/td>&nbsp;\t\t\t\t\t\t\t\t\t\t\t\t\t\t\t\t\t<td>Public Species:<\/td>&nbsp;\t\t\t\t\t\t\t\t\t\t\t\t\t\t\t\t\t<td>168<\/td>&nbsp;\t\t\t\t\t\t\t\t\t\t\t\t\t\t\t\t<\/tr>&nbsp;\t\t\t\t\t\t\t\t\t\t\t\t\t\t\t\t<tr>&nbsp;\t\t\t\t\t\t\t\t\t\t\t\t\t\t\t\t\t<td>Specimens <br\/>with Barcodes:<\/td>&nbsp;\t\t\t\t\t\t\t\t\t\t\t\t\t\t\t\t\t<td>845<\/td>&nbsp;\t\t\t\t\t\t\t\t\t\t\t\t\t\t\t\t\t<td>Public BINs:<\/td>&nbsp;\t\t\t\t\t\t\t\t\t\t\t\t\t\t\t\t\t<td>334<\/td>&nbsp;\t\t\t\t\t\t\t\t\t\t\t\t\t\t\t\t<\/tr>&nbsp;\t\t\t\t\t\t\t\t\t\t\t\t\t\t\t\t<tr>&nbsp;\t\t\t\t\t\t\t\t\t\t\t\t\t\t\t\t\t<td>Species:<\/td>&nbsp;\t\t\t\t\t\t\t\t\t\t\t\t\t\t\t\t\t<td>261<\/td>&nbsp;\t\t\t\t\t\t\t\t\t\t\t\t\t\t\t\t\t<td>&nbsp;&nbsp;&nbsp;&nbsp;&nbsp;&nbsp;&nbsp;&nbsp;\t\t\t\t\t\t\t\t\t\t\t\t\t\t\t\t\t\t\t\t\t\t\t\t\t\t\t\t\t\t\t\t\t\t\t<\/td>&nbsp;\t\t\t\t\t\t\t\t\t\t\t\t\t\t\t\t\t<td>&nbsp;<\/td>&nbsp;\t\t\t\t\t\t\t\t\t\t\t\t\t\t\t\t<\/tr>&nbsp;\t\t\t\t\t\t\t\t\t\t\t\t\t\t\t\t<tr>&nbsp;\t\t\t\t\t\t\t\t\t\t\t\t\t\t\t\t\t<td>Species <br\/>With Barcodes:<\/td>&nbsp;\t\t\t\t\t\t\t\t\t\t\t\t\t\t\t\t\t<td>216<\/td>&nbsp;\t\t\t\t\t\t\t\t\t\t\t\t\t\t\t\t\t<td>&nbsp;&nbsp;&nbsp;&nbsp;&nbsp;&nbsp;&nbsp;&nbsp;\t\t\t\t\t\t\t\t\t\t\t\t\t\t\t\t\t\t\t\t\t\t\t\t\t\t\t\t\t\t\t\t\t\t\t<\/td>&nbsp;\t\t\t\t\t\t\t\t\t\t\t\t\t\t\t\t\t<td>&nbsp;<\/td>&nbsp;\t\t\t\t\t\t\t\t\t\t\t\t\t\t\t\t<\/tr>&nbsp;\t\t\t\t\t\t\t\t\t\t\t\t\t\t\t\t<tr>&nbsp;\t\t\t\t\t\t\t\t\t\t\t\t\t\t\t\t\t<td>&nbsp;<\/td>&nbsp;\t\t\t\t\t\t\t\t\t\t\t\t\t\t\t\t\t<td><\/td>&nbsp;\t\t\t\t\t\t\t\t\t\t\t\t\t\t\t\t\t<td>&nbsp;&nbsp;&nbsp;&nbsp;&nbsp;&nbsp;&nbsp;&nbsp;\t\t\t\t\t\t\t\t\t\t\t\t\t\t\t\t\t\t\t\t\t\t\t\t\t\t\t\t\t\t\t\t\t\t\t<\/td>&nbsp;\t\t\t\t\t\t\t\t\t\t\t\t\t\t\t\t\t<td>&nbsp;<\/td>&nbsp;\t\t\t\t\t\t\t\t\t\t\t\t\t\t\t\t<\/tr>&nbsp;\t\t\t\t\t\t\t\t\t\t\t\t\t\t\t\t<tr>&nbsp;\t\t\t\t\t\t\t\t\t\t\t\t\t\t\t\t\t<td><\/td><\/tr><\/table> <br\/>"},"flathierarchy":null,"preferredCommonNames":{"vernacularName":"daddy longlegs and harvestmen","language":"en","eol_preferred":true},"commonNames":[{"vernacularName":"daddy longlegs and harvestmen","language":"en","eol_preferred":true},{"vernacularName":"daddy long-legs","language":"en"},{"vernacularName":"daddy longlegs","language":"en"},{"vernacularName":"harvestmen","language":"en"},{"vernacularName":"tabiju\u00e1","language":"pt","eol_preferred":true},{"vernacularName":"aranha bode","language":"pt"},{"vernacularName":"aranha de ch\u00e3o","language":"pt"},{"vernacularName":"giramundo","language":"pt"},{"vernacularName":"opilh\u00f5es","language":"pt"},{"vernacularName":"opilh\u0131es","language":"pt"}],"image":{"objectId":"0b112d7725dd90f80ef592628af32a27","identifier":"0b112d7725dd90f80ef592628af32a27","title":"0b112d7725dd90f80ef592628af32a27","licence":"http:\/\/creativecommons.org\/licenses\/by-nc-sa\/3.0\/","rights":null,"credits":"&copy; BioImages","description":null,"mimeType":"jpg","fileName":"0b112d7725dd90f80ef592628af32a27.jpg","URL":"http:\/\/media.eol.org\/content\/2010\/11\/27\/08\/71126_orig.jpg"},"iucnStatus":""},"48130170":{"collectionid":24556,"pageid":289808,"taxonConceptId":48130170,"taxonName":"Loxodonta africana (Blumenbach, 1797)","textDesc":{"objectId":"243ba6983272a9dee18230898ec6f605","identifier":"243ba6983272a9dee18230898ec6f605","title":"Biology","licence":"http:\/\/creativecommons.org\/licenses\/by-nc-sa\/3.0\/","rights":"Copyright Wildscreen 2003-2008","credits":"&copy; Wildscreen","description":"Elephant society is highly complex and arranged around family units composed of groups of closely related females <br\/>and their calves. Each family unit contains around ten individuals (6), led by an old female known as the 'matriarch' <br\/>(2). Family units often join up with other bands of females forming 'kinship groups' or 'bond groups', and larger <br\/>herds may number well over a hundred individuals (7). Male elephants leave their natal group at puberty and tend <br\/>to form much more fluid alliances with other males. Elephants are extremely long-lived and although females <br\/>may reach sexual maturity at ten years old they are at their most fertile between 25 and 45 (2). There is no distinct <br\/>breeding season, although birth peaks in certain areas may relate to the local rainfall patterns (9). Calves <br\/>are born after an exceptionally long gestation period of nearly two years, and continue to be dependent on their <br\/>mother for several years (2). They are also cared for by other females in the group, especially by young females <br\/>known as 'allomothers' (2). The social bonds between elephants are very strong and if faced with danger they will <br\/>form a protective circle around the young calves, with the adults facing outwards and the matriarch adopting <br\/>a threatening pose or even charging the intruder (2). Elephants care for their wounded and also show recognition <br\/>of, and particular interest in, elephant bones (10).&nbsp;Elephant groups will spend the day wandering their <br\/>home range in search of food and water (2). An adult elephant requires 160 kilograms of food a day; using their highly <br\/>mobile trunk they pluck at grasses and leaves or tear at branches and bark with their tusks, which can cause enormous <br\/>damage (7). Elephants can communicate over large distances and use some vocalisations that are below the range <br\/>of human hearing (11). "},"flathierarchy":null,"preferredCommonNames":{"vernacularName":"African bush elephant","language":"en","eol_preferred":true},"commonNames":[{"vernacularName":"African savanna elephant","language":"","eol_preferred":true},{"vernacularName":"Oliphant","language":"af","eol_preferred":true},{"vernacularName":"Elefant","language":"de","eol_preferred":true},{"vernacularName":"Fel","language":"de"},{"vernacularName":"African bush elephant","language":"en","eol_preferred":true},{"vernacularName":"African elephant","language":"en"},{"vernacularName":"African savannah elephant","language":"en"},{"vernacularName":"Elephant","language":"en"},{"vernacularName":"Elefante africano","language":"es","eol_preferred":true},{"vernacularName":"Elefantti","language":"fi","eol_preferred":true},{"vernacularName":"Norsu","language":"fi"},{"vernacularName":"\u00c9l\u00e9phant de savane d'Afrique","language":"fr","eol_preferred":true},{"vernacularName":"\u00e9l\u00e9phant africain","language":"fr"},{"vernacularName":"\u00e9l\u00e9phant d'afrique","language":"fr"},{"vernacularName":"Peel","language":"he","eol_preferred":true},{"vernacularName":"Loxodonta africana","language":"it","eol_preferred":true},{"vernacularName":"Elephante","language":"it"},{"vernacularName":"Elefanta","language":"mg","eol_preferred":true},{"vernacularName":"Savanneolifant","language":"nl","eol_preferred":true},{"vernacularName":"Slon","language":"pl","eol_preferred":true},{"vernacularName":"\u0421\u0430\u0432\u0430\u043d\u043d\u043e\u0432\u044b\u0439 \u0430\u0444\u0440\u0438\u043a\u0430\u043d\u0441\u043a\u0438\u0439 \u0441\u043b\u043e\u043d","language":"ru","eol_preferred":true},{"vernacularName":"\u0421\u043b\u043e\u043d \u0430\u0444\u0440\u0438\u043a\u0430\u043d\u0441\u043a\u0438\u0439","language":"ru"},{"vernacularName":"Tembo","language":"sw","eol_preferred":true},{"vernacularName":"Indofu","language":"sw"},{"vernacularName":"Ndovo","language":"sw"}],"image":{"objectId":"6ba02458ec744ad889dd080d2705214b","identifier":"6ba02458ec744ad889dd080d2705214b","title":"File:African Bush Elephants.jpg","licence":"http:\/\/creativecommons.org\/licenses\/by-sa\/3.0\/","rights":null,"credits":"&copy; ","description":null,"mimeType":"jpg","fileName":"6ba02458ec744ad889dd080d2705214b.jpg","URL":"http:\/\/media.eol.org\/content\/2012\/06\/15\/13\/03270_orig.jpg"},"iucnStatus":""},"48135117":{"collectionid":24556,"pageid":331083,"taxonConceptId":48135117,"taxonName":"Redunca fulvorufula","textDesc":{"objectId":"ebc9169b7b5474fb91f80c6334cbad6c","identifier":"ebc9169b7b5474fb91f80c6334cbad6c","title":"Range Description","licence":"http:\/\/creativecommons.org\/licenses\/by-nc-sa\/3.0\/","rights":"\u00a9 International Union for Conservation of Nature and Natural Resources","credits":"&copy; International Union for Conservation of Nature and Natural Resources","description":"The Mountain Reedbuck occurs in three separate populations in East and southern Africa, and in a restricted area <br\/>of eastern Nigeria and north-central Cameroon (East 1999; Avenant in press).<br\/><br\/>The Southern Mountain <br\/>Reedbuck (<em>R. f. fulvorufula<\/em>) occurs in South Africa, Lesotho, Swaziland, Botswana, and Mozambique <br\/>(Lubombo Mtns only). <br\/><br\/>Chanler's Mountain Reedbuck (<em>R. f. chanleri<\/em>) occurs in south-eastern <br\/>Sudan, Ethiopia, Uganda, Kenya, and northern Tanzania.<br\/><br\/>The Western Mountain Reedbuck (<em>R. f. <br\/>adamauae<\/em>) has been reduced to a small, declining remnant subpopulation in Nigeria in the Gashaka-Gumpti <br\/>N.P. and the Gotel Mtns. adjoining the park\u2019s southern boundary, and in Cameroon in the Adamaoua Mtns. and the <br\/>hunting zones below, as well as in the hunting zones between Benoue and Bouba Ndjida N.P. (East 1999; Nicholas <br\/>2004; Avenant in press). "},"flathierarchy":null,"preferredCommonNames":{"vernacularName":"Mountain Reedbuck","language":"en","eol_preferred":true},"commonNames":[{"vernacularName":"Mountain Reedbuck","language":"en","eol_preferred":true},{"vernacularName":"Western mountain reedbuck","language":"en"},{"vernacularName":"\u0420\u0435\u0434\u0443\u043d\u043a\u0430 \u0433\u043e\u0440\u043d\u044b\u0439","language":"ru","eol_preferred":true}],"image":{"objectId":"b1357bdc9fc9997b5b255985112ecb19","identifier":"b1357bdc9fc9997b5b255985112ecb19","title":"b1357bdc9fc9997b5b255985112ecb19","licence":"http:\/\/creativecommons.org\/licenses\/by-nc\/3.0\/","rights":null,"credits":"<a href='http:\/\/www.biolib.cz\/en\/person\/id2923\/'>Ji\u0159\u00ed Bukovsk\u00fd<\/a>&copy; ","description":null,"mimeType":"jpg","fileName":"b1357bdc9fc9997b5b255985112ecb19.jpg","URL":"http:\/\/media.eol.org\/content\/2009\/07\/24\/11\/32189_orig.jpg"},"iucnStatus":""},"48171186":{"collectionid":24556,"pageid":1049264,"taxonConceptId":48171186,"taxonName":"Pavo cristatus","textDesc":{"objectId":"825eb7f9b37936bae4db8cc2fb2ce97d","identifier":"825eb7f9b37936bae4db8cc2fb2ce97d","title":"Geographic Range","licence":"http:\/\/creativecommons.org\/licenses\/by-nc-sa\/3.0\/","rights":"\u00a91995-2012, The Regents of the University of Michigan and its licensors","credits":"&copy; The Regents of the University of Michigan and its licensors","description":"<p>Indian blue peafowl, <span class=\u0022taxon-name\u0022>Pavo cristatus<\/span>, (also known as peacocks) are native <br\/>to Sri Lanka and India, but can also be found naturally in Pakistan, Kashmir, Nepal, Assam, Nagaland, Burma, Java, <br\/>Ceylon, Malaya, and the Congo. Peafowl are prized possessions and therefore can be found in any country in captivity <br\/>through trade. The Arakan hills prevented this species from moving naturally to the east, while the mountains <br\/>of the Himalayas and Karakoram further prevented their travel north. <\/p><p><strong>Biogeographic Regions: <br\/><\/strong> nearctic  (Introduced ); palearctic  (Introduced ); oriental  (Native ); ethiopian  (Introduced ); <br\/>neotropical  (Introduced ); australian  (Introduced )<\/p> "},"flathierarchy":null,"preferredCommonNames":{"vernacularName":"Indian Peafowl","language":"en","eol_preferred":true},"commonNames":[{"vernacularName":"pav\u0103o real","language":"","eol_preferred":true},{"vernacularName":"Pav\u00e3o","language":""},{"vernacularName":"Makpou","language":"af","eol_preferred":true},{"vernacularName":"Gewone Pou","language":"af"},{"vernacularName":"\u043f\u0430\u0443\u043b\u0456\u043d","language":"be","eol_preferred":true},{"vernacularName":"pa\u016dlin","language":"be"},{"vernacularName":"\u043f\u0430\u0443\u043d","language":"bg","eol_preferred":true},{"vernacularName":"Paun","language":"bg"},{"vernacularName":"Paun","language":"br","eol_preferred":true},{"vernacularName":"pa\u00f3 reial","language":"ca","eol_preferred":true},{"vernacularName":"P\u00e1v korunkat\u00fd","language":"cs","eol_preferred":true},{"vernacularName":"P\u00e1v","language":"cs"},{"vernacularName":"p\u00e1v korunat\u00fd","language":"cs"},{"vernacularName":"Paun","language":"cy","eol_preferred":true},{"vernacularName":"P\u00e5fugl","language":"da","eol_preferred":true},{"vernacularName":"Blauer Pfau","language":"de","eol_preferred":true},{"vernacularName":"Pfau","language":"de"},{"vernacularName":"\u03c0\u03b1\u03b3\u03ce\u03bd\u03b9","language":"el","eol_preferred":true},{"vernacularName":"pagoni","language":"el"},{"vernacularName":"Indian Peafowl","language":"en","eol_preferred":true},{"vernacularName":"Common Peacock","language":"en"},{"vernacularName":"Indian Peacock","language":"en"},{"vernacularName":"Peafowl","language":"en"},{"vernacularName":"blue peafowl","language":"en"},{"vernacularName":"common peafowl","language":"en"},{"vernacularName":"Pavo","language":"eo","eol_preferred":true},{"vernacularName":"Pavo-real Com\u00fan","language":"es","eol_preferred":true},{"vernacularName":"Pavo Real Com\u00fan","language":"es"},{"vernacularName":"Pavo real","language":"es"},{"vernacularName":"sini-paabulind","language":"et","eol_preferred":true},{"vernacularName":"paabulind","language":"et"},{"vernacularName":"Pavma","language":"eu","eol_preferred":true},{"vernacularName":"pauma","language":"eu"},{"vernacularName":"Riikinkukko","language":"fi","eol_preferred":true},{"vernacularName":"p\u00e1fuglur","language":"fo","eol_preferred":true},{"vernacularName":"Paon bleu","language":"fr","eol_preferred":true},{"vernacularName":"Paon","language":"fr"},{"vernacularName":"Pau","language":"fy","eol_preferred":true},{"vernacularName":"P\u00e9ac\u00f3g choiteann","language":"ga","eol_preferred":true},{"vernacularName":"Pavo real","language":"ga"},{"vernacularName":"Pav\u00f3n","language":"ga"},{"vernacularName":"p\u00e9ac\u00f3g","language":"ga"},{"vernacularName":"peacock","language":"gv","eol_preferred":true},{"vernacularName":"kellagh eairkagh","language":"gv"},{"vernacularName":"Mayil","language":"hi","eol_preferred":true},{"vernacularName":"Paun","language":"hr","eol_preferred":true},{"vernacularName":"P\u00e1va","language":"hu","eol_preferred":true},{"vernacularName":"p\u00e1fugl","language":"is","eol_preferred":true},{"vernacularName":"Pavone indiano","language":"it","eol_preferred":true},{"vernacularName":"Pavone comune","language":"it"},{"vernacularName":"pavone","language":"it"},{"vernacularName":"\u30a4\u30f3\u30c9\u30af\u30b8\u30e3\u30af","language":"ja","eol_preferred":true},{"vernacularName":"indokujaku","language":"ja"},{"vernacularName":"payon","language":"kw","eol_preferred":true},{"vernacularName":"Paynes","language":"kw"},{"vernacularName":"Povas","language":"lt","eol_preferred":true},{"vernacularName":"p\u0101vs","language":"lv","eol_preferred":true},{"vernacularName":"pavs","language":"lv"},{"vernacularName":"\u043f\u0430\u0443\u043d","language":"mk","eol_preferred":true},{"vernacularName":"Paun","language":"mk"},{"vernacularName":"pagun","language":"mt","eol_preferred":true},{"vernacularName":"pauw","language":"nl","eol_preferred":true},{"vernacularName":"Blauwe pauw","language":"nl"},{"vernacularName":"Blauwepauw","language":"nl"},{"vernacularName":"P\u00e5fugl","language":"no","eol_preferred":true},{"vernacularName":"Indiap\u00e5fugl","language":"no"},{"vernacularName":"Pavon","language":"oc","eol_preferred":true},{"vernacularName":"Paw indyjski","language":"pl","eol_preferred":true},{"vernacularName":"Paw","language":"pl"},{"vernacularName":"pavun","language":"rm","eol_preferred":true},{"vernacularName":"P\u0103un","language":"ro","eol_preferred":true},{"vernacularName":"Paun","language":"ro"},{"vernacularName":"\u043f\u0430\u0432\u043b\u0438\u043d","language":"ru","eol_preferred":true},{"vernacularName":"pavlin","language":"ru"},{"vernacularName":"\u041e\u0431\u044b\u043a\u043d\u043e\u0432\u0435\u043d\u043d\u044b\u0439 \u043f\u0430\u0432\u043b\u0438\u043d","language":"ru"},{"vernacularName":"\u0438\u043d\u0434\u0438\u0439\u0441\u043a\u0438\u0439 \u043f\u0430\u0432\u043b\u0438\u043d","language":"ru"},{"vernacularName":"pavone","language":"sc","eol_preferred":true},{"vernacularName":"baboni","language":"sc"},{"vernacularName":"paoni","language":"sc"},{"vernacularName":"p\u00e1vvuonccis","language":"se","eol_preferred":true},{"vernacularName":"P\u00e1v korunkat\u00fd","language":"sk","eol_preferred":true},{"vernacularName":"P\u00e1v","language":"sk"},{"vernacularName":"p\u00e1v chocholat\u00fd","language":"sk"},{"vernacularName":"Pav","language":"sl","eol_preferred":true},{"vernacularName":"palloi","language":"sq","eol_preferred":true},{"vernacularName":"\u043f\u0430\u0443\u043d","language":"sr","eol_preferred":true},{"vernacularName":"Paun","language":"sr"},{"vernacularName":"P\u00e5f\u00e5gel","language":"sv","eol_preferred":true},{"vernacularName":"tavusku\u015fu","language":"tk","eol_preferred":true},{"vernacularName":"Mavi Tavusku\u015fu","language":"tr","eol_preferred":true},{"vernacularName":"\u043f\u0430\u0432\u0438\u0447","language":"uk","eol_preferred":true},{"vernacularName":"pavi\u010d","language":"uk"},{"vernacularName":"Ipikoko","language":"xh","eol_preferred":true}],"image":{"objectId":"f69578f30a628dd00a69c4a48996c995","identifier":"f69578f30a628dd00a69c4a48996c995","title":"Peacock struts its stuff","licence":"http:\/\/creativecommons.org\/licenses\/by-nc-sa\/2.0\/","rights":null,"credits":"<a href='http:\/\/www.flickr.com\/photos\/42805231@N00'>Sumeet Moghe<\/a>&copy; ","description":null,"mimeType":"jpg","fileName":"f69578f30a628dd00a69c4a48996c995.jpg","URL":"http:\/\/media.eol.org\/content\/2011\/11\/01\/15\/70069_orig.jpg"},"iucnStatus":""},"48037705":{"collectionid":24556,"pageid":8108105,"taxonConceptId":48037705,"taxonName":"Chasmoptera huttii (Westwood, 1848)","textDesc":"","flathierarchy":null,"preferredCommonNames":false,"commonNames":[],"image":"","iucnStatus":""},"48144078":{"collectionid":24556,"pageid":452958,"taxonConceptId":48144078,"taxonName":"Agkistrodon contortrix","textDesc":{"objectId":"463728747b9202912efd9bf20283e5d3","identifier":"463728747b9202912efd9bf20283e5d3","title":"Range Description","licence":"http:\/\/creativecommons.org\/licenses\/by-nc-sa\/3.0\/","rights":"\u00a9 International Union for Conservation of Nature and Natural Resources","credits":"&copy; International Union for Conservation of Nature and Natural Resources","description":"This species ranges widely in the United States, extending into northeastern Mexico. Its geographic range extends <br\/>from southern New England to northern Florida, and west through the southern Great Lakes states and southern <br\/>Iowa to southeastern Nebraska, eastern Kansas, central Oklahoma, western Texas in the United States, and the <br\/>extreme portions of northern Coahuila and eastern Chihuahua (Conant and Collins 1991, Ernst and Ernst 2003, <br\/>Campbell and Lamar 2004). Its elevational range extends from near sea level up to above 1,500 m asl. "},"flathierarchy":null,"preferredCommonNames":{"vernacularName":"copperhead","language":"en","eol_preferred":true},"commonNames":[{"vernacularName":"Nordamerikanischer Kupferkopf","language":"de","eol_preferred":true},{"vernacularName":"Kupferkopf","language":"de"},{"vernacularName":"copperhead","language":"en","eol_preferred":true},{"vernacularName":"laticinctus: Broad-banded Copperhead","language":"en"},{"vernacularName":"mokasen: Northern Copperhead","language":"en"},{"vernacularName":"northern copperhead","language":"en"},{"vernacularName":"phaeogaster: Osage Copperhead","language":"en"},{"vernacularName":"pictigaster: Trans-Pecos Copperhead","language":"en"},{"vernacularName":"southern copperhead","language":"en"},{"vernacularName":"Cantil cobrizo","language":"es","eol_preferred":true}],"image":{"objectId":"0993503978e999a5c02304d5d1567a43","identifier":"0993503978e999a5c02304d5d1567a43","title":"0993503978e999a5c02304d5d1567a43","licence":"http:\/\/creativecommons.org\/licenses\/by-nc-sa\/3.0\/","rights":null,"credits":"<a href='http:\/\/calphotos.berkeley.edu\/cgi\/photographer_query?where-name_full=Todd+Pierson&one=T'>Todd Pierson<\/a>&copy; 2011 Todd Pierson","description":null,"mimeType":"jpg","fileName":"0993503978e999a5c02304d5d1567a43.jpg","URL":"http:\/\/media.eol.org\/content\/2011\/10\/15\/21\/72252_orig.jpg"},"iucnStatus":""},"48068119":{"collectionid":24556,"pageid":309678,"taxonConceptId":48068119,"taxonName":"Geophilus easoni","textDesc":"","flathierarchy":null,"preferredCommonNames":false,"commonNames":[],"image":{"objectId":"70a129c1e61be10a9d88058c880a7ec0","identifier":"70a129c1e61be10a9d88058c880a7ec0","title":"70a129c1e61be10a9d88058c880a7ec0","licence":"http:\/\/creativecommons.org\/licenses\/by-nc-sa\/3.0\/","rights":null,"credits":"&copy; BioImages","description":null,"mimeType":"jpg","fileName":"70a129c1e61be10a9d88058c880a7ec0.jpg","URL":"http:\/\/media.eol.org\/content\/2010\/11\/27\/06\/30176_orig.jpg"},"iucnStatus":""},"48183868":{"collectionid":24556,"pageid":208483,"taxonConceptId":48183868,"taxonName":"Pleuronectes platessa","textDesc":{"objectId":"1ba4a07d846d287614e07258fbc0a6cb","identifier":"1ba4a07d846d287614e07258fbc0a6cb","title":"Biology","licence":"http:\/\/creativecommons.org\/licenses\/by-nc-sa\/3.0\/","rights":"Copyright Wildscreen 2003-2008","credits":"&copy; Wildscreen","description":"European plaice are active mainly at night, when they feed on molluscs and polychaete worms (2), which are crushed <br\/>with the strong jaws (4).  During the day they tend to lie hidden, often partially buried in the sediment (5).&nbsp;Newly <br\/>hatched larvae spend around 6 weeks close to the surface of the water before undergoing the transformation into <br\/>adults (3). In the first year of life, juvenile plaice tend to live in shallow water and can often be found close <br\/>to beaches (5). "},"flathierarchy":null,"preferredCommonNames":{"vernacularName":"plaice","language":"en","eol_preferred":true},"commonNames":[{"vernacularName":"An leath\u00f3g bhallach","language":"","eol_preferred":true},{"vernacularName":"Gloss\u00e1-chomat\u00ccda","language":""},{"vernacularName":"Morska plo\u009a\u00e8a","language":""},{"vernacularName":"\u23e0\u03b1\u03c3\u03af \u0391\u03c4\u03bb\u03b1\u03bd\u03c4\u03b9\u03ba\u03bf\u03cd","language":""},{"vernacularName":"lizenn","language":"br","eol_preferred":true},{"vernacularName":"Palaia","language":"ca","eol_preferred":true},{"vernacularName":"Palaia anglesa","language":"ca"},{"vernacularName":"\u6241\u6d77\u9cbd","language":"cnm","eol_preferred":true},{"vernacularName":"\u6241\u6d77\u9c08","language":"cnm"},{"vernacularName":"\u9c08","language":"cnm"},{"vernacularName":"\u9cbd","language":"cnm"},{"vernacularName":"lleden goch","language":"cy","eol_preferred":true},{"vernacularName":"lleden","language":"cy"},{"vernacularName":"R\u00f8dsp\u00e6tte","language":"da","eol_preferred":true},{"vernacularName":"Schullen","language":"de","eol_preferred":true},{"vernacularName":"Goldbutt","language":"de"},{"vernacularName":"Scholle","language":"de"},{"vernacularName":"Fasi Atlantikou","language":"el","eol_preferred":true},{"vernacularName":"Gloss\u00e1-chomat\u00edda","language":"el"},{"vernacularName":"Gloss\u00e1ki-chomatida","language":"el"},{"vernacularName":"\u03a6\u03b1\u03c3\u03af A\u03c4\u03bb\u03b1\u03bd\u03c4\u03b9\u03ba\u03bf\u03cd","language":"el"},{"vernacularName":"plaice","language":"en","eol_preferred":true},{"vernacularName":"European plaice","language":"en"},{"vernacularName":"Flatfish","language":"en"},{"vernacularName":"Fluke","language":"en"},{"vernacularName":"Hen fish","language":"en"},{"vernacularName":"Plaice-fluke","language":"en"},{"vernacularName":"Platija","language":"es","eol_preferred":true},{"vernacularName":"Solla","language":"es"},{"vernacularName":"Solla europa","language":"es"},{"vernacularName":"Solla europea","language":"es"},{"vernacularName":"Merilest","language":"et","eol_preferred":true},{"vernacularName":"platuxa leuna","language":"eu","eol_preferred":true},{"vernacularName":"Punakampela","language":"fi","eol_preferred":true},{"vernacularName":"Rey\u00f0spr\u00f8ka","language":"fo","eol_preferred":true},{"vernacularName":"Carrelet","language":"fr","eol_preferred":true},{"vernacularName":"Plie","language":"fr"},{"vernacularName":"Plie commune","language":"fr"},{"vernacularName":"Plie d&#39;Europe","language":"fr"},{"vernacularName":"Plie d'Europe","language":"fr"},{"vernacularName":"Leath\u00f3g","language":"ga","eol_preferred":true},{"vernacularName":"Solla","language":"gl","eol_preferred":true},{"vernacularName":"Liehbage spottagh","language":"gv","eol_preferred":true},{"vernacularName":"Iverak zlatopjeg","language":"hr","eol_preferred":true},{"vernacularName":"Skarkoli","language":"is","eol_preferred":true},{"vernacularName":"Pleuronectes platessa","language":"it","eol_preferred":true},{"vernacularName":"Passera","language":"it"},{"vernacularName":"Passera di mare","language":"it"},{"vernacularName":"Platessa","language":"it"},{"vernacularName":"Solla","language":"it"},{"vernacularName":"Baltijos plek\u0161n\u0117","language":"lt","eol_preferred":true},{"vernacularName":"baltijos plek\u009ane","language":"lt"},{"vernacularName":"baltijos plek\u0161ne","language":"lt"},{"vernacularName":"juras zeltplekste","language":"lv","eol_preferred":true},{"vernacularName":"R\u00f8dspette","language":"nb","eol_preferred":true},{"vernacularName":"pladijs","language":"nl","eol_preferred":true},{"vernacularName":"Schol","language":"nl"},{"vernacularName":"raudspette","language":"nn","eol_preferred":true},{"vernacularName":"R\u00f8dspette","language":"no","eol_preferred":true},{"vernacularName":"Gullflyndre","language":"no"},{"vernacularName":"G\u0142adzica","language":"pl","eol_preferred":true},{"vernacularName":"Gladzica","language":"pl"},{"vernacularName":"Solha","language":"pt","eol_preferred":true},{"vernacularName":"morskaya kambala","language":"ru","eol_preferred":true},{"vernacularName":"Morskaja kambala","language":"ru"},{"vernacularName":"\u041a\u0430\u043c\u0431\u0430\u043b\u0430 \u043c\u043e\u0440\u0441\u043a\u0430\u044f","language":"ru"},{"vernacularName":"\u043a\u0430\u043c\u0431\u0430\u043b\u0430 \u043c\u043e\u0440\u0441\u043a\u0430\u044f","language":"ru"},{"vernacularName":"\u043c\u043e\u0440\u0441\u043a\u0430\u044f \u043a\u0430\u043c\u0431\u0430\u043b\u0430","language":"ru"},{"vernacularName":"navadna plo\u0161\u010da","language":"sl","eol_preferred":true},{"vernacularName":"Morska plo\u0161\u00e8a","language":"sl"},{"vernacularName":"Iverak","language":"sr","eol_preferred":true},{"vernacularName":"R\u00f6dsp\u00e4tta","language":"sv","eol_preferred":true},{"vernacularName":"R\u00f6dspotta","language":"sv"},{"vernacularName":"Sk\u00e5lla","language":"sv"},{"vernacularName":"Sp\u00e4tta","language":"sv"},{"vernacularName":"pisi bal\u0131\u011f\u0131","language":"tr","eol_preferred":true},{"vernacularName":"Beneklipisi baligi","language":"tr"},{"vernacularName":"Beneklipisi bal\u0131\u011f\u0131","language":"tr"},{"vernacularName":"Pisi baligi","language":"tr"},{"vernacularName":"\u041a\u0430\u043c\u0431\u0430\u043b\u0430 \u0454\u0432\u0440\u043e\u043f\u0435\u0439\u0441\u044c\u043a\u0430","language":"uk","eol_preferred":true},{"vernacularName":"\u0404\u0432\u0440\u043e\u043f\u0435\u0439\u0441\u044c\u043a\u0430 \u043a\u0430\u043c\u0431\u0430\u043b\u0430","language":"uk"},{"vernacularName":"\u041a\u0430\u043c\u0431\u0430\u043b\u0430 \u043c\u043e\u0440\u0441\u044c\u043a\u0430","language":"uk"}],"image":{"objectId":"1429e63c6fbe1ed33bbba22eb0538446","identifier":"1429e63c6fbe1ed33bbba22eb0538446","title":"1429e63c6fbe1ed33bbba22eb0538446","licence":"http:\/\/creativecommons.org\/licenses\/by-nc\/3.0\/","rights":null,"credits":"&copy; ","description":null,"mimeType":"jpg","fileName":"1429e63c6fbe1ed33bbba22eb0538446.jpg","URL":"http:\/\/media.eol.org\/content\/2012\/05\/23\/22\/12860_orig.jpg"},"iucnStatus":""},"48029911":{"collectionid":24556,"pageid":132032,"taxonConceptId":48029911,"taxonName":"Aeshna cyanea","textDesc":{"objectId":"6c22f8d6e45bbdefa43d80120156004a","identifier":"6c22f8d6e45bbdefa43d80120156004a","title":"Associations","licence":"http:\/\/creativecommons.org\/licenses\/by-nc-sa\/3.0\/","rights":null,"credits":"&copy; BioImages","description":"In Great Britain and\/or Ireland:<br>Animal \/ parasite \/ ectoparasite \/ blood sucker<br>adult of <i>Forcipomyia <br\/>paludis<\/i> sucks the blood of live wing base (under side) of adult of <i>Aeshna cyanea<\/i><br><br> "},"flathierarchy":null,"preferredCommonNames":{"vernacularName":"Southern Hawker Dragonfly","language":"en","eol_preferred":true},"commonNames":[{"vernacularName":"Blaugr\u00fcne Mosaikjungfer","language":"de","eol_preferred":true},{"vernacularName":"Southern Hawker Dragonfly","language":"en","eol_preferred":true}],"image":{"objectId":"ef0de0b6e195b51178e670762e1a406e","identifier":"ef0de0b6e195b51178e670762e1a406e","title":"ef0de0b6e195b51178e670762e1a406e","licence":"http:\/\/creativecommons.org\/licenses\/by-nc\/3.0\/","rights":null,"credits":"<a href='http:\/\/www.biolib.cz\/en\/person\/id2981\/'>Miroslav Fiala<\/a>&copy; ","description":null,"mimeType":"jpg","fileName":"ef0de0b6e195b51178e670762e1a406e.jpg","URL":"http:\/\/media.eol.org\/content\/2009\/07\/24\/06\/16401_orig.jpg"},"iucnStatus":""},"48129721":{"collectionid":24556,"pageid":328117,"taxonConceptId":48129721,"taxonName":"Dipodomys spectabilis","textDesc":{"objectId":"e786b86c281f122b6e3590119772b475","identifier":"e786b86c281f122b6e3590119772b475","title":"Description","licence":"http:\/\/creativecommons.org\/licenses\/by\/3.0\/","rights":null,"credits":"&copy; Smithsonian Institution","description":"\u0022The Banner-tailed Kangaroo Rat confines its activities to small areas near the large earthen mounds that contain <br\/>its complex burrow systems. Usually gentle and timid, this Kangaroo Rat will fight furiously to defend its territory <br\/>from invasion by other Banner-tailed Kangaroo Rats. Foot-drumming on top of the mounds is used as a warning signal. <br\/>Like other kangaroo rats, it sandbathes, both to clean its fur and to scent-mark its territory. The white tip on <br\/>the end of its long tail waves as the animal moves around, giving this Kangaroo Rat both its common name, Banner-tailed, <br\/>and its Latin scientific name, \u0022\u0022spectabilis,\u0022\u0022 which means visible, worth seeing, notable, admirable, or <br\/>remarkable.\u0022<br><br>Links:<br><A href=\u0022http:\/\/www.bucknell.edu\/msw3\/\u0022 target=\u0022_blank\u0022>Mammal Species <br\/>of the World<\/A><br><A href=\u0022http:\/\/www.science.smith.edu\/departments\/Biology\/VHAYSSEN\/msi\/pdf\/i0076-3519-311-01-0001.pdf\u0022 <br\/>target=\u0022_blank\u0022>Click here for The American Society of Mammalogists species account<\/A> "},"flathierarchy":null,"preferredCommonNames":{"vernacularName":"banner-tailed kangaroo rat","language":"en","eol_preferred":true},"commonNames":[{"vernacularName":"banner-tailed kangaroo rat","language":"en","eol_preferred":true},{"vernacularName":"Phillips's kangaroo rat","language":"en"},{"vernacularName":"rata canguro cola de bandera","language":"es","eol_preferred":true},{"vernacularName":"Rata-canguro cola de bandera","language":"es"}],"image":{"objectId":"df8ebb76cc148e93e2b883fe68362922","identifier":"df8ebb76cc148e93e2b883fe68362922","title":"Banner-tailed kangaroo rat","licence":"http:\/\/creativecommons.org\/licenses\/by-nc-sa\/2.0\/","rights":null,"credits":"<a href='http:\/\/www.flickr.com\/photos\/60506711@N03'>ajedelman<\/a>&copy; ","description":null,"mimeType":"jpg","fileName":"df8ebb76cc148e93e2b883fe68362922.jpg","URL":"http:\/\/media.eol.org\/content\/2011\/11\/01\/17\/91092_orig.jpg"},"iucnStatus":""},"48273295":{"collectionid":24556,"pageid":1064652,"taxonConceptId":48273295,"taxonName":"Gordionus violaceus (Baird 1853)","textDesc":"","flathierarchy":null,"preferredCommonNames":false,"commonNames":[],"image":{"objectId":"efc54b019be92fb45beeb9717d6cbdff","identifier":"efc54b019be92fb45beeb9717d6cbdff","title":"efc54b019be92fb45beeb9717d6cbdff","licence":"http:\/\/creativecommons.org\/licenses\/by-nc-sa\/3.0\/","rights":null,"credits":"&copy; BioImages","description":null,"mimeType":"jpg","fileName":"efc54b019be92fb45beeb9717d6cbdff.jpg","URL":"http:\/\/media.eol.org\/content\/2010\/11\/27\/07\/20397_orig.jpg"},"iucnStatus":""},"48162453":{"collectionid":24556,"pageid":1045979,"taxonConceptId":48162453,"taxonName":"Caprimulgus vociferus","textDesc":{"objectId":"5ebf1ab3188b848f6b661d5a84df8307","identifier":"5ebf1ab3188b848f6b661d5a84df8307","title":"Caprimulgus vociferus","licence":"http:\/\/creativecommons.org\/licenses\/by-nc-sa\/3.0\/","rights":"Some rights reserved","credits":"&copy; Unknown","description":"<p>Named for its onomatopoeic nighttime song, the Eastern Whip-poor-will is far more likely to be heard than <br\/>seen. This nightjar is mottled brown overall with a white throat and large eyes. If seen, the Eastern Whip-poor-will <br\/>may be separated from other nightjars by its size (9 \u00bd inches) and striking white tail patches. Males and females <br\/>are similar to one another in all seasons. The Eastern Whip-poor-will breeds in the northeastern United States <br\/>and southern Canada, from Nova Scotia south to Georgia and from the Mid-Atlantic west to central Nebraska and <br\/>Saskatchewan. In winter, this species may be found along the coast from South Carolina to Texas, as well as in Mexico, <br\/>Central America, and the West Indies. A group of Whip-poor-wills breeding in Arizona and New Mexico and wintering <br\/>in central Mexico was recently discovered to be a separate species, the Western Whip-poor-will (Caprimulgus <br\/>arizonae). In summer, the Eastern Whip-poor-will breeds in deciduous or mixed deciduous and evergreen woodland, <br\/>where they nest on the ground and roost pressed close to low branches. In winter, this species may be in similar <br\/>habitats as in summer as well as in tropical forests and scrub habitats. The Eastern Whip-poor-will mainly eats <br\/>flying insects. Due to its coloration and densely vegetated habitat, the Eastern Whip-poor-will is difficult <br\/>to see during the day. Often, birdwatchers discover Eastern Whip-poor-wills on their nests by almost tripping <br\/>over them while walking through the woods. Eastern Whip-poor-wills are more easily observed feeding at dusk, <br\/>when they may be seen flying after insects and scooping them up with their beaks. This species is primarily active <br\/>at dusk or dawn, but may also forage in the afternoon or late at night.<\/p><p><a href='http:\/\/www.iucnredlist.org\/apps\/redlist\/details\/160032692\/0'>Threat <br\/>Status: Least concern<\/a><\/p> "},"flathierarchy":null,"preferredCommonNames":{"vernacularName":"Whip-poor-will","language":"en","eol_preferred":true},"commonNames":[{"vernacularName":"Chotacabras grit\u00f3n","language":"","eol_preferred":true},{"vernacularName":"Pucuyo grit\u00f3n","language":"","eol_preferred":true},{"vernacularName":"lelek k\u0159iklav\u00fd","language":"cs","eol_preferred":true},{"vernacularName":"Nordamerikansk Natravn","language":"da","eol_preferred":true},{"vernacularName":"Whip-poor-will","language":"de","eol_preferred":true},{"vernacularName":"Schwarzkehl-Nachtschwalbe","language":"de"},{"vernacularName":"Whip-poor-will","language":"en","eol_preferred":true},{"vernacularName":"Arizona whip-poor-will","language":"en"},{"vernacularName":"Eastern Whip-poor-will","language":"en"},{"vernacularName":"Northern Whip-poor-will","language":"en"},{"vernacularName":"Stephen's whip-poor-will","language":"en"},{"vernacularName":"Stephens' whip-poor-will","language":"en"},{"vernacularName":"Whip Poor Will","language":"en"},{"vernacularName":"Whip-poor-will (Eastern)","language":"en"},{"vernacularName":"Whippoorwill","language":"en"},{"vernacularName":"Caprimulgus vociferus","language":"es","eol_preferred":true},{"vernacularName":"Chotacabra Cuerprihuiu","language":"es"},{"vernacularName":"Guabairo Chico","language":"es"},{"vernacularName":"Tapacamino cuerporru\u00ccn-norte\u00f1o","language":"es"},{"vernacularName":"Tapacamino cuerporru\u00edn-norte\u00f1o","language":"es"},{"vernacularName":"Tapacaminos Cuerprihuiu","language":"es"},{"vernacularName":"tapacamino cuerporru\u00edn norte\u00f1o","language":"es"},{"vernacularName":"tamme-\u00f6\u00f6sorr","language":"et","eol_preferred":true},{"vernacularName":"Amerikankehr\u00e4\u00e4j\u00e4","language":"fi","eol_preferred":true},{"vernacularName":"engoulevent bois-pourri","language":"fr","eol_preferred":true},{"vernacularName":"Engoulevent bois-pourri (de l'Est)","language":"fr"},{"vernacularName":"Engoulevent bois-pourri (forme de l'Est)","language":"fr"},{"vernacularName":"Succiacapre vocifero","language":"it","eol_preferred":true},{"vernacularName":"\u30db\u30a4\u30c3\u30d7\u30a2\u30a2\u30a6\u30a4\u30eb\u30e8\u30bf\u30ab","language":"ja","eol_preferred":true},{"vernacularName":"hoippua-wiruyotaka","language":"ja"},{"vernacularName":"\u30db\u30a4\u30c3\u30d7\u30a2\u30fc\u30a6\u30a3\u30eb\u30e8\u30bf\u30ab","language":"ja"},{"vernacularName":"Whip-poorwill","language":"nl","eol_preferred":true},{"vernacularName":"Eikenattravn","language":"no","eol_preferred":true},{"vernacularName":"Lelek krzykliwy","language":"pl","eol_preferred":true},{"vernacularName":"\u0416\u0430\u043b\u043e\u0431\u043d\u044b\u0439 \u043a\u043e\u0437\u043e\u0434\u043e\u0439","language":"ru","eol_preferred":true},{"vernacularName":"Lelek hlasn\u00fd","language":"sk","eol_preferred":true},{"vernacularName":"Skriknattsk\u00e4rra","language":"sv","eol_preferred":true}],"image":{"objectId":"88835199d9b1979c6478f375f54dcd9e","identifier":"88835199d9b1979c6478f375f54dcd9e","title":"Caprimulgus vociferus","licence":"http:\/\/creativecommons.org\/licenses\/by-nc-sa\/3.0\/","rights":"Copyright Phil Myers","credits":"Phil Myers, Museum of Zoology, University of Michigan&copy; Phil Myers","description":null,"mimeType":"jpg","fileName":"88835199d9b1979c6478f375f54dcd9e.jpg","URL":"http:\/\/media.eol.org\/content\/2012\/05\/08\/06\/88358_orig.jpg"},"iucnStatus":""},"47931723":{"collectionid":24556,"pageid":507024,"taxonConceptId":47931723,"taxonName":"Mimas tiliae","textDesc":{"objectId":"6a1771fded9d1d2380fb16a4727d38e5","identifier":"6a1771fded9d1d2380fb16a4727d38e5","title":"Associations","licence":"http:\/\/creativecommons.org\/licenses\/by-nc-sa\/3.0\/","rights":null,"credits":"&copy; BioImages","description":"Animal \/ parasitoid \/ endoparasitoid<br>larva of <i>Pales pavida<\/i> is endoparasitoid of larva of <i>Mimas <br\/>tiliae<\/i><br><br> "},"flathierarchy":null,"preferredCommonNames":{"vernacularName":"Lime Hawk-moth","language":"en","eol_preferred":true},"commonNames":[{"vernacularName":"Lime Hawk-moth","language":"en","eol_preferred":true},{"vernacularName":"lindepijlstaart","language":"nl","eol_preferred":true}],"image":{"objectId":"6d0e595ddb3ddc4ac69b026a1fceb9a9","identifier":"6d0e595ddb3ddc4ac69b026a1fceb9a9","title":"6d0e595ddb3ddc4ac69b026a1fceb9a9","licence":"http:\/\/creativecommons.org\/licenses\/by-nc\/3.0\/","rights":null,"credits":"&copy; ","description":null,"mimeType":"jpg","fileName":"6d0e595ddb3ddc4ac69b026a1fceb9a9.jpg","URL":"http:\/\/media.eol.org\/content\/2012\/05\/23\/18\/90615_orig.jpg"},"iucnStatus":""},"48083260":{"collectionid":24556,"pageid":128391,"taxonConceptId":48083260,"taxonName":"Armadillidium quadrifrons Stoller, 1902","textDesc":"","flathierarchy":null,"preferredCommonNames":false,"commonNames":[],"image":{"objectId":"5086e03b6f1fffd32b881159d8c4ed07","identifier":"5086e03b6f1fffd32b881159d8c4ed07","title":"IZ CRT 236538 Armadillidium quadrifrons dorsal at 6x photo","licence":"http:\/\/creativecommons.org\/licenses\/by-nc-sa\/3.0\/","rights":"This image was obtained from the Smithsonian Institution. Unless otherwise noted, this image or its contents may be protected by international copyright laws.","credits":"&copy; Smithsonian Institution, National Museum of Natural History, Department of Invertebrate Zoology","description":null,"mimeType":"jpg","fileName":"5086e03b6f1fffd32b881159d8c4ed07.jpg","URL":"http:\/\/media.eol.org\/content\/2010\/05\/15\/09\/31262_orig.jpg"},"iucnStatus":""},"48139142":{"collectionid":24556,"pageid":1055385,"taxonConceptId":48139142,"taxonName":"Saltuarius swaini","textDesc":"","flathierarchy":null,"preferredCommonNames":{"vernacularName":"Southern Leaf-tailed Gecko","language":"en","eol_preferred":true},"commonNames":[{"vernacularName":"Southern Leaf-tailed Gecko","language":"en","eol_preferred":true},{"vernacularName":"Leaf-tailed Gecko","language":"en"}],"image":"","iucnStatus":""},"48176072":{"collectionid":24556,"pageid":338529,"taxonConceptId":48176072,"taxonName":"Abalistes filamentosus Matsuura & Yoshino, 2004","textDesc":"","flathierarchy":null,"preferredCommonNames":false,"commonNames":[],"image":{"objectId":"606e0abc47ed0047752efb629b5085da","identifier":"606e0abc47ed0047752efb629b5085da","title":"606e0abc47ed0047752efb629b5085da","licence":"http:\/\/creativecommons.org\/licenses\/by-nc\/3.0\/","rights":"This work is licensed under a Creative Commons Attribution-Noncommercial 3.0 Unported License. Image can be freely copied and altered but may be used only for non-commercial purposes. Original author and source must be properly acknowledged","credits":"<a href='http:\/\/www.fishbase.us\/collaborators\/CollaboratorSummary.php?id=1984'>Prof. Jean-Lou Justine<\/a>&copy; Justine, J.-L.","description":null,"mimeType":"jpg","fileName":"606e0abc47ed0047752efb629b5085da.jpg","URL":"http:\/\/media.eol.org\/content\/2011\/10\/10\/11\/52559_orig.jpg"},"iucnStatus":""},"48221492":{"collectionid":24556,"pageid":393178,"taxonConceptId":48221492,"taxonName":"Priapulus caudatus","textDesc":{"objectId":"2072a44328756f6677eb8b85937d0994","identifier":"2072a44328756f6677eb8b85937d0994","title":"Distribution","licence":"http:\/\/creativecommons.org\/licenses\/by\/3.0\/","rights":null,"credits":"&copy; WoRMS for SMEBD","description":"Arctic Ocean, Baltic sea, Barents Sea, Bliss Harbour, Canadian part of the Arctic Ocean, Cobscook Bay, Danish <br\/>Exclusive Economic Zone, Dunkerque, English Channel, European waters (ERMS scope), Greenlandic Exclusive <br\/>Economic Zone, Gulf of Maine, Gulf of St. Lawrence, Irish Exclusive economic Zone, Isle of Man, Isle of Wight, <br\/>Jail Island, Lime Kiln Bay, North East Atlantic, North West Atlantic, Portugese Exclusive Economic Zone, Scandinavia, <br\/>Spanish Exclusive Economic Zone, Spitsbergen, St. Lawrence Estuary, United Kingdom Exclusive Economic Zone, <br\/>White Sea, Wimereux "},"flathierarchy":null,"preferredCommonNames":{"vernacularName":"catus worm","language":"en","eol_preferred":true},"commonNames":[{"vernacularName":"Frynsehalet p\u00f8lseorm","language":"da","eol_preferred":true},{"vernacularName":"catus worm","language":"en","eol_preferred":true},{"vernacularName":"frynsep\u00f8lseorm","language":"nb","eol_preferred":true},{"vernacularName":"frynsep\u00f8lseorm","language":"nn","eol_preferred":true}],"image":{"objectId":"52789c5cb0287d45d5a5d8b4f1b13e58","identifier":"52789c5cb0287d45d5a5d8b4f1b13e58","title":"Priapulus caudatus","licence":"http:\/\/creativecommons.org\/licenses\/by-nc-sa\/3.0\/","rights":null,"credits":"&copy; WoRMS for SMEBD","description":null,"mimeType":"jpg","fileName":"52789c5cb0287d45d5a5d8b4f1b13e58.jpg","URL":"http:\/\/media.eol.org\/content\/2010\/12\/04\/08\/66939_orig.jpg"},"iucnStatus":""},"48128642":{"collectionid":24556,"pageid":311573,"taxonConceptId":48128642,"taxonName":"Peromyscus maniculatus (Wagner, 1845)","textDesc":{"objectId":"d7957b34699c0e7cf365b69921fb25ac","identifier":"d7957b34699c0e7cf365b69921fb25ac","title":"Description","licence":"http:\/\/creativecommons.org\/licenses\/by\/3.0\/","rights":null,"credits":"&copy; Smithsonian Institution","description":"Deermice rarely leave their homes during the day, but feed opportunistically at night on whatever is available: <br\/>seeds, nuts, fruit, berries, insects and other animal matter, and whatever they find tasty in houses. Deermice <br\/>have the most extensive range of any North American rodent, and are found in almost every kind of habitat. They <br\/>climb easily, tunnel through snow or scurry about on its surface, and find shelter everywhere from mattresses <br\/>to tree cavities to burrows in the ground. Populations fluctuate in cycles of three to five years, sometimes correlated <br\/>with the amount of food available. The Deermouse is important as a laboratory animal, and can be a factor in the <br\/>spread of some human diseases, including hantavirus, plague, and Lyme disease.<br><br>Links:<br><A href=\u0022http:\/\/www.bucknell.edu\/msw3\/\u0022 <br\/>target=\u0022_blank\u0022>Mammal Species of the World<\/A><br> "},"flathierarchy":null,"preferredCommonNames":{"vernacularName":"deer mouse","language":"en","eol_preferred":true},"commonNames":[{"vernacularName":"deer mouse","language":"en","eol_preferred":true},{"vernacularName":"North american deermouse","language":"en"},{"vernacularName":"Rat\u00f3n norteamericano","language":"es","eol_preferred":true},{"vernacularName":"Peromyscus maniculatus","language":"fr","eol_preferred":true},{"vernacularName":"souris sylvestre","language":"fr"}],"image":{"objectId":"83b0fbcae72cab228bb7ef227ae3e25b","identifier":"83b0fbcae72cab228bb7ef227ae3e25b","title":"83b0fbcae72cab228bb7ef227ae3e25b","licence":"http:\/\/creativecommons.org\/licenses\/by-nc-sa\/3.0\/","rights":"To support the Manzanita Project, please notify Manzanita@calacademy.org of any use of this image under the Creative Common License. High res images are also available upon request.","credits":"<a href='http:\/\/calphotos.berkeley.edu\/cgi\/photographer_query?where-name_full=Glenn+and+Martha+Vargas&one=T'>Glenn and Martha Vargas<\/a>&copy; 2002 California Academy of Sciences","description":null,"mimeType":"jpg","fileName":"83b0fbcae72cab228bb7ef227ae3e25b.jpg","URL":"http:\/\/media.eol.org\/content\/2011\/08\/04\/15\/26856_orig.jpg"},"iucnStatus":""},"48133145":{"collectionid":24556,"pageid":328575,"taxonConceptId":48133145,"taxonName":"Megaptera novaeangliae","textDesc":{"objectId":"912bc451c5abfb5b85932f9e14472e97","identifier":"912bc451c5abfb5b85932f9e14472e97","title":"Description","licence":"http:\/\/creativecommons.org\/licenses\/by-nc-sa\/3.0\/","rights":"Copyright Wildscreen 2003-2008","credits":"&copy; Wildscreen","description":"The magnificent humpback whale is renowned for its impressive leaping displays and for the mysterious 'singing' <br\/>of solitary males. The robust body is blue-black in colour, with pale or white undersides (6). The flippers may <br\/>also be white and are the largest appendage of any animal; reaching up to five metres in length (2). On the underside <br\/>of the mouth are 12 to 36 throat grooves, which can expand when filtering water during feeding (3). Humpbacks have <br\/>characteristically knobbly heads, covered in many raised lumps ('tubercles') and barnacles (6) (7). There <br\/>are two blowholes on the back and the spout of water can appear very bushy (6). The spreading tail flukes have a distinct <br\/>indentation in the middle (8); as the whale undertakes a deep dive it usually arches its back (hence the common <br\/>name) so that the tail flukes are raised above the water and clearly visible (7). The pattern on the underside of <br\/>the flukes is unique and can be used to photo-identify and track individuals (3). "},"flathierarchy":null,"preferredCommonNames":{"vernacularName":"Humpback whale","language":"en","eol_preferred":true},"commonNames":[{"vernacularName":"Aliamak","language":"","eol_preferred":true},{"vernacularName":"Aliomach","language":"","eol_preferred":true},{"vernacularName":"Humback Whale","language":"","eol_preferred":true},{"vernacularName":"Kaipokak","language":"","eol_preferred":true},{"vernacularName":"Kaipoket uiiut","language":"","eol_preferred":true},{"vernacularName":"kaipokak uiiut","language":"","eol_preferred":true},{"vernacularName":"Aliama","language":""},{"vernacularName":"Alkhiamak","language":""},{"vernacularName":"Allamak","language":""},{"vernacularName":"Khi-tkhukkh","language":""},{"vernacularName":"aghvesiiq","language":""},{"vernacularName":"alkhiamak (Commander Islands)","language":""},{"vernacularName":"Keporkak","language":"cs","eol_preferred":true},{"vernacularName":"Keporkak dlouhoplautvy\u2019","language":"cs"},{"vernacularName":"hrboun dlouhoploutv\u00fd","language":"cs"},{"vernacularName":"keporkak dlouhoplautv\u00fd","language":"cs"},{"vernacularName":"keporkak dlouhoploutv\u00fd","language":"cs"},{"vernacularName":"plejtv\u00e1k dlouhoploutv\u00fd","language":"cs"},{"vernacularName":"plejtv\u00e1k keporkak","language":"cs"},{"vernacularName":"velryba keporkak","language":"cs"},{"vernacularName":"morfil cefngrwm","language":"cy","eol_preferred":true},{"vernacularName":"Pukkelhval","language":"da","eol_preferred":true},{"vernacularName":"Buckelhval","language":"da"},{"vernacularName":"Stubhval","language":"da"},{"vernacularName":"Buckelwal","language":"de","eol_preferred":true},{"vernacularName":"Knurrwal","language":"de"},{"vernacularName":"Pflockfisch","language":"de"},{"vernacularName":"\u039c\u03b5\u03b3\u03ac\u03c0\u03c4\u03b5\u03c1\u03b7 \u03c6\u03ac\u03bb\u03b1\u03b9\u03bd\u03b1","language":"el","eol_preferred":true},{"vernacularName":"\u039c\u03b5\u03b3\u03ac\u03c0\u03c4\u03b5\u03c1\u03b7","language":"el"},{"vernacularName":"Humpback whale","language":"en","eol_preferred":true},{"vernacularName":"Bunch","language":"en"},{"vernacularName":"Bunch whale","language":"en"},{"vernacularName":"Hump whale","language":"en"},{"vernacularName":"Hump-back","language":"en"},{"vernacularName":"Humpbacked whale","language":"en"},{"vernacularName":"Hunchbacked whale","language":"en"},{"vernacularName":"hump","language":"en"},{"vernacularName":"hunch","language":"en"},{"vernacularName":"hunchback whale","language":"en"},{"vernacularName":"Yubarta","language":"es","eol_preferred":true},{"vernacularName":"Ballena jorobada","language":"es"},{"vernacularName":"Gubarte","language":"es"},{"vernacularName":"Jorobada","language":"es"},{"vernacularName":"Rorcual jorobado","language":"es"},{"vernacularName":"gubarta","language":"es"},{"vernacularName":"jibarte","language":"es"},{"vernacularName":"rorqual jorobado","language":"es"},{"vernacularName":"Baleine \u00e0 bosse","language":"fr","eol_preferred":true},{"vernacularName":"Baleine tampon","language":"fr"},{"vernacularName":"Baleine \u00e0 taquet","language":"fr"},{"vernacularName":"Baleine \u00e1 bosse","language":"fr"},{"vernacularName":"Baleine \u00e1 taquet","language":"fr"},{"vernacularName":"Jubarte","language":"fr"},{"vernacularName":"M\u00e9gapt\u00e8re","language":"fr"},{"vernacularName":"Rorqual du Cap","language":"fr"},{"vernacularName":"Rorqual noueux","language":"fr"},{"vernacularName":"m\u00e9gaptere","language":"fr"},{"vernacularName":"rorqual \u00e0 bosse","language":"fr"},{"vernacularName":"Hrafneydar","language":"is","eol_preferred":true},{"vernacularName":"Megatteera","language":"it","eol_preferred":true},{"vernacularName":"Balena gobba","language":"it"},{"vernacularName":"Balenottera gobba","language":"it"},{"vernacularName":"Megattera","language":"it"},{"vernacularName":"Zatokuzira","language":"ja","eol_preferred":true},{"vernacularName":"Zat\u00f5 kujira","language":"ja"},{"vernacularName":"zato kujira","language":"ja"},{"vernacularName":"Keporkak","language":"kl","eol_preferred":true},{"vernacularName":"hog-deung-gorae","language":"ko","eol_preferred":true},{"vernacularName":"Kuprotasis banginis","language":"lt","eol_preferred":true},{"vernacularName":"Valzius","language":"lv","eol_preferred":true},{"vernacularName":"Kn\u00edlhaval","language":"nb","eol_preferred":true},{"vernacularName":"Kn\u00f8lhval","language":"nb"},{"vernacularName":"Bultrug","language":"nl","eol_preferred":true},{"vernacularName":"Langarmvinwisch","language":"nl"},{"vernacularName":"Penvisch","language":"nl"},{"vernacularName":"langarmvinvisch","language":"nl"},{"vernacularName":"pennvisch","language":"nl"},{"vernacularName":"kn\u00f8lkval","language":"nn","eol_preferred":true},{"vernacularName":"Kn\u00f8lhval","language":"no","eol_preferred":true},{"vernacularName":"Kn\u00f6lhval","language":"no"},{"vernacularName":"Trold-hval","language":"no"},{"vernacularName":"d\u0142ugop\u0142etwiec","language":"pl","eol_preferred":true},{"vernacularName":"Pletwal","language":"pl"},{"vernacularName":"baleia jubarte","language":"pt","eol_preferred":true},{"vernacularName":"Baleia de bossas","language":"pt"},{"vernacularName":"Jubarte","language":"pt"},{"vernacularName":"Gorbach","language":"ru","eol_preferred":true},{"vernacularName":"Dlinnorukii polosatik","language":"ru"},{"vernacularName":"Gorbatyi kit","language":"ru"},{"vernacularName":"Veselyi kit","language":"ru"},{"vernacularName":"dlinnorukyi polosatik","language":"ru"},{"vernacularName":"\u0433\u043e\u0440\u0431\u0430\u0442\u044b\u0439 \u043a\u0438\u0442","language":"ru"},{"vernacularName":"Kit grbavec","language":"sl","eol_preferred":true},{"vernacularName":"Puckelval","language":"sv","eol_preferred":true},{"vernacularName":"Hnufubakur","language":"sv"},{"vernacularName":"Kn\u00f6lval","language":"sv"},{"vernacularName":"hnunfurbakur","language":"sv"},{"vernacularName":"Kambur balina","language":"tr","eol_preferred":true},{"vernacularName":"\u041a\u0438\u0442 \u0433\u043e\u0440\u0431\u0430\u0442\u0438\u0439","language":"uk","eol_preferred":true},{"vernacularName":"\u0413\u043e\u0440\u0431\u0430\u043d\u044c","language":"uk"},{"vernacularName":"\u0413\u043e\u0440\u0431\u0430\u0442\u0438\u0439 \u043a\u0438\u0442","language":"uk"},{"vernacularName":"\u0413\u043e\u0440\u0431\u0430\u0447","language":"uk"},{"vernacularName":"\u5ea7\u5934\u9cb8","language":"zh-Hans","eol_preferred":true},{"vernacularName":"\u5927\u7fc5\u9cb8","language":"zh-Hans"},{"vernacularName":"\u5de8\u81c2\u9cb8","language":"zh-Hans"},{"vernacularName":"\u9a7c\u80cc\u9cb8","language":"zh-Hans"}],"image":{"objectId":"593f0f18812e91371ab8b5da506c20f8","identifier":"593f0f18812e91371ab8b5da506c20f8","title":"Humback Whale Ganesh","licence":"http:\/\/creativecommons.org\/licenses\/by-nc-sa\/2.0\/","rights":null,"credits":"<a href='http:\/\/www.flickr.com\/photos\/12978307@N00'>Dmitry Mozzherin<\/a>&copy; ","description":null,"mimeType":"jpg","fileName":"593f0f18812e91371ab8b5da506c20f8.jpg","URL":"http:\/\/media.eol.org\/content\/2012\/10\/26\/02\/74845_orig.jpg"},"iucnStatus":""},"48220164":{"collectionid":24556,"pageid":217211,"taxonConceptId":48220164,"taxonName":"Amblyraja hyperborea","textDesc":{"objectId":"39150fea2d933c815c2c4648efe5c581","identifier":"39150fea2d933c815c2c4648efe5c581","title":"Biology","licence":"http:\/\/creativecommons.org\/licenses\/by-nc\/3.0\/","rights":null,"credits":"&copy; FishBase","description":"Found on the lower continental slope (Ref. 6871).  Benthic (Ref. 58426).  Feed on all kinds of bottom animals (Ref. <br\/>3167).  Prefer polar temperatures from hatching to maturity and eggs are incubated successfully and regularly <br\/>in water as cold as 0\u00b0C (Ref. 6902).  Oviparous.  Distinct pairing with embrace.  Young may tend to follow large <br\/>objects, such as their mother (Ref. 205).  Eggs are oblong capsules with stiff pointed horns at the corners deposited <br\/>in sandy or muddy flats (Ref. 205).  Egg capsule measures 81-125 mm long and 50-80 mm wide (Ref. 41251). "},"flathierarchy":null,"preferredCommonNames":{"vernacularName":"Arctic skate","language":"en","eol_preferred":true},"commonNames":[{"vernacularName":"\u0629\u064a\u0628\u0637\u064f\u0642 \u064a\u0631\u062d\u0628 \u0646\u064a\u0646\u0641\u0650\u0634","language":"ar","eol_preferred":true},{"vernacularName":"\u6781\u5317\u9cd0","language":"cnm","eol_preferred":true},{"vernacularName":"\u6975\u5317\u9c29","language":"cnm"},{"vernacularName":"Arktisk rokke","language":"da","eol_preferred":true},{"vernacularName":"Arktischer Rochen","language":"de","eol_preferred":true},{"vernacularName":"Arctic skate","language":"en","eol_preferred":true},{"vernacularName":"Blackbelly skate","language":"en"},{"vernacularName":"Boreal skate","language":"en"},{"vernacularName":"Darkbelly skate","language":"en"},{"vernacularName":"Northern skate","language":"en"},{"vernacularName":"artic skate","language":"en"},{"vernacularName":"Raya \u00e1rtica","language":"es","eol_preferred":true},{"vernacularName":"L\u00f3gvask\u00f8ta","language":"fo","eol_preferred":true},{"vernacularName":"Ishavssk\u00f8ta","language":"fo"},{"vernacularName":"\u00cdshavssk\u00f8ta","language":"fo"},{"vernacularName":"Eisrochen","language":"fr","eol_preferred":true},{"vernacularName":"Raie arctique","language":"fr"},{"vernacularName":"Raie bor\u00e9ale","language":"fr"},{"vernacularName":"Skj\u00f3tta skata","language":"is","eol_preferred":true},{"vernacularName":"\u0161iaurin\u0117 raja","language":"lt","eol_preferred":true},{"vernacularName":"Isskate","language":"nb","eol_preferred":true},{"vernacularName":"Arctische rog","language":"nl","eol_preferred":true},{"vernacularName":"Isskate","language":"nn","eol_preferred":true},{"vernacularName":"Isskate","language":"no","eol_preferred":true},{"vernacularName":"raja arktyczna","language":"pl","eol_preferred":true},{"vernacularName":"Raja polarna","language":"pl"},{"vernacularName":"Isrocka","language":"sv","eol_preferred":true}],"image":{"objectId":"c054ca075f0c0f1f240145fb39cdead6","identifier":"c054ca075f0c0f1f240145fb39cdead6","title":"c054ca075f0c0f1f240145fb39cdead6","licence":"http:\/\/creativecommons.org\/licenses\/by-nc-sa\/3.0\/","rights":"SERPENT","credits":"&copy; SERPENT Media Archive Project","description":null,"mimeType":"jpg","fileName":"c054ca075f0c0f1f240145fb39cdead6.jpg","URL":"http:\/\/media.eol.org\/content\/2010\/09\/10\/19\/56371_orig.jpg"},"iucnStatus":""},"47622777":{"collectionid":24556,"pageid":240389,"taxonConceptId":47622777,"taxonName":"Pterodictya reticularis","textDesc":"","flathierarchy":null,"preferredCommonNames":false,"commonNames":[],"image":{"objectId":"125392f6a109f27ebb0930fd76d358c2","identifier":"125392f6a109f27ebb0930fd76d358c2","title":"125392f6a109f27ebb0930fd76d358c2","licence":"http:\/\/creativecommons.org\/licenses\/by-nc-sa\/3.0\/","rights":null,"credits":"Carolina Godoy&copy; Instituto Nacional de Biodiversidad - INBio, Costa Rica.","description":null,"mimeType":"jpg","fileName":"125392f6a109f27ebb0930fd76d358c2.jpg","URL":"http:\/\/media.eol.org\/content\/2011\/08\/18\/07\/27675_orig.jpg"},"iucnStatus":""},"48117458":{"collectionid":24556,"pageid":1041309,"taxonConceptId":48117458,"taxonName":"Lepidurus packardi","textDesc":{"objectId":"592b7776e783a0bf9830999ca1387197","identifier":"592b7776e783a0bf9830999ca1387197","title":"Geographic Range","licence":"http:\/\/creativecommons.org\/licenses\/by-nc-sa\/3.0\/","rights":"\u00a91995-2012, The Regents of the University of Michigan and its licensors","credits":"&copy; The Regents of the University of Michigan and its licensors","description":"<p>Vernal pool tadpole shrimp (<span class=\u0022taxon-name\u0022>Lepidurus packardi<\/span>) are endemic to the California <br\/>Central Valley, with the majority of individuals found in the Sacramento Valley. They have also been found in <br\/>areas east of the San Francisco Bay to the Sacramento River Delta and in a few scattered locations in the San Joaquin <br\/>Valley. <\/p><p><strong>Biogeographic Regions: <\/strong> nearctic  (Native )<\/p> "},"flathierarchy":null,"preferredCommonNames":{"vernacularName":"vernal pool tadpole shrimp","language":"en","eol_preferred":true},"commonNames":[{"vernacularName":"vernal pool tadpole shrimp","language":"en","eol_preferred":true}],"image":{"objectId":"9f1a611ca8e31380aeb892dbbe26b428","identifier":"9f1a611ca8e31380aeb892dbbe26b428","title":"9f1a611ca8e31380aeb892dbbe26b428","licence":"http:\/\/creativecommons.org\/licenses\/by-nc\/3.0\/","rights":null,"credits":"<a href='http:\/\/calphotos.berkeley.edu\/cgi\/photographer_query?where-name_full=Aviva+Rossi&one=T'>Aviva Rossi<\/a>&copy; 2012 Aviva Rossi","description":null,"mimeType":"jpg","fileName":"9f1a611ca8e31380aeb892dbbe26b428.jpg","URL":"http:\/\/media.eol.org\/content\/2012\/04\/15\/04\/18326_orig.jpg"},"iucnStatus":""},"48176339":{"collectionid":24556,"pageid":204522,"taxonConceptId":48176339,"taxonName":"Corythoichthys flavofasciatus (R\u00fcppell, 1838)","textDesc":{"objectId":"0357bbc9a9efa2391ea022b9946072fe","identifier":"0357bbc9a9efa2391ea022b9946072fe","title":"Biology","licence":"http:\/\/creativecommons.org\/licenses\/by-nc\/3.0\/","rights":null,"credits":"&copy; FishBase","description":"Found among algal-matted rock and living corals of lagoon and seaward reefs from the low tide line to a depth of <br\/>25 m or more.  Ovoviviparous (Ref. 205).  The male carries the eggs in a brood pouch which is found under the tail (Ref. <br\/>205). "},"flathierarchy":null,"preferredCommonNames":{"vernacularName":"Yellowbanded pipefish","language":"en","eol_preferred":true},"commonNames":[{"vernacularName":"Masas ramli","language":"ar","eol_preferred":true},{"vernacularName":"\u5e26\u7eb9\u51a0\u6d77\u9f99","language":"cnm","eol_preferred":true},{"vernacularName":"\u5e36\u7d0b\u51a0\u6d77\u9f8d","language":"cnm"},{"vernacularName":"\u9ec3\u5e36\u51a0\u6d77\u9f8d","language":"cnm"},{"vernacularName":"\u9ec3\u5e36\u6d77\u9f8d","language":"cnm"},{"vernacularName":"\u9ec4\u5e26\u51a0\u6d77\u9f99","language":"cnm"},{"vernacularName":"\u9ec4\u5e26\u6d77\u9f99","language":"cnm"},{"vernacularName":"Netz-Seenadel","language":"de","eol_preferred":true},{"vernacularName":"Yellowbanded pipefish","language":"en","eol_preferred":true},{"vernacularName":"Network pipefish","language":"en"},{"vernacularName":"Reticulate pipefish","language":"en"},{"vernacularName":"Reticulated pipefish","language":"en"},{"vernacularName":"banded pipefish","language":"en"},{"vernacularName":"Verkkoneula","language":"fi","eol_preferred":true},{"vernacularName":"ose ni waitui","language":"fj","eol_preferred":true},{"vernacularName":"Syngnathe \u00e0 traits jaunes","language":"fr","eol_preferred":true},{"vernacularName":"Kishima-ishi-y\u00f4ji","language":"ja","eol_preferred":true},{"vernacularName":"Hilitasi-tasi","language":"mh","eol_preferred":true},{"vernacularName":"Dagum-dagum","language":"tl","eol_preferred":true},{"vernacularName":"Tia&#39;i pape","language":"ty","eol_preferred":true},{"vernacularName":"Tia'i pape","language":"ty"}],"image":{"objectId":"25b4821d383daa5479bea95823468b10","identifier":"25b4821d383daa5479bea95823468b10","title":"25b4821d383daa5479bea95823468b10","licence":"http:\/\/creativecommons.org\/licenses\/by-nc\/3.0\/","rights":"This work is licensed under a Creative Commons Attribution-Noncommercial 3.0 Unported License. Image can be freely copied and altered but may be used only for non-commercial purposes. Original author and source must be properly acknowledged","credits":"<a href='http:\/\/www.fishbase.us\/collaborators\/CollaboratorSummary.php?id=50'>John E. Randall<\/a>&copy; Randall, J.E.","description":null,"mimeType":"jpg","fileName":"25b4821d383daa5479bea95823468b10.jpg","URL":"http:\/\/media.eol.org\/content\/2009\/05\/19\/23\/62648_orig.jpg"},"iucnStatus":""},"48137066":{"collectionid":24556,"pageid":1055122,"taxonConceptId":48137066,"taxonName":"Saara hardwickii","textDesc":"","flathierarchy":null,"preferredCommonNames":{"vernacularName":"Indian Mastigure","language":"en","eol_preferred":true},"commonNames":[{"vernacularName":"Indian spiny-tailed lizard","language":"","eol_preferred":true},{"vernacularName":"Indischer Dornschwanz","language":"de","eol_preferred":true},{"vernacularName":"Indian Mastigure","language":"en","eol_preferred":true},{"vernacularName":"Hardwick's spiny-tailed lizard","language":"en"},{"vernacularName":"Hardwick's spiny-tailed lizard, Indian spiny-tailed lizard","language":"en"}],"image":{"objectId":"90fc517abce8f8f66a6a3e7bb67bb608","identifier":"90fc517abce8f8f66a6a3e7bb67bb608","title":"Uromastyx nigriventris","licence":"http:\/\/creativecommons.org\/licenses\/by-nc-sa\/3.0\/","rights":null,"credits":"<a href='http:\/\/www.moroccoherps.com\/'>Gabriel Mart\u00ednez del Marmol Mar\u00edn<\/a>&copy; ","description":null,"mimeType":"jpg","fileName":"90fc517abce8f8f66a6a3e7bb67bb608.jpg","URL":"http:\/\/media.eol.org\/content\/2012\/11\/23\/15\/71263_orig.jpg"},"iucnStatus":""},"48134915":{"collectionid":24556,"pageid":317313,"taxonConceptId":48134915,"taxonName":"Hexaprotodon liberiensis","textDesc":{"objectId":"37aeb25bb7992e3d6c2ce8d0bce5efab","identifier":"37aeb25bb7992e3d6c2ce8d0bce5efab","title":"Description","licence":"http:\/\/creativecommons.org\/licenses\/by-nc-sa\/3.0\/","rights":"Copyright Wildscreen 2003-2008","credits":"&copy; Wildscreen","description":"The pygmy hippopotamus shares the barrel-shaped body form of the closely related common hippopotamus (<i>Hippopotamus <br\/>amphibius<\/i>), but is considerably smaller. Other physical differences between the two hippopotamus species <br\/>include the placing of the eyes, which are more towards the side of the head in the pygmy hippopotamus, feet that <br\/>are not as webbed as in the common hippopotamus (2), and the pygmy's sloping smooth, greenish-black back (7). <br\/>The sexes are similar in appearance; as males do not have a scrotum, males and females are very difficult to tell <br\/>apart (7). The name hippopotamus derives from the Greek for 'river horse' (2). Genetic studies have revealed <br\/>that hippopotami share a common ancestor with whales (2), while recent fossil evidence alludes to a close relationship <br\/>between whales and all ungulates (7). "},"flathierarchy":null,"preferredCommonNames":{"vernacularName":"Pygmy hippo","language":"en","eol_preferred":true},"commonNames":[{"vernacularName":"Zwergflusspferd","language":"de","eol_preferred":true},{"vernacularName":"Pygmy hippo","language":"en","eol_preferred":true},{"vernacularName":"Madagascan Pygmy Hippopotamus","language":"en"},{"vernacularName":"Pygmy hippopotamus","language":"en"},{"vernacularName":"Hipop\u00f3tamo pigmeo","language":"es","eol_preferred":true},{"vernacularName":"Hipop\u00f3tamo enano","language":"es"},{"vernacularName":"Hippopotame pygm\u00e9e","language":"fr","eol_preferred":true},{"vernacularName":"Hippopotame nain","language":"fr"},{"vernacularName":"Dwergnijlpaard","language":"nl","eol_preferred":true},{"vernacularName":"Hipop\u00f3tamo-pigmeu","language":"pt","eol_preferred":true}],"image":{"objectId":"730b4ea272908416680999e52da5cead","identifier":"730b4ea272908416680999e52da5cead","title":"Hexaprotodon_liberiensis","licence":"http:\/\/creativecommons.org\/licenses\/by-nc-sa\/2.0\/","rights":null,"credits":"<a href='http:\/\/www.flickr.com\/photos\/86666094@N00'>David Bygott<\/a>&copy; ","description":null,"mimeType":"jpg","fileName":"730b4ea272908416680999e52da5cead.jpg","URL":"http:\/\/media.eol.org\/content\/2012\/10\/03\/00\/64177_orig.jpg"},"iucnStatus":""}}