{"48134567":{"collectionid":29642,"pageid":328680,"taxonConceptId":48134567,"taxonName":"Acinonyx jubatus (Schreber, 1775)","textDesc":{"objectId":"19218b951729c2d54c5f765c4dcf64cc","identifier":"19218b951729c2d54c5f765c4dcf64cc","title":"Description","licence":"http:\/\/creativecommons.org\/licenses\/by-nc-sa\/3.0\/","rights":"Copyright Wildscreen 2003-2008","credits":"&copy; Wildscreen","description":"The fastest land mammal in the world, the cheetah has many adaptations that allow it to sprint across the plains; <br\/>the rangy frame supports long limbs and a deep chest cavity together with a small waist and extremely flexible <br\/>spine (3). Unlike other cats, the claws are not retractable providing further grip on the ground. The large nostrils <br\/>allow greater amounts of air to enter the lungs and the tail is particularly long to provide extra balance when <br\/>cornering (3). The coat is a yellowish colour with black spots (5) and a paler, whitish underbelly (3). Genetic <br\/>colour morphs with large, blotchy markings that can merge into stripes occasionally appear in the population; <br\/>these 'king cheetahs' as they are known were once considered to be a distinct species (6). The small head has high-set <br\/>eyes and small, flattened ears (2) and is instantly recognisable by the black tear lines running from the corners <br\/>of the eyes to the muzzle (3). Cubs have a 'mane' of tufty pale hair on the back of their neck, which sticks upright <br\/>(2). "},"flathierarchy":[{"sourceIdentifier":"6850601","taxonID":48134567,"parentNameUsageID":48134566,"taxonConceptID":328680,"scientificName":"Acinonyx jubatus (Schreber, 1775)","taxonRank":"Species","type":"leaf"}],"preferredCommonNames":{"vernacularName":"cheetah","language":"en","eol_preferred":true},"commonNames":[{"vernacularName":"\u0634\u064a\u062a\u0627","language":"ar","eol_preferred":true},{"vernacularName":"\u0627\u0644\u0641\u0647\u062f \u0627\u0644\u0635\u064a\u0627\u062f","language":"ar"},{"vernacularName":"Gepard","language":"de","eol_preferred":true},{"vernacularName":"cheetah","language":"en","eol_preferred":true},{"vernacularName":"Hunting leopard","language":"en"},{"vernacularName":"Guepardo","language":"es","eol_preferred":true},{"vernacularName":"Chita","language":"es"},{"vernacularName":"Gu\u00e9pard","language":"fr","eol_preferred":true},{"vernacularName":"Jachtluipaard","language":"nl","eol_preferred":true},{"vernacularName":"Cheeta","language":"nl"},{"vernacularName":"Jachtluipaard of cheeta","language":"nl"},{"vernacularName":"\u0413\u0435\u043f\u0430\u0440\u0434","language":"ru","eol_preferred":true},{"vernacularName":"\u0413\u0435\u043f\u0430\u0440\u0434 \u043a\u043e\u0440\u043e\u043b\u0435\u0432\u0441\u043a\u0438\u0439","language":"ru"}],"image":{"objectId":"f9768b38bfb9152e1027464e7d3199c1","identifier":"f9768b38bfb9152e1027464e7d3199c1","title":"File:Acinonyx jubatus walking edit.jpg","licence":"http:\/\/creativecommons.org\/licenses\/by\/3.0\/","rights":null,"credits":"Author's modification of original by Rob Qld on Flickr.&copy; ","description":null,"mimeType":"jpg","fileName":"f9768b38bfb9152e1027464e7d3199c1.jpg","URL":"http:\/\/media.eol.org\/content\/2012\/06\/13\/01\/50891_orig.jpg"}},"48134518":{"collectionid":29642,"pageid":328673,"taxonConceptId":48134518,"taxonName":"Panthera pardus","textDesc":{"objectId":"b90d948056c4012f4222395973b16f49","identifier":"b90d948056c4012f4222395973b16f49","title":"b90d948056c4012f4222395973b16f49","licence":"http:\/\/creativecommons.org\/licenses\/by-nc\/3.0\/","rights":null,"credits":"&copy; ","description":"The Leopard (<i>Panthera pardus<\/i>) has an extremely broad distribution across Africa and South and Southeast <br\/>Asia. Leopards are found throughout Africa where there is sufficient cover and from the Arabian Peninsula through <br\/>Asia to Manchuria and Korea. In the African rainforests and Sri Lanka, the Leopard is the only large predator. <br\/>The black spot seen in the center of each rosette on a Jaguar's coat is typically lacking in Leopards. Melanistic <br\/>Leopards (\u0022black panthers\u0022; melanistic Jaguars may also be referred to by this name) sometimes occur in several <br\/>parts of Africa, but are more common in Thailand, Malaysia, and Java (Indonesia).  <br\/> <br\/>Leopards are found <br\/>in an extraordinary range of habitats. In sub-Saharan Africa, they may be found in any habitats with annual rainfall <br\/>greater than 50 mm, as well as along rivers penetrating true deserts. Leopards in the Kalahari Desert can reportedly <br\/>go 10 days without drinking. In deserts with temperatures reaching 70 C, Leopards can survive by seeking shelter <br\/>during the day in caves, animal burrows, and dense vegetation. In Central and West Africa, Leopards occur in rainforests <br\/>receiving more than 1500 mm annual rainfall. Leopards are common throughout the Indian subcontinent in savannahs, <br\/>acacia grasslands, deciduous and evergreen forests, and scrub woodlands. They may occur to 5200 m elevation <br\/>in the mountains of Pakistan and Kashmir. In Southeast Asia, they occur in dense primary rainforest, among other <br\/>habitats. In the Russian Far East, they may be found in forested mountainous regions where the snow is less than <br\/>15 cm deep. Leopards are capable of persisting in close proximity to humans.  <br\/> <br\/>The diet of the Leopard <br\/>is highly varied, including both large and small prey. It often consists mainly of small and medium-sized mammals <br\/>(5 to 45 kg), but may range from large beetles to ungulates (hoofed mammals) several times their size. Most hunting <br\/>occurs at night. Sunquist and Sunquist (2009) review the diet of Leopards as reported from different portions <br\/>of their range. <br\/> <br\/>Like other felids (i.e., members of the cat family), Leopards commonly kill their <br\/>prey with a bite to the throat, although smaller prey may be dispatched with a bite to the nape or back of the head. <br\/>Large prey items may be dragged up into a tree and cached there, especially in Africa, where carcasses may otherwise <br\/>be taken over by hyenas or lions. In Sri Lanka, where the Leopard is the only large carnivore, Leopards are reportedly <br\/>often seen in open areas during the day.  <br\/> <br\/>In the wild, mating associations last just a day or two. The <br\/>gestation period is around 96 days and young are born at 400 to 600 g. Litter size is typically one to three young <br\/>(usually two, maximum six). Young travel with their mother starting at three to six months (when they weigh around <br\/>three or four kg) and begin to eat meat. Permanent canines are emerged at around seven to eight months and the young <br\/>are typically independent by 12 to 18 months (athough sometimes significantly later). Sexual maturity is reached <br\/>at two to three years of age.  <br\/> <br\/>In some parts of their range, Leopards are endangered, whereas in other <br\/>places they are considered pests.  <br\/> <br\/>(Estes 1991; Sunquist and Sunquist 2009) "},"flathierarchy":[{"sourceIdentifier":"6850597","taxonID":48134518,"parentNameUsageID":48134495,"taxonConceptID":328673,"scientificName":"Panthera pardus (Linnaeus, 1758)","taxonRank":"Species","type":"leaf"}],"preferredCommonNames":{"vernacularName":"leopard","language":"en","eol_preferred":true},"commonNames":[{"vernacularName":"\u0627\u0644\u0646\u0645\u0631","language":"ar","eol_preferred":true},{"vernacularName":"Leopard (Der)","language":"de","eol_preferred":true},{"vernacularName":"leopard","language":"en","eol_preferred":true},{"vernacularName":"North chinese leopard","language":"en"},{"vernacularName":"Panther","language":"en"},{"vernacularName":"Pantera","language":"es","eol_preferred":true},{"vernacularName":"Leopardo","language":"es"},{"vernacularName":"L\u00e9opard (f\u00e9lin)","language":"fr","eol_preferred":true},{"vernacularName":"L\u00e9opard","language":"fr"},{"vernacularName":"Panth\u00e8re","language":"fr"},{"vernacularName":"Panth\u00e8re, l\u00e9opard","language":"fr"},{"vernacularName":"Luipaard","language":"nl","eol_preferred":true},{"vernacularName":"Luipaard of Panter","language":"nl"},{"vernacularName":"\u0431\u0430\u0440\u0441","language":"ru","eol_preferred":true},{"vernacularName":"\u041b\u0435\u043e\u043f\u0430\u0440\u0434","language":"ru"},{"vernacularName":"Bao","language":"zh","eol_preferred":true},{"vernacularName":"Jin-qian-bao","language":"zh"},{"vernacularName":"\u8c79","language":"zh-Hans","eol_preferred":true},{"vernacularName":"\u5370\u5ea6\u8c79","language":"zh-Hans"},{"vernacularName":"\u6587\u8c79","language":"zh-Hans"},{"vernacularName":"\u8c79\u864e","language":"zh-Hans"},{"vernacularName":"\u91d1\u94b1\u8c79","language":"zh-Hans"}],"image":{"objectId":"ab0f5934e4e9a34793f9f9048fcece52","identifier":"ab0f5934e4e9a34793f9f9048fcece52","title":"Leopard Panthera pardus","licence":"http:\/\/creativecommons.org\/licenses\/by-nc-sa\/2.0\/","rights":null,"credits":"<a href='http:\/\/www.flickr.com\/photos\/65695019@N07'>BERNARD<\/a>&copy; ","description":null,"mimeType":"jpg","fileName":"ab0f5934e4e9a34793f9f9048fcece52.jpg","URL":"http:\/\/media.eol.org\/content\/2012\/04\/15\/00\/12867_orig.jpg"}},"48133345":{"collectionid":29642,"pageid":328580,"taxonConceptId":48133345,"taxonName":"Ursus maritimus","textDesc":{"objectId":"69fe6d05e28b3c4d988db446d75ccfd7","identifier":"69fe6d05e28b3c4d988db446d75ccfd7","title":"Description","licence":"http:\/\/creativecommons.org\/licenses\/by\/3.0\/","rights":null,"credits":"&copy; Smithsonian Institution","description":"Polar Bears prey mostly on Ringed Seals. In the spring, the pups are easy prey. They also hunt Bearded and Harp Seals, <br\/>Walruses, Beluga, Narwhals, and sea ducks, and very occasionally eat small amounts of plant matter. They travel <br\/>long distances to stay with pack ice, and fast for long periods of time if food is not available. In Hudson Bay, the <br\/>ice melts by late July and the bears fast until November, when it freezes again. They do not drink water or urinate <br\/>the whole time. Pregnant females, who enter dens to give birth, continue fasting for another four months, living <br\/>only on stored fat for eight months. Cubs are born in December, and are ready to follow their mother out of the den <br\/>and learn to hunt by March or April. They are independent when they are about two-and-a-half years old, at which <br\/>point the female mates again.<br><br>Links:<br><A href=\u0022http:\/\/www.bucknell.edu\/msw3\/\u0022 target=_blank>Mammal <br\/>Species of the World<\/A><br><A href=\u0022http:\/\/www.science.smith.edu\/departments\/Biology\/VHAYSSEN\/msi\/pdf\/i0076-3519-145-01-0001.pdf\u0022 <br\/>target=_blank>Click here for The American Society of Mammalogists species account<\/A><br><A href=\u0022http:\/\/www.arkive.org\/species\/GES\/mammals\/Ursus_maritimus\/\u0022 <br\/>target=_blank border=\u00220\u0022><IMG height=32 alt=\u0022Visit ARKive for more images of the polar bear\u0022 src=\u0022images\/arkive_logo.gif\u0022 <br\/>width=69 border=0>&nbsp;&nbsp;More images, video and sound<\/A> "},"flathierarchy":[{"sourceIdentifier":"6850390","taxonID":48133345,"parentNameUsageID":48133344,"taxonConceptID":328580,"scientificName":"Ursus maritimus Phipps, 1774","taxonRank":"Species","type":"leaf"}],"preferredCommonNames":{"vernacularName":"polar bear","language":"en","eol_preferred":true},"commonNames":[{"vernacularName":"white bear","language":"","eol_preferred":true},{"vernacularName":"\u062f\u0628 \u0642\u0637\u0628\u064a","language":"ar","eol_preferred":true},{"vernacularName":"\u062f\u0628 \u0623\u0628\u064a\u0636","language":"ar"},{"vernacularName":"\u062f\u0628 \u0628\u062d\u0631\u064a","language":"ar"},{"vernacularName":"Polarb\u00e4r","language":"de","eol_preferred":true},{"vernacularName":"Eisb\u00e4r","language":"de"},{"vernacularName":"\u03a0\u03bf\u03bb\u03b9\u03ba\u03ae \u03b1\u03c1\u03ba\u03bf\u03cd\u03b4\u03b1","language":"el","eol_preferred":true},{"vernacularName":"polar bear","language":"en","eol_preferred":true},{"vernacularName":"Oso polar","language":"es","eol_preferred":true},{"vernacularName":"Ours polaire","language":"fr","eol_preferred":true},{"vernacularName":"ours blanc","language":"fr"},{"vernacularName":"Baltasis lokys","language":"lt","eol_preferred":true},{"vernacularName":"Isbj\u00f8rn","language":"nb","eol_preferred":true},{"vernacularName":"Ijsbeer","language":"nl","eol_preferred":true},{"vernacularName":"Isbj\u00f8rn","language":"nn","eol_preferred":true},{"vernacularName":"nied\u017awied\u017a polarny","language":"pl","eol_preferred":true},{"vernacularName":"\u0431\u0435\u043b\u044b\u0439 \u043c\u0435\u0434\u0432\u0435\u0434\u044c","language":"ru","eol_preferred":true},{"vernacularName":"beli medved","language":"sl","eol_preferred":true},{"vernacularName":"Kutup ay\u0131s\u0131","language":"tr","eol_preferred":true},{"vernacularName":"Kutup ayisi","language":"tr"},{"vernacularName":"\u0412\u0435\u0434\u043c\u0456\u0434\u044c \u0431\u0456\u043b\u0438\u0439","language":"uk","eol_preferred":true},{"vernacularName":"\u0411\u0456\u043b\u0438\u0439 \u0432\u0435\u0434\u043c\u0456\u0434\u044c","language":"uk"}],"image":{"objectId":"57fde72bb468eafaf535c20a4984eec2","identifier":"57fde72bb468eafaf535c20a4984eec2","title":"File:Polar Bear ANWR 1.jpg","licence":"http:\/\/creativecommons.org\/licenses\/by-sa\/3.0\/","rights":null,"credits":"Alan D. Wilson&copy; ","description":null,"mimeType":"jpg","fileName":"57fde72bb468eafaf535c20a4984eec2.jpg","URL":"http:\/\/media.eol.org\/content\/2012\/06\/12\/20\/70125_orig.jpg"}},"48134105":{"collectionid":29642,"pageid":311569,"taxonConceptId":48134105,"taxonName":"Crocuta crocuta (Erxleben, 1777)","textDesc":{"objectId":"d613a366a9a111af35d46f634abf6830","identifier":"d613a366a9a111af35d46f634abf6830","title":"Biology","licence":"http:\/\/creativecommons.org\/licenses\/by-nc-sa\/3.0\/","rights":"Copyright Wildscreen 2003-2008","credits":"&copy; Wildscreen","description":"The spotted hyena is well-known for being a scavenger, but it is also an adept hunter, capable of bringing down <br\/>a wildebeest (3).  Spotted hyenas live in clans and frequently hunt in groups, as cooperation can improve their <br\/>hunting success.  However, this often depends on prey availability; in the Ngorongoro Crate, large groups are <br\/>required to kill a zebra, whilst in the southern Kalahari, gemsbok calves are the primary prey, for which a single <br\/>hyena will suffice (2).  Even when moving alone, spotted hyenas keep in touch with other members of their clan with <br\/>whoops, yells and a manic cackle, which gave rise to their name 'laughing hyena' (2).  Spotted hyenas eat with incredible <br\/>speed, consuming everything except horns; a group of hyenas was observed demolishing an adult zebra in just 15 <br\/>minutes (4).&nbsp;Each hyena clan occupies a territory and defends it against neighbouring clans.  Female spotted <br\/>hyenas, which are more aggressive than males (5), are the dominant sex. The clan is structured by a strict hierarchy <br\/>where the highest ranking male is subordinate to the lowest ranking female (2) (4).  The alpha female is the best <br\/>fed in the clan (3).  When around two and a half years of age, males leave the clan they were born in and work their way <br\/>into a new clan, whereas females usually remain with the same clan for life (2) (4).&nbsp;Mature females usually <br\/>give birth to one or two cubs a year, after a gestation period of 110 days (6).  Males play no parental role to the cubs <br\/>(3), which are born in dens with a set of teeth and their eyes already open.  Within minutes of birth they can engage <br\/>in aggressive interactions, which quickly lead to the establishment of a dominance hierarchy, with the dominant <br\/>cub getting to control access to the mother's milk (2).  Sometimes this aggression can lead to the death of the weaker <br\/>cub (4) (7).  The cubs are fed meat at nine months, leave the den at 9 to 12 months, but are not weaned until they are <br\/>12 to 16 months (8). "},"flathierarchy":[{"sourceIdentifier":"6902545","taxonID":48134105,"parentNameUsageID":48134104,"taxonConceptID":311569,"scientificName":"Crocuta crocuta (Erxleben, 1777)","taxonRank":"Species","type":"leaf"}],"preferredCommonNames":{"vernacularName":"Spotted (or Laughing) Hyaena","language":"en","eol_preferred":true},"commonNames":[{"vernacularName":"Spotted (or Laughing) Hyaena","language":"en","eol_preferred":true},{"vernacularName":"Spotted Hyena","language":"en"},{"vernacularName":"Spotted hyaena","language":"en"},{"vernacularName":"Hy\u00e8ne tachet\u00e9e","language":"fr","eol_preferred":true},{"vernacularName":"Gevlekte hyena","language":"nl","eol_preferred":true},{"vernacularName":"\u0413\u0438\u0435\u043d\u0430 \u043f\u044f\u0442\u043d\u0438\u0441\u0442\u0430\u044f","language":"ru","eol_preferred":true}],"image":{"objectId":"c4f2083cb90e87292b8e17d122bc3fe1","identifier":"c4f2083cb90e87292b8e17d122bc3fe1","title":"File:Spotted hyena.jpg","licence":"http:\/\/creativecommons.org\/licenses\/by-sa\/3.0\/","rights":null,"credits":"<a href='http:\/\/en.wikipedia.org\/wiki\/:nl:User:Tram2'>Original uploader was Tram2 at nl.wikipedia&lt;br\/&gt;&nbsp;(Original text : &lt;i&gt;Arjen Mulder&lt;\/i&gt;)<\/a>&copy; ","description":null,"mimeType":"jpg","fileName":"c4f2083cb90e87292b8e17d122bc3fe1.jpg","URL":"http:\/\/media.eol.org\/content\/2012\/06\/15\/04\/64267_orig.jpg"}},"48149213":{"collectionid":29642,"pageid":454963,"taxonConceptId":48149213,"taxonName":"Crocodylus porosus","textDesc":{"objectId":"5bda18d8da1f3e3410bf7c5cb3ef5ce8","identifier":"5bda18d8da1f3e3410bf7c5cb3ef5ce8","title":"Geographic Range","licence":"http:\/\/creativecommons.org\/licenses\/by-nc-sa\/3.0\/","rights":"\u00a91995-2012, The Regents of the University of Michigan and its licensors","credits":"&copy; The Regents of the University of Michigan and its licensors","description":"<p><span class=\u0022taxon-name\u0022>Crocodylus porosus<\/span> is most commonly found on the coasts of northern Australia, <br\/>and the islands of New Guinea and Indonesia. It ranges west as far as the shores of Sri Lanka and eastern India, all <br\/>along the shorelines and rivermouths of southeast Asia to central Vietnam, around Borneo and into the Philippines, <br\/>and even out to Palau, Vanuatu, and the Solomon Islands.  Saltwater Crocodiles are strong swimmers and can be found <br\/>very far from land.<\/p><p>(Britton, 1995; Lanworn, 1972; Carr, 1972)<\/p><p><strong>Biogeographic Regions: <br\/><\/strong> oriental  (Native ); australian  (Native ); indian ocean (Native ); pacific ocean  (Native )<\/p> "},"flathierarchy":[{"sourceIdentifier":"4460760","taxonID":48149213,"parentNameUsageID":48149197,"taxonConceptID":454963,"scientificName":"Crocodylus porosus Schneider, 1801","taxonRank":"Species","type":"leaf"}],"preferredCommonNames":{"vernacularName":"Salt-water crocodile","language":"en","eol_preferred":true},"commonNames":[{"vernacularName":"Indo-pacific crocodile","language":"","eol_preferred":true},{"vernacularName":"Australian saltwater crocodile","language":""},{"vernacularName":"saltwatercrocodile","language":""},{"vernacularName":"Leistenkrokodil","language":"de","eol_preferred":true},{"vernacularName":"Salt-water crocodile","language":"en","eol_preferred":true},{"vernacularName":"estuarine crocodile","language":"en"},{"vernacularName":"saltie","language":"en"},{"vernacularName":"saltwater crocodile","language":"en"},{"vernacularName":"Cocodrilo poroso","language":"es","eol_preferred":true},{"vernacularName":"Crocodile marin","language":"fr","eol_preferred":true},{"vernacularName":"Crocodile d'estuaire","language":"fr"},{"vernacularName":"\u0413\u0440\u0435\u0431\u043d\u0438\u0441\u0442\u044b\u0439 \u043a\u0440\u043e\u043a\u043e\u0434\u0438\u043b","language":"ru","eol_preferred":true},{"vernacularName":"\u041a\u0440\u043e\u043a\u043e\u0434\u0438\u043b \u0433\u0440\u0435\u0431\u043d\u0438\u0441\u0442\u044b\u0439","language":"ru"}],"image":{"objectId":"39bf32d3169ac9a543fedecaadfc9a99","identifier":"39bf32d3169ac9a543fedecaadfc9a99","title":"IMG_1916","licence":"http:\/\/creativecommons.org\/licenses\/by-nc-sa\/2.0\/","rights":null,"credits":"<a href='http:\/\/www.flickr.com\/photos\/77246694@N00'>budak<\/a>&copy; ","description":null,"mimeType":"jpg","fileName":"39bf32d3169ac9a543fedecaadfc9a99.jpg","URL":"http:\/\/media.eol.org\/content\/2011\/11\/01\/20\/32612_orig.jpg"}},"48165815":{"collectionid":29642,"pageid":1049305,"taxonConceptId":48165815,"taxonName":"Larus dominicanus","textDesc":{"objectId":"73f5bce9827e3b690d358e4fdd00ad2e","identifier":"73f5bce9827e3b690d358e4fdd00ad2e","title":"Distribution","licence":"http:\/\/creativecommons.org\/licenses\/by\/3.0\/","rights":null,"credits":"&copy; WoRMS for SMEBD","description":"Gulf of Mexico, Madagascar, Mozambique, New Zealand Exclusive Economic Zone, South Africa (country), Southern <br\/>Ocean "},"flathierarchy":[{"sourceIdentifier":"6848865","taxonID":48165815,"parentNameUsageID":48165774,"taxonConceptID":1049305,"scientificName":"Larus dominicanus Lichtenstein 1823","taxonRank":"Species","type":"leaf"}],"preferredCommonNames":{"vernacularName":"Kelp Gull","language":"en","eol_preferred":true},"commonNames":[{"vernacularName":"Gaivot\u00e3o","language":"","eol_preferred":true},{"vernacularName":"Gaivot\u00f1o","language":"","eol_preferred":true},{"vernacularName":"Gaivota-dominicana","language":""},{"vernacularName":"cau-cau","language":""},{"vernacularName":"Kelpmeeu","language":"af","eol_preferred":true},{"vernacularName":"Swartrugmeeu","language":"af"},{"vernacularName":"Racek ji\u017en\u00ed","language":"cs","eol_preferred":true},{"vernacularName":"Sydlig Svartbag","language":"da","eol_preferred":true},{"vernacularName":"Kelpm\u00e5ge","language":"da"},{"vernacularName":"Dominikanerm\u00f6we","language":"de","eol_preferred":true},{"vernacularName":"Kelp Gull","language":"en","eol_preferred":true},{"vernacularName":"Dominican gull","language":"en"},{"vernacularName":"Karoro","language":"en"},{"vernacularName":"Southern Black-backed Gull","language":"en"},{"vernacularName":"Larus dominicanus","language":"es","eol_preferred":true},{"vernacularName":"Gaviota Cocinera","language":"es"},{"vernacularName":"Gaviota Dorsinegra Sure\u00f1a","language":"es"},{"vernacularName":"Gaviota dominicana","language":"es"},{"vernacularName":"l\u00f5unakajakas","language":"et","eol_preferred":true},{"vernacularName":"Etel\u00e4nselk\u00e4lokki","language":"fi","eol_preferred":true},{"vernacularName":"Go\u00e9land dominicain","language":"fr","eol_preferred":true},{"vernacularName":"Zafferano meridionale","language":"it","eol_preferred":true},{"vernacularName":"Gabbiano del kelp","language":"it"},{"vernacularName":"\u30df\u30ca\u30df\u30aa\u30aa\u30bb\u30b0\u30ed\u30ab\u30e2\u30e1","language":"ja","eol_preferred":true},{"vernacularName":"minamioosegurokamome","language":"ja"},{"vernacularName":"Kolokoloky","language":"mg","eol_preferred":true},{"vernacularName":"Betehoky","language":"mg"},{"vernacularName":"Karoro","language":"mi","eol_preferred":true},{"vernacularName":"Kelpmeeuw","language":"nl","eol_preferred":true},{"vernacularName":"Tarem\u00e5ke","language":"no","eol_preferred":true},{"vernacularName":"mewa po\u0142udniowa","language":"pl","eol_preferred":true},{"vernacularName":"mewa poludniowa","language":"pl"},{"vernacularName":"\u0414\u043e\u043c\u0438\u043d\u0438\u043a\u0430\u043d\u0441\u043a\u0430\u044f \u0447\u0430\u0439\u043a\u0430","language":"ru","eol_preferred":true},{"vernacularName":"\u010cajka vzne\u0161en\u00e1","language":"sk","eol_preferred":true},{"vernacularName":"cajka vzne\u0161en\u00e1","language":"sk"},{"vernacularName":"Dominikanertrut","language":"sv","eol_preferred":true},{"vernacularName":"Ingaba-ngaba","language":"xh","eol_preferred":true}],"image":{"objectId":"126cc3c291cdb93e96d1684b454054e6","identifier":"126cc3c291cdb93e96d1684b454054e6","title":"Gaivot\u00e3o (Larus dominicanus)","licence":"http:\/\/creativecommons.org\/licenses\/by-nc-sa\/2.0\/","rights":null,"credits":"<a href='http:\/\/www.flickr.com\/photos\/32674493@N04'>Cl\u00e1udio Dias Timm<\/a>&copy; ","description":null,"mimeType":"jpg","fileName":"126cc3c291cdb93e96d1684b454054e6.jpg","URL":"http:\/\/media.eol.org\/content\/2011\/11\/25\/02\/73763_orig.jpg"}},"48154279":{"collectionid":29642,"pageid":922241,"taxonConceptId":48154279,"taxonName":"Passer domesticus","textDesc":{"objectId":"e028a980c873734d142c5439a9bbf32b","identifier":"e028a980c873734d142c5439a9bbf32b","title":"Biology","licence":"http:\/\/creativecommons.org\/licenses\/by-nc-sa\/3.0\/","rights":"Copyright Wildscreen 2003-2008","credits":"&copy; Wildscreen","description":"House sparrows feed mainly on seeds, but in the breeding season the adults will take some animal matter (mainly <br\/>insects), and feed their young on insects for the first part of the nestling period (9). It is a regular visitor <br\/>to garden bird tables and feeders (5).&nbsp;This sociable species nests in colonies, the untidy feather-lined <br\/>nests are built in crevices and holes in buildings, tree holes and nest boxes (4). House sparrows are also known <br\/>to occasionally evict other species of birds from their nests, subsequently occupying them (6). During the breeding <br\/>season, house sparrows mate very frequently, so much so that their eggs were once highly prized as aphrodisiacs <br\/>(6). After May, 3-5 whitish, blotched eggs are laid (4). The female incubates the eggs for up to 14 days, after which <br\/>time both parents share the task of feeding the young for around 15 days (4). Three or more broods may be produced <br\/>every breeding season (4).&nbsp;The gregarious nature of this sparrow is often most obvious during winter, <br\/>when most activities including feeding, roosting and bathing, are carried out in groups or large flocks (5). <br\/>"},"flathierarchy":[{"sourceIdentifier":"6849904","taxonID":48154279,"parentNameUsageID":48154278,"taxonConceptID":922241,"scientificName":"Passer domesticus (Linnaeus, 1758)","taxonRank":"Species","type":"leaf"}],"preferredCommonNames":{"vernacularName":"House Sparrow","language":"en","eol_preferred":true},"commonNames":[{"vernacularName":"Gorrion domestico","language":"","eol_preferred":true},{"vernacularName":"pardal-dom\u00e9stico","language":"","eol_preferred":true},{"vernacularName":"Europese huismuis","language":""},{"vernacularName":"Pardal-comum","language":""},{"vernacularName":"Pardal-domestico","language":""},{"vernacularName":"pardal comum","language":""},{"vernacularName":"Huismossie","language":"af","eol_preferred":true},{"vernacularName":"\u0639\u0635\u0641\u0648\u0631 \u062f\u0648\u0631\u064a","language":"ar","eol_preferred":true},{"vernacularName":"\u0627\u0644\u0628\u0644\u062f\u064a \u062f\u0648\u0631\u064a","language":"ar"},{"vernacularName":"\u0627\u0644\u062f\u0648\u0631\u064a \u0627\u0644\u0628\u0644\u062f\u064a","language":"ar"},{"vernacularName":"\u0627\u0644\u0639\u0635\u0641\u0648\u0631 \u0627\u0644\u062f\u0648\u0631\u064a","language":"ar"},{"vernacularName":"Dan s\u0259r\u00e7\u0259si","language":"az","eol_preferred":true},{"vernacularName":"\u0414\u0430\u043c\u0430\u0432\u044b \u0432\u0435\u0440\u0430\u0431\u0435\u0439","language":"be","eol_preferred":true},{"vernacularName":"\u0414\u043e\u043c\u0430\u0448\u043d\u043e \u0432\u0440\u0430\u0431\u0447\u0435 + \u0418\u0442\u0430\u043b\u0438\u0430\u043d\u0441\u043a\u043e \u0432\u0440\u0430\u0431\u0447\u0435","language":"bg","eol_preferred":true},{"vernacularName":"\u0414\u043e\u043c\u0430\u0448\u043d\u043e \u0432\u0440\u0430\u0431\u0447\u0435","language":"bg"},{"vernacularName":"Ar golvan","language":"br","eol_preferred":true},{"vernacularName":"Pela-roques","language":"ca","eol_preferred":true},{"vernacularName":"Gorri\u00f3 teulader","language":"ca"},{"vernacularName":"Pardal com\u00fa","language":"ca"},{"vernacularName":"Vrabec dom\u00e1c\u00ed","language":"cs","eol_preferred":true},{"vernacularName":"\u0421\u0430\u043b\u0430\u043a\u0430\u0439\u0103\u043a","language":"cv","eol_preferred":true},{"vernacularName":"\u00c7\u0115\u0440\u00e7\u0438","language":"cv"},{"vernacularName":"Strew","language":"cy","eol_preferred":true},{"vernacularName":"Aderyn","language":"cy"},{"vernacularName":"Aderyn y t\u00f4","language":"cy"},{"vernacularName":"Golfan","language":"cy"},{"vernacularName":"Llwyd y t\u00f4","language":"cy"},{"vernacularName":"Sbrocsyn","language":"cy"},{"vernacularName":"Gr\u00e5spurv","language":"da","eol_preferred":true},{"vernacularName":"Haussperling","language":"de","eol_preferred":true},{"vernacularName":"Italiensperling","language":"de"},{"vernacularName":"Spatz","language":"de"},{"vernacularName":"Sperling","language":"de"},{"vernacularName":"\u03c3\u03c0\u03bf\u03c5\u03c1\u03b3\u03af\u03c4\u03b7\u03c2","language":"el","eol_preferred":true},{"vernacularName":"\u03a3\u03c0\u03b9\u03c4\u03bf\u03c3\u03c0\u03bf\u03c5\u03c1\u03b3\u03af\u03c4\u03b7\u03c2","language":"el"},{"vernacularName":"\u03a3\u03c0\u03bf\u03c5\u03c1\u03b3\u03af\u03c4\u03b7\u03c2","language":"el"},{"vernacularName":"House Sparrow","language":"en","eol_preferred":true},{"vernacularName":"English sparrow","language":"en"},{"vernacularName":"Italian Sparrow","language":"en"},{"vernacularName":"Phillip sparrow","language":"en"},{"vernacularName":"Town sparrow","language":"en"},{"vernacularName":"sparrow, house","language":"en"},{"vernacularName":"Dompasero","language":"eo","eol_preferred":true},{"vernacularName":"graspurv","language":"es","eol_preferred":true},{"vernacularName":"Copet\u00f3n Europeo","language":"es"},{"vernacularName":"Corbatita","language":"es"},{"vernacularName":"Europese huismus","language":"es"},{"vernacularName":"Gorrion casero","language":"es"},{"vernacularName":"Gorri\u00f3n Cacero","language":"es"},{"vernacularName":"Gorri\u00f3n Domestico","language":"es"},{"vernacularName":"Gorri\u00f3n Dom\u00e9stico","language":"es"},{"vernacularName":"Gorri\u00f3n Italiano","language":"es"},{"vernacularName":"Gorri\u00f3n casero","language":"es"},{"vernacularName":"Gorri\u00f3n com\u00fan","language":"es"},{"vernacularName":"Pinz\u00f3n ingl\u00e9s","language":"es"},{"vernacularName":"dror habayit","language":"es"},{"vernacularName":"gorrion","language":"es"},{"vernacularName":"gorri\u00f3n","language":"es"},{"vernacularName":"Koduvarblane","language":"et","eol_preferred":true},{"vernacularName":"Pardal com\u00fa","language":"eu","eol_preferred":true},{"vernacularName":"Etxe-txolarre","language":"eu"},{"vernacularName":"Etxe-txolarrea","language":"eu"},{"vernacularName":"varpunen","language":"fi","eol_preferred":true},{"vernacularName":"Gr\u00e1spurvur","language":"fo","eol_preferred":true},{"vernacularName":"moineau domestique","language":"fr","eol_preferred":true},{"vernacularName":"Moineau cisalpin *","language":"fr"},{"vernacularName":"moineau franc","language":"fr"},{"vernacularName":"Mosk","language":"fy","eol_preferred":true},{"vernacularName":"Gealbhan Binne","language":"ga","eol_preferred":true},{"vernacularName":"Gealbhan","language":"ga"},{"vernacularName":"Gealbhonn","language":"gd","eol_preferred":true},{"vernacularName":"Gealbhag","language":"gd"},{"vernacularName":"Pardal com\u00fa","language":"gl","eol_preferred":true},{"vernacularName":"Pardal","language":"gl"},{"vernacularName":"Guyra tupao","language":"gn","eol_preferred":true},{"vernacularName":"gorri\u00f3n","language":"gn"},{"vernacularName":"Jallyn","language":"gv","eol_preferred":true},{"vernacularName":"\u05d3\u05e8\u05d5\u05e8 \u05d1\u05d9\u05ea","language":"he","eol_preferred":true},{"vernacularName":"\u05d3\u05e8\u05d5\u05e8 \u05d0\u05d9\u05d8\u05dc\u05e7\u05d9","language":"he"},{"vernacularName":"\u05d3\u05e8\u05d5\u05e8 \u05d1\u05d9-\u05ea","language":"he"},{"vernacularName":"\u05d3\u05e8\u05d5\u05e8 \u05d4\u05d1\u05d9\u05ea","language":"he"},{"vernacularName":"\u0918\u0930\u0947\u0932\u0942 \u0917\u094c\u0930\u0948\u092f\u093e","language":"hi","eol_preferred":true},{"vernacularName":"Adaikalang kuruvi","language":"hi"},{"vernacularName":"Ur kuruvi","language":"hi"},{"vernacularName":"Vrabac poku\u0107ar","language":"hr","eol_preferred":true},{"vernacularName":"Vrabac","language":"hr"},{"vernacularName":"Mwano kay","language":"ht","eol_preferred":true},{"vernacularName":"H\u00e1zi ver\u00e9b","language":"hu","eol_preferred":true},{"vernacularName":"\u054f\u0576\u0561\u0575\u056b\u0576 \u0543\u0576\u0573\u0572\u0578\u0582\u056f","language":"hy","eol_preferred":true},{"vernacularName":"[Tnayin Chnchghuk ]","language":"hy"},{"vernacularName":"Burunggereja Rumah","language":"id","eol_preferred":true},{"vernacularName":"Burung gereja","language":"id"},{"vernacularName":"Gr\u00e1sp\u00f6r","language":"is","eol_preferred":true},{"vernacularName":"Passero domestico","language":"it","eol_preferred":true},{"vernacularName":"Passera d'Italia","language":"it"},{"vernacularName":"Passera europea","language":"it"},{"vernacularName":"Passera oltremontana","language":"it"},{"vernacularName":"\u30a4\u30a8\u30b9\u30ba\u30e1","language":"ja","eol_preferred":true},{"vernacularName":"Ie-suzume","language":"ja"},{"vernacularName":"iesuzume","language":"ja"},{"vernacularName":"\u10e1\u10d0\u10ee\u10da\u10d8\u10e1 \u10d1\u10d4\u10e6\u10e3\u10e0\u10d0","language":"ka","eol_preferred":true},{"vernacularName":"\u04ae\u0439 \u0442\u043e\u0440\u0493\u0430\u0439\u044b","language":"kk","eol_preferred":true},{"vernacularName":"\uc9d1\ucc38\uc0c8","language":"ko","eol_preferred":true},{"vernacularName":"Golvan chy","language":"kw","eol_preferred":true},{"vernacularName":"\u017dvirblis","language":"lt","eol_preferred":true},{"vernacularName":"Italinis \u017evirblis","language":"lt"},{"vernacularName":"Naminis \u017evirblis","language":"lt"},{"vernacularName":"M\u0101jas zvirbulis","language":"lv","eol_preferred":true},{"vernacularName":"\u0414\u043e\u043c\u0430\u0448\u043d\u043e (\u0413\u0440\u0430\u0434\u0441\u043a\u043e) \u0432\u0440\u0430\u043f\u0447\u0435","language":"mk","eol_preferred":true},{"vernacularName":"\u0412\u0440\u0430\u0431\u0435\u0446","language":"mk"},{"vernacularName":"\u041e\u0440\u043e\u043d\u0433\u0438\u0439\u043d \u0431\u043e\u0440 \u0448\u0443\u0432\u0443\u0443","language":"mn","eol_preferred":true},{"vernacularName":"Ciak Rumah","language":"ms","eol_preferred":true},{"vernacularName":"G\u0127asfur tal-bejt","language":"mt","eol_preferred":true},{"vernacularName":"Huismus","language":"nl","eol_preferred":true},{"vernacularName":"Spurv","language":"no","eol_preferred":true},{"vernacularName":"Gr\u00e5spurv","language":"no"},{"vernacularName":"Huskall","language":"no"},{"vernacularName":"Husspurv","language":"no"},{"vernacularName":"Wr\u00f3bel zwyczajny","language":"pl","eol_preferred":true},{"vernacularName":"Wr\u00f3bel domowy","language":"pl"},{"vernacularName":"wr\u00f3bel","language":"pl"},{"vernacularName":"wr\u00f3bel (wr\u00f3bel domowy)","language":"pl"},{"vernacularName":"wr\u00f3bel (zwyczajny)","language":"pl"},{"vernacularName":"Pasler d'Italia","language":"rm","eol_preferred":true},{"vernacularName":"Pasler da chasa","language":"rm"},{"vernacularName":"Vrabie","language":"ro","eol_preferred":true},{"vernacularName":"\u0414\u043e\u043c\u043e\u0432\u044b\u0439 \u0432\u043e\u0440\u043e\u0431\u0435\u0439","language":"ru","eol_preferred":true},{"vernacularName":"Domovoy Vorobey","language":"ru"},{"vernacularName":"\u0412\u043e\u0440\u043e\u0431\u0435\u0439 \u0434\u043e\u043c\u043e\u0432\u043e\u0439","language":"ru"},{"vernacularName":"\u0412\u043e\u0440\u043e\u0431\u0435\u0439 \u0434\u043e\u043c\u043e\u0432\u044b\u0439","language":"ru"},{"vernacularName":"\u0414\u043e\u043c\u043e\u0432\u043e\u0439 \u0432\u043e\u0440\u043e\u0431\u0435\u0439","language":"ru"},{"vernacularName":"Grucc\u016fcciu","language":"sc","eol_preferred":true},{"vernacularName":"Crucculeu","language":"sc"},{"vernacularName":"Furfurinu","language":"sc"},{"vernacularName":"\u0160illjocihci","language":"se","eol_preferred":true},{"vernacularName":"R\u00e1nescihci","language":"se"},{"vernacularName":"Vrabec domov\u00fd","language":"sk","eol_preferred":true},{"vernacularName":"Vrabec","language":"sk"},{"vernacularName":"Doma\u010di vrabec","language":"sl","eol_preferred":true},{"vernacularName":"domaci vrabec","language":"sl"},{"vernacularName":"Harabeli","language":"sq","eol_preferred":true},{"vernacularName":"\u0412\u0440\u0430\u0431\u0430\u0446 \u043f\u043e\u043a\u0443\u045b\u0430\u0440","language":"sr","eol_preferred":true},{"vernacularName":"Vrabac pokucar","language":"sr"},{"vernacularName":"Vrabac poku\u0107ar","language":"sr"},{"vernacularName":"domaci vrabac","language":"sr"},{"vernacularName":"doma\u0107i vrabac","language":"sr"},{"vernacularName":"vrabac pokucarac","language":"sr"},{"vernacularName":"Jolwane","language":"ss","eol_preferred":true},{"vernacularName":"Serobele","language":"st","eol_preferred":true},{"vernacularName":"Gr\u00e5sparv","language":"sv","eol_preferred":true},{"vernacularName":"Shomoro-kaya","language":"sw","eol_preferred":true},{"vernacularName":"\u0bb5\u0bc0\u0b9f\u0bcd\u0b9f\u0bc1\u0b9a\u0bcd \u0b9a\u0bbf\u0b9f\u0bcd\u0b9f\u0bc1\u0b95\u0bcd\u0b95\u0bc1\u0bb0\u0bc1\u0bb5\u0bbf","language":"ta","eol_preferred":true},{"vernacularName":"\u0e19\u0e01\u0e01\u0e23\u0e30\u0e08\u0e2d\u0e01\u0e43\u0e2b\u0e0d\u0e48","language":"th","eol_preferred":true},{"vernacularName":"Tswere","language":"tn","eol_preferred":true},{"vernacularName":"Ser\u00e7e","language":"tr","eol_preferred":true},{"vernacularName":"Evcil Ser\u00e7e","language":"tr"},{"vernacularName":"\u0425\u0430\u0442\u043d\u0456\u0439 \u0433\u043e\u0440\u043e\u0431\u0435\u0446\u044c","language":"uk","eol_preferred":true},{"vernacularName":"\u0413\u043e\u0440\u043e\u0431\u0435\u0446\u044c","language":"uk"},{"vernacularName":"\u0413\u043e\u0440\u043e\u0431\u0435\u0446\u044c \u0445\u0430\u0442\u043d\u0456\u0439","language":"uk"},{"vernacularName":"Chirrya","language":"ur","eol_preferred":true},{"vernacularName":"\u5bb6\u9ebb\u96c0","language":"zh-Hans","eol_preferred":true}],"image":{"objectId":"731a79300053c414e97ee02ac9297cbf","identifier":"731a79300053c414e97ee02ac9297cbf","title":"File:Haussperling m\u00e4nnlich 2010-06-30.jpg","licence":"http:\/\/creativecommons.org\/licenses\/by-sa\/3.0\/","rights":null,"credits":"<a href='http:\/\/commons.wikimedia.org\/wiki\/User:Wimox'>Henry M\u00fchlpfordt<\/a>&copy; ","description":null,"mimeType":"jpg","fileName":"731a79300053c414e97ee02ac9297cbf.jpg","URL":"http:\/\/media.eol.org\/content\/2012\/06\/13\/17\/70473_orig.jpg"}},"48165784":{"collectionid":29642,"pageid":1049579,"taxonConceptId":48165784,"taxonName":"Larus occidentalis","textDesc":{"objectId":"9d088eaa08ede269e348b6228940d4d7","identifier":"9d088eaa08ede269e348b6228940d4d7","title":"Range Description","licence":"http:\/\/creativecommons.org\/licenses\/by-nc-sa\/3.0\/","rights":"\u00a9 International Union for Conservation of Nature and Natural Resources","credits":"&copy; International Union for Conservation of Nature and Natural Resources","description":"The Western Gull is found on the Pacific coast of North America, ranging from Vancouver Island (<b>Canada<\/b>) <br\/>to the southern tip of Baja California (<b>Mexico<\/b>), and breeding from north-west Washington (<b>USA<\/b>) <br\/>to central Baja California<b><sup>1<\/sup><\/b>.&#13; "},"flathierarchy":[{"sourceIdentifier":"6848844","taxonID":48165784,"parentNameUsageID":48165774,"taxonConceptID":1049579,"scientificName":"Larus occidentalis Audubon 1839","taxonRank":"Species","type":"leaf"}],"preferredCommonNames":{"vernacularName":"Western Gull","language":"en","eol_preferred":true},"commonNames":[{"vernacularName":"Racek z\u00e1padn\u00ed","language":"cs","eol_preferred":true},{"vernacularName":"Amerikansk Svartbag","language":"da","eol_preferred":true},{"vernacularName":"Westm\u00f6we","language":"de","eol_preferred":true},{"vernacularName":"Western Gull","language":"en","eol_preferred":true},{"vernacularName":"Wyman's gull","language":"en"},{"vernacularName":"Gaviota occidental","language":"es","eol_preferred":true},{"vernacularName":"Kiltkajakas","language":"et","eol_preferred":true},{"vernacularName":"Amerikanmerilokki","language":"fi","eol_preferred":true},{"vernacularName":"Go\u00e9land d'Audubon","language":"fr","eol_preferred":true},{"vernacularName":"Go\u00e9land de l'Ouest","language":"fr"},{"vernacularName":"Gabbiano occidentale","language":"it","eol_preferred":true},{"vernacularName":"\u30a2\u30e1\u30ea\u30ab\u30aa\u30aa\u30bb\u30b0\u30ed\u30ab\u30e2\u30e1","language":"ja","eol_preferred":true},{"vernacularName":"amerikaoosegurokamome","language":"ja"},{"vernacularName":"Pacifische mantelmeeuw","language":"nl","eol_preferred":true},{"vernacularName":"Californische meeuw","language":"nl"},{"vernacularName":"Kaliforniasvartbak","language":"no","eol_preferred":true},{"vernacularName":"mewa zachodnia","language":"pl","eol_preferred":true},{"vernacularName":"\u0417\u0430\u043f\u0430\u0434\u043d\u0430\u044f \u0447\u0430\u0439\u043a\u0430","language":"ru","eol_preferred":true},{"vernacularName":"\u010cajka pl\u00e1\u0161tikov\u00e1","language":"sk","eol_preferred":true},{"vernacularName":"cajka pl\u00e1\u0161tikov\u00e1","language":"sk"},{"vernacularName":"V\u00e4sttrut","language":"sv","eol_preferred":true}],"image":{"objectId":"ba8aa3aa3cf7bbadefee418687da7efa","identifier":"ba8aa3aa3cf7bbadefee418687da7efa","title":"File:Western Gull (Larus occidentalis) RWD.jpg","licence":"http:\/\/creativecommons.org\/licenses\/by-sa\/3.0\/","rights":null,"credits":"<a href='http:\/\/commons.wikimedia.org\/wiki\/User:DickDaniels'>Dick Daniels (http:\/\/carolinabirds.org\/)<\/a>&copy; ","description":null,"mimeType":"jpg","fileName":"ba8aa3aa3cf7bbadefee418687da7efa.jpg","URL":"http:\/\/media.eol.org\/content\/2012\/06\/13\/13\/86710_orig.jpg"}},"48187083":{"collectionid":29642,"pageid":216812,"taxonConceptId":48187083,"taxonName":"Congrogadus subducens (Richardson, 1843)","textDesc":{"objectId":"d84e9703e69f9f81dc9306b03f958176","identifier":"d84e9703e69f9f81dc9306b03f958176","title":"Biology","licence":"http:\/\/creativecommons.org\/licenses\/by-nc\/3.0\/","rights":null,"credits":"&copy; FishBase","description":"Inhabits coastal waters, often in brackish conditions (Ref. 48636).  Found hidden amongst rocks or coral rubble <br\/>(Ref. 48636).  Reproductive activity appears to be cyclical and the species may not be a protogynous hermaphrodite <br\/>(Ref. 2077). "},"flathierarchy":[{"sourceIdentifier":"10072807","taxonID":48187083,"parentNameUsageID":48187078,"taxonConceptID":216812,"scientificName":"Congrogadus subducens (Richardson, 1843)","taxonRank":"Species","type":"leaf"}],"preferredCommonNames":{"vernacularName":"Ocellated eel blenny","language":"en","eol_preferred":true},"commonNames":[{"vernacularName":"Iga lade","language":"","eol_preferred":true},{"vernacularName":"\u9cd7\u9cb7","language":"cnm","eol_preferred":true},{"vernacularName":"\u9c3b\u9bdb","language":"cnm"},{"vernacularName":"\u00d8re-koralsmutte","language":"da","eol_preferred":true},{"vernacularName":"Schlammschleimfisch","language":"de","eol_preferred":true},{"vernacularName":"Ocellated eel blenny","language":"en","eol_preferred":true},{"vernacularName":"Ambeetunbeet","language":"en"},{"vernacularName":"Carpet conger blenny","language":"en"},{"vernacularName":"Carpet eel blenny","language":"en"},{"vernacularName":"Carpet eel-blenny","language":"en"},{"vernacularName":"Daggerfish","language":"en"},{"vernacularName":"Eared eel-blenny","language":"en"},{"vernacularName":"Launce","language":"en"},{"vernacularName":"Lurking machete","language":"en"},{"vernacularName":"Mud blenny","language":"en"},{"vernacularName":"Sen-ningaji","language":"ja","eol_preferred":true},{"vernacularName":"Tilan punai","language":"ms","eol_preferred":true},{"vernacularName":"Batad","language":"tl","eol_preferred":true},{"vernacularName":"C\u00e1 \u0110ai ch\u00ecnh","language":"vi","eol_preferred":true},{"vernacularName":"C\u00e1 \u00d0ai ch\u00ecnh","language":"vi"}],"image":{"objectId":"6822aeb53c939a0c17e74ec03949d36a","identifier":"6822aeb53c939a0c17e74ec03949d36a","title":"Birch Aquarium, August 2010","licence":"http:\/\/creativecommons.org\/licenses\/by-nc\/3.0\/","rights":null,"credits":"Robertson, D Ross&copy; ","description":null,"mimeType":"jpg","fileName":"6822aeb53c939a0c17e74ec03949d36a.jpg","URL":"http:\/\/media.eol.org\/content\/2011\/10\/14\/18\/11728_orig.jpg"}},"48216083":{"collectionid":29642,"pageid":1039149,"taxonConceptId":48216083,"taxonName":"Agalychnis callidryas","textDesc":{"objectId":"507bab28b7784e469304b9203bb20a33","identifier":"507bab28b7784e469304b9203bb20a33","title":"Description","licence":"http:\/\/creativecommons.org\/licenses\/by\/3.0\/","rights":"See http:\/\/www.amphibiaweb.org\/datause.html.","credits":"&copy; AmphibiaWeb \u00a9 2000-2011 The Regents of the University of California","description":"<p><i>Agalychnis callidryas<\/i>, the red-eyed tree frog, is a slender, colorful, medium-sized frog. Females <br\/>measure up to 77 mm, and males to 59 mm (Savage 2002). This frog has leaf-green to dark green dorsal surfaces; dark <br\/>blue, purple, or brownish flanks, with cream-colored or yellow vertical or diagonal bars; blue or orange upper <br\/>arms; thighs that are blue or orange on the anterior, posterior, and ventral surfaces; orange hands and feet, <br\/>except for the outermost digits on each; a white ventrum; and protuberant red eyes, with vertical pupils  (Savage <br\/>2002; Leenders 2001; Duellman 2001). The back is sometimes marked with faint tranverse darker green lines (especially <br\/>in individuals from Nicaragua or Costa Rica) or small white dots  (Duellman 2001).  The average number of bars on <br\/>the flanks increases in populations from north to south, with a mean of 5.0 bars in Mexico and a mean of 9.0 bars in <br\/>Panama  (Duellman 2001). In some populations from the middle part of the range (Nicaragua and Costa Rica, on the <br\/>Caribbean side), there is often a continuous, longitudinal yellowish stripe connecting the upper ends of the <br\/>vertical bars and separating the blue flanks from the green dorsum  (Duellman 2001).   <p>The skin is smooth both <br\/>dorsally and ventrally  (Savage 2002). <i>Agalychnis callidryas<\/i> has a rounded head and a truncated snout <br\/>when viewed from above  (Duellman 2001). Eyes are large and directed sideways  (Leenders 2001). When this frog <br\/>closes its eyes, transparent lower eyelids marked with a network of gold are apparent  (Leenders 2001). It has <br\/>distinct tympana (Savage 2002). The body is slender and somewhat flattened  (Leenders 2001). Fingers are short, <br\/>about one-half webbed, and have moderately large discs  (Duellman 2001). The toes are short, about two-thirds <br\/>webbed, and also have moderately large discs that are nearly as large as those on the fingers, with a narrow fold <br\/>running from the heel to the disc of the fifth toe  (Duellman 2001; Savage 2002). Adult males have paired vocal slits <br\/>and a single internal median subgular vocal sac, as well as a grayish brown spinose nuptial pad at the base of each <br\/>thumb  (Savage 2002). <\/p>  <p> Young froglets (at least from Panama) are able to change color; they are green by <br\/>day and change to purplish or reddish brown at night  (Pyburn 1963). In addition, young froglets have yellow rather <br\/>than red eyes, and have lighter-colored flanks lacking whitish bars  (Pyburn 1963). The red eye coloration appears <br\/>first at the periphery of the eye at about two weeks post-metamorphosis, and over a period of several days spreads <br\/>inward to make the iris wholly red  (Starrett 1960). <\/p>  <p><i>Agalychnis callidryas<\/i> tadpoles are large, <br\/>with a robust body that can measure 48 mm in total length at stage 34  (Savage 2002). The tail and caudal fins are moderately <br\/>sized, with the tail tip narrowing to a thin flagellum  (Savage 2002). The spiracle is sinistral and lateroventral, <br\/>while the vent is dextral  (Savage 2002). Eyes and nostrils are dorsolateral  (Savage 2002). The mouth is anteroventral, <br\/>with a small and complete oral disk, serrated beaks, and two upper plus three lower rows of denticles  (Savage 2002; <br\/>Duellman 2001). The row of denticles just above the mouth has a small gap medially (Savage 2002). Labial papillae <br\/>are present on the lower lip in one to three rows lateral and ventral to the mouth, and on the upper lip in one to two <br\/>rows lateral to the mouth, but lacking directly above the mouth  (Duellman 2001). The tadpole body is olive gray <br\/>dorsally, shading into a bluish gray speckled with olive-brown on the sides and undersides  (Duellman 2001). <br\/>Larval caudal musculature is a light grayish brown while the caudal fins are transparent, but both are speckled <br\/>with dark gray  (Duellman 2001).<br>&nbsp;<br><p>The diploid number of chromosomes is 26 for <i>Agalychnis <br\/>callidryas<\/i> (Duellman and Cole 1965).<\/p>  <p> A Spanish-language species account can be found at the website <br\/>of <a href=\u0022http:\/\/darnis.inbio.ac.cr\/FMPro?-DB=UBIpub.fp3&-lay=WebAll&-Format=\/ubi\/detail.html&-Op=bw&id=4182&-Find\u0022>Instituto <br\/>Nacional de Biodiversidad (INBio)<\/a>. "},"flathierarchy":[{"sourceIdentifier":"7157137","taxonID":48216083,"parentNameUsageID":48216081,"taxonConceptID":1039149,"scientificName":"Agalychnis callidryas (Cope, 1862)","taxonRank":"Species","type":"leaf"}],"preferredCommonNames":{"vernacularName":"red-eyed leaf frog","language":"en","eol_preferred":true},"commonNames":[{"vernacularName":"akame-ama-gaeru","language":""},{"vernacularName":"gaudy leaf frog","language":""},{"vernacularName":"red-eyed leaf frog","language":"en","eol_preferred":true},{"vernacularName":"Red-eyed Tree Frog","language":"en"},{"vernacularName":"red-eyed treefrog","language":"en"},{"vernacularName":"Agalychnis callidryas","language":"es","eol_preferred":true},{"vernacularName":"Rana arbor\u00edcola","language":"es"},{"vernacularName":"Rana-de \u00e1rbol ojos rojos","language":"es"}],"image":{"objectId":"d7632ca7545ce5999a270068d209640b","identifier":"d7632ca7545ce5999a270068d209640b","title":"File:Red eyed tree frog edit2.jpg","licence":"http:\/\/creativecommons.org\/licenses\/publicdomain\/","rights":null,"credits":"<a href='http:\/\/en.wikipedia.org\/wiki\/:en:User:Careyjamesbalboa'>Careyjamesbalboa (Carey James Balboa)<\/a>&copy; ","description":null,"mimeType":"jpg","fileName":"d7632ca7545ce5999a270068d209640b.jpg","URL":"http:\/\/media.eol.org\/content\/2012\/06\/13\/18\/12313_orig.jpg"}},"48165293":{"collectionid":29642,"pageid":1049388,"taxonConceptId":48165293,"taxonName":"Numenius americanus","textDesc":{"objectId":"49b8d4f06a5d012f0df12ebfef25c69b","identifier":"49b8d4f06a5d012f0df12ebfef25c69b","title":"49b8d4f06a5d012f0df12ebfef25c69b","licence":"http:\/\/creativecommons.org\/licenses\/by\/3.0\/","rights":null,"credits":"&copy; ","description":"The Long-billed Curlew (<i>Numenius americanus<\/i>) has an extremely long, down-curved bill and is the largest <br\/>North American shorebird, although it is often seen far from the coast. Long-billed Curlews breed on the North <br\/>American grasslands of the arid west and are seen also on coastal mudflats only in the winter and during their annual <br\/>migrations. Long-billed Curlews winter mainly along the west coast of the United States and from the extreme <br\/>southern United States south to southern Mexico and irregularly through northern Central America to Honduras <br\/>and Costa Rica. On grasslands, they  feed mainly on insects and other small animals and in coastal areas on marine <br\/>invertebrates such as crabs, mollusks, and worms. The nest consists of a shallow scrape on the ground, usually <br\/>sparsely lined with grass and other plants, in open prairie. Long-billed Curlews are short-distance migrants, <br\/>wintering mainly in the southern United States and northern Mexico. In the mid-1800s, this species was more common <br\/>and widespread, occurring as a common migrant along the Atlantic coast, but hunting caused serious declines <br\/>in the late 1800s and, more recently, populations have suffered from the conversion of grasslands to agriculture. <br\/>(Kaufman 1996; AOU 1998) "},"flathierarchy":[{"sourceIdentifier":"6848718","taxonID":48165293,"parentNameUsageID":48165292,"taxonConceptID":1049388,"scientificName":"Numenius americanus Bechstein 1812","taxonRank":"Species","type":"leaf"}],"preferredCommonNames":{"vernacularName":"Long-billed Curlew","language":"en","eol_preferred":true},"commonNames":[{"vernacularName":"Chorlo Pico Largo","language":"","eol_preferred":true},{"vernacularName":"Koliha americk\u00e1","language":"cs","eol_preferred":true},{"vernacularName":"Langn\u00e6bbet Spove","language":"da","eol_preferred":true},{"vernacularName":"Rostbrachvogel","language":"de","eol_preferred":true},{"vernacularName":"Long-billed Curlew","language":"en","eol_preferred":true},{"vernacularName":"Spanish curlew","language":"en"},{"vernacularName":"big curlew","language":"en"},{"vernacularName":"hen curlew","language":"en"},{"vernacularName":"northern curlew","language":"en"},{"vernacularName":"old hen curlew","language":"en"},{"vernacularName":"sabre-bill","language":"en"},{"vernacularName":"sickle-bill","language":"en"},{"vernacularName":"sickle-billed curlew","language":"en"},{"vernacularName":"sicklebill curlew","language":"en"},{"vernacularName":"smoker","language":"en"},{"vernacularName":"Numenius americanus","language":"es","eol_preferred":true},{"vernacularName":"Playero Pico Largo","language":"es"},{"vernacularName":"Playero de Pico Largo","language":"es"},{"vernacularName":"Zarapico Pico Cimitarra","language":"es"},{"vernacularName":"Zarapito americano","language":"es"},{"vernacularName":"Zarapito pico largo","language":"es"},{"vernacularName":"Zarapito piquilargo","language":"es"},{"vernacularName":"preeriakoovitaja","language":"et","eol_preferred":true},{"vernacularName":"Amerikankuovi","language":"fi","eol_preferred":true},{"vernacularName":"courlis \u00e0 long bec","language":"fr","eol_preferred":true},{"vernacularName":"Chiurlo beccolungo","language":"it","eol_preferred":true},{"vernacularName":"Chiurlo americano","language":"it"},{"vernacularName":"\u30a2\u30e1\u30ea\u30ab\u30c0\u30a4\u30b7\u30e3\u30af\u30b7\u30ae","language":"ja","eol_preferred":true},{"vernacularName":"amerikadaishakushigi","language":"ja"},{"vernacularName":"Amerikaanse wulp","language":"nl","eol_preferred":true},{"vernacularName":"Langnebbspove","language":"no","eol_preferred":true},{"vernacularName":"kulik d\u0142ugodzioby","language":"pl","eol_preferred":true},{"vernacularName":"kulik dlugodzioby","language":"pl"},{"vernacularName":"\u0410\u043c\u0435\u0440\u0438\u043a\u0430\u043d\u0441\u043a\u0438\u0439 \u043a\u0440\u043e\u043d\u0448\u043d\u0435\u043f","language":"ru","eol_preferred":true},{"vernacularName":"Hvizd\u00e1k dlhozob\u00fd","language":"sk","eol_preferred":true},{"vernacularName":"L\u00e5ngn\u00e4bbad spov","language":"sv","eol_preferred":true}],"image":{"objectId":"24be2f354a063dbd728e39f2ec8da22a","identifier":"24be2f354a063dbd728e39f2ec8da22a","title":"File:Long-billed Curlew (Numenius americanus), in late evening light.jpg","licence":"http:\/\/creativecommons.org\/licenses\/by\/3.0\/","rights":null,"credits":"&copy; ","description":null,"mimeType":"jpg","fileName":"24be2f354a063dbd728e39f2ec8da22a.jpg","URL":"http:\/\/media.eol.org\/content\/2012\/06\/14\/16\/64933_orig.jpg"}},"48133595":{"collectionid":29642,"pageid":328044,"taxonConceptId":48133595,"taxonName":"Lutra lutra","textDesc":{"objectId":"2a1f8b75bda7962d475decb92fdde1bb","identifier":"2a1f8b75bda7962d475decb92fdde1bb","title":"Description","licence":"http:\/\/creativecommons.org\/licenses\/by-nc-sa\/3.0\/","rights":"Copyright Wildscreen 2003-2008","credits":"&copy; Wildscreen","description":"The elusive common otter has sleek brown fur, which is often paler on the underside, and a long lithe body with a <br\/>thick tail and short legs (3). Adaptations for an aquatic lifestyle include webbed feet (3), the ability to close <br\/>the small ears and the nose when under water, and very dense, short fur which traps a layer of air to insulate the <br\/>animal. Many sensitive hairs ('vibrissae') frame the snout; these help the otter to locate prey (2). Vocalisations <br\/>include a high-pitched whistle between a mother and her cubs, twittering noises produced during play-fighting <br\/>and cat-like noises when fighting (2). "},"flathierarchy":[{"sourceIdentifier":"6902551","taxonID":48133595,"parentNameUsageID":48133594,"taxonConceptID":328044,"scientificName":"Lutra lutra (Linnaeus, 1758)","taxonRank":"Species","type":"leaf"}],"preferredCommonNames":{"vernacularName":"European otter","language":"en","eol_preferred":true},"commonNames":[{"vernacularName":"Eurasian river otter","language":"","eol_preferred":true},{"vernacularName":"\u0412\u0438\u0434\u0440\u0430","language":"bg","eol_preferred":true},{"vernacularName":"vidr\u0430","language":"bg"},{"vernacularName":"dyfrgi","language":"cy","eol_preferred":true},{"vernacularName":"Odder","language":"da","eol_preferred":true},{"vernacularName":"Fischotter","language":"de","eol_preferred":true},{"vernacularName":"\u0395\u03c5\u03c1\u03c9\u03c0\u03b1\u03ca\u03ba\u03ae \u03b2\u03af\u03b4\u03c1\u03b1","language":"el","eol_preferred":true},{"vernacularName":"\u0392\u03af\u03b4\u03c1\u03b1","language":"el"},{"vernacularName":"European otter","language":"en","eol_preferred":true},{"vernacularName":"Common otter","language":"en"},{"vernacularName":"Common otter, European river otter","language":"en"},{"vernacularName":"Eurasian otter","language":"en"},{"vernacularName":"European river otter","language":"en"},{"vernacularName":"Old world otter","language":"en"},{"vernacularName":"Otter","language":"en"},{"vernacularName":"Lutra lutra","language":"es","eol_preferred":true},{"vernacularName":"Nutria","language":"es"},{"vernacularName":"Nutria com\u00fan","language":"es"},{"vernacularName":"Loutre d'europe","language":"fr","eol_preferred":true},{"vernacularName":"Loutre commune","language":"fr"},{"vernacularName":"loutre de rivi\u00e8re","language":"fr"},{"vernacularName":"\u05dc\u05d5\u05d8\u05e8\u05d4","language":"he","eol_preferred":true},{"vernacularName":"Lontra comune","language":"it","eol_preferred":true},{"vernacularName":"lontra","language":"it"},{"vernacularName":"paprastoji \u016bdra","language":"lt","eol_preferred":true},{"vernacularName":"Oter","language":"nb","eol_preferred":true},{"vernacularName":"Otter (dier)","language":"nl","eol_preferred":true},{"vernacularName":"Euraziatische otter of visotter","language":"nl"},{"vernacularName":"Otter","language":"nl"},{"vernacularName":"Oter","language":"nn","eol_preferred":true},{"vernacularName":"Oter","language":"no","eol_preferred":true},{"vernacularName":"Wydra europejska","language":"pl","eol_preferred":true},{"vernacularName":"wydra zwyczajna","language":"pl"},{"vernacularName":"Vidra","language":"ro","eol_preferred":true},{"vernacularName":"\u0412\u044b\u0434\u0440\u0430","language":"ru","eol_preferred":true},{"vernacularName":"\u0412\u044b\u0434\u0440\u0430 \u043e\u0431\u044b\u043a\u043d\u043e\u0432\u0435\u043d\u043d\u0430\u044f","language":"ru"},{"vernacularName":"\u043e\u0431\u044b\u043a\u043d\u043e\u0432\u0435\u043d\u043d\u0430\u044f","language":"ru"},{"vernacularName":"\u043f\u043e\u0440\u0435\u0448\u043d\u044f","language":"ru"},{"vernacularName":"\u0440\u0435\u0447\u043d\u0430\u044f \u0432\u044b\u0434\u0440\u0430","language":"ru"},{"vernacularName":"Vidra","language":"sl","eol_preferred":true},{"vernacularName":"Vidra","language":"sq","eol_preferred":true},{"vernacularName":"kajka","language":"sq"},{"vernacularName":"lundra","language":"sq"},{"vernacularName":"lund\u00ebrza","language":"sq"},{"vernacularName":"lunza","language":"sq"},{"vernacularName":"utter","language":"sv","eol_preferred":true},{"vernacularName":"Su samuru","language":"tr","eol_preferred":true},{"vernacularName":"\u0412\u0438\u0434\u0440\u0430 \u0440\u0456\u0447\u043a\u043e\u0432\u0430","language":"uk","eol_preferred":true},{"vernacularName":"shui-ta","language":"zh","eol_preferred":true},{"vernacularName":"\u6c34\u736d","language":"zh-Hans","eol_preferred":true},{"vernacularName":"\u51e0\u52d2\u5e03\u683c","language":"zh-Hans"},{"vernacularName":"\u6c34\u6bdb\u5b50","language":"zh-Hans"},{"vernacularName":"\u6c34\u72d7","language":"zh-Hans"},{"vernacularName":"\u736d","language":"zh-Hans"},{"vernacularName":"\u736d\u732b","language":"zh-Hans"},{"vernacularName":"\u7956\u8861","language":"zh-Hans"},{"vernacularName":"\u7ea0\u56f0","language":"zh-Hans"},{"vernacularName":"\u9c7c\u732b","language":"zh-Hans"}],"image":{"objectId":"9cf88497454620a995ea06ab9a66d755","identifier":"9cf88497454620a995ea06ab9a66d755","title":"File:Otter (Lutra lutra), Westing - geograph.org.uk - 1055543.jpg","licence":"http:\/\/creativecommons.org\/licenses\/by-sa\/3.0\/","rights":null,"credits":"Mike Pennington&copy; ","description":null,"mimeType":"jpg","fileName":"9cf88497454620a995ea06ab9a66d755.jpg","URL":"http:\/\/media.eol.org\/content\/2012\/06\/12\/23\/14093_orig.jpg"}},"48219551":{"collectionid":29642,"pageid":213726,"taxonConceptId":48219551,"taxonName":"Carcharodon carcharias","textDesc":{"objectId":"5e1882d822ec530069d6d29e28944369","identifier":"5e1882d822ec530069d6d29e28944369","title":"Biology","licence":"http:\/\/creativecommons.org\/licenses\/by-nc-sa\/3.0\/","rights":"Copyright Wildscreen 2003-2008","credits":"&copy; Wildscreen","description":"Despite its worldwide notoriety, very little is known about the natural ecology and behaviour of this predator. <br\/>These sharks are usually solitary or occur in pairs, although it is apparently a social animal that can also be <br\/>found in small aggregations of 10 or more, particularly around a carcass (3) (6). Females are ovoviviparous; <br\/>the pups hatch from eggs retained within their mother's body, and she then gives birth to live young (10). Great <br\/>white sharks are particularly slow-growing, late maturing and long-lived, with a small litter size and low reproductive <br\/>capacity (8). Females do not reproduce until they reach about 4.5 to 5 metres in length, and litter sizes range <br\/>from two to ten pups (8). The length of gestation is not known but estimated at between 12 and 18 months, and it is <br\/>likely that these sharks only reproduce every two or three years (8) (11). After birth, there is no maternal care, <br\/>and despite their large size, survival of young is thought to be low (8).&nbsp;Great whites are at the top of the <br\/>marine food chain, and these sharks are skilled predators. They feed predominately on fish but will also consume <br\/>turtles, molluscs, and crustaceans, and are active hunters of small cetaceans such as dolphins and porpoises, <br\/>and of other marine mammals such as seals and sea lions (12). Using their acute senses of smell, sound location <br\/>and electroreception, weak and injured prey can be detected from a great distance (7). Efficient swimmers, sharks <br\/>have a quick turn of speed and will attack rapidly before backing off whilst the prey becomes weakened; they are <br\/>sometimes seen leaping clear of the water (6). Great whites, unlike most other fish, are able to maintain their <br\/>body temperature higher than that of the surrounding water using a heat exchange system in their blood vessels <br\/>(11). "},"flathierarchy":[{"sourceIdentifier":"10064513","taxonID":48219551,"parentNameUsageID":48219550,"taxonConceptID":213726,"scientificName":"Carcharodon carcharias (Linnaeus, 1758)","taxonRank":"Species","type":"leaf"}],"preferredCommonNames":{"vernacularName":"great white shark","language":"en","eol_preferred":true},"commonNames":[{"vernacularName":"K'wet'then\u00e9chte","language":"","eol_preferred":true},{"vernacularName":"Tibur\u00f3n","language":"","eol_preferred":true},{"vernacularName":"Tribon blancu","language":"","eol_preferred":true},{"vernacularName":"Skylopsaro sbrillios","language":""},{"vernacularName":"Skyl\u00f3psaro sbr\u00ccllios","language":""},{"vernacularName":"Sarda","language":"af","eol_preferred":true},{"vernacularName":"Witdoodshaai","language":"af"},{"vernacularName":"springhaai","language":"af"},{"vernacularName":"withaai","language":"af"},{"vernacularName":"Wahsh","language":"ar","eol_preferred":true},{"vernacularName":"Kalb","language":"ar"},{"vernacularName":"Kalb bahr","language":"ar"},{"vernacularName":"Taur\u00f3 blanc","language":"ca","eol_preferred":true},{"vernacularName":"\u566c\u4eba\u9ca8","language":"cnm","eol_preferred":true},{"vernacularName":"\u566c\u4eba\u9bca","language":"cnm"},{"vernacularName":"\u5927\u767d\u9bca","language":"cnm"},{"vernacularName":"\u5927\u767d\u9ca8","language":"cnm"},{"vernacularName":"\u98df\u4eba\u9bab","language":"cnm"},{"vernacularName":"\u98df\u4eba\u9c9b","language":"cnm"},{"vernacularName":"\u008eralok b\u00edl\u00fd velik\u00fd","language":"cs","eol_preferred":true},{"vernacularName":"\u017dralok b\u00edl\u00fd velik\u00fd","language":"cs"},{"vernacularName":"Stor hvid haj","language":"da","eol_preferred":true},{"vernacularName":"Bl\u00e5 haj","language":"da"},{"vernacularName":"Hvid Haj","language":"da"},{"vernacularName":"Menneskehaj","language":"da"},{"vernacularName":"Store hvide haj","language":"da"},{"vernacularName":"Weisshai","language":"de","eol_preferred":true},{"vernacularName":"Menschen fresser","language":"de"},{"vernacularName":"Menschenhai","language":"de"},{"vernacularName":"Merviel fras","language":"de"},{"vernacularName":"Wei\u00dfer Hai","language":"de"},{"vernacularName":"Wei\u00dfhai","language":"de"},{"vernacularName":"Karcharias","language":"el","eol_preferred":true},{"vernacularName":"Sbrillias","language":"el"},{"vernacularName":"Skyl\u00f3psaro sbr\u00edllios","language":"el"},{"vernacularName":"Smprilios","language":"el"},{"vernacularName":"\u039a\u03b1\u03c1\u03c7\u03b1\u03c1\u03af\u03b1\u03c2","language":"el"},{"vernacularName":"\u039b\u03ac\u03bc\u03b9\u03b1","language":"el"},{"vernacularName":"\u039b\u03b5\u03c5\u03ba\u03cc\u03c2 \u03ba\u03b1\u03c1\u03c7\u03b1\u03c1\u03af\u03b1\u03c2","language":"el"},{"vernacularName":"\u03a3\u03ba\u03c5\u03bb\u03cc\u03c8\u03b1\u03c1\u03bf","language":"el"},{"vernacularName":"\u03a3\u03bc\u03c0\u03c1\u03af\u03bb\u03b9\u03bf\u03c2","language":"el"},{"vernacularName":"great white shark","language":"en","eol_preferred":true},{"vernacularName":"Blue pointer","language":"en"},{"vernacularName":"Bruce","language":"en"},{"vernacularName":"Cowshark","language":"en"},{"vernacularName":"Man eater","language":"en"},{"vernacularName":"Man-eater","language":"en"},{"vernacularName":"Man-eater shark","language":"en"},{"vernacularName":"Maneater","language":"en"},{"vernacularName":"Maneater shark","language":"en"},{"vernacularName":"Mango-taniwha","language":"en"},{"vernacularName":"Mango-ururoa","language":"en"},{"vernacularName":"Shark","language":"en"},{"vernacularName":"Tommy","language":"en"},{"vernacularName":"White death","language":"en"},{"vernacularName":"White pointer","language":"en"},{"vernacularName":"White shark","language":"en"},{"vernacularName":"anchovy-eater","language":"en"},{"vernacularName":"death shark","language":"en"},{"vernacularName":"demon shark","language":"en"},{"vernacularName":"great white death","language":"en"},{"vernacularName":"jumping shark","language":"en"},{"vernacularName":"mudshark","language":"en"},{"vernacularName":"tuna shark","language":"en"},{"vernacularName":"uptail","language":"en"},{"vernacularName":"white death shark","language":"en"},{"vernacularName":"Taur\u00f3 blanc","language":"es","eol_preferred":true},{"vernacularName":"Africano","language":"es"},{"vernacularName":"Devorador de hombres","language":"es"},{"vernacularName":"Jaquent\u00f3n blanco","language":"es"},{"vernacularName":"Jaqueton blanco","language":"es"},{"vernacularName":"Jaquet\u00f3n blanco","language":"es"},{"vernacularName":"Jaquet\u00f3n de ley","language":"es"},{"vernacularName":"Marraco","language":"es"},{"vernacularName":"Marrajo","language":"es"},{"vernacularName":"Salroig","language":"es"},{"vernacularName":"Sarda","language":"es"},{"vernacularName":"Tiburo","language":"es"},{"vernacularName":"Tibur\u00f3n antrop\u00f3fago","language":"es"},{"vernacularName":"Tibur\u00f3n blanco","language":"es"},{"vernacularName":"ca mari","language":"es"},{"vernacularName":"jaquet\u00f3n","language":"es"},{"vernacularName":"salproig","language":"es"},{"vernacularName":"salproix","language":"es"},{"vernacularName":"taburo","language":"es"},{"vernacularName":"Valkohai","language":"fi","eol_preferred":true},{"vernacularName":"Requin blanc","language":"fr","eol_preferred":true},{"vernacularName":"Carcharodonte","language":"fr"},{"vernacularName":"Grand requin blanc","language":"fr"},{"vernacularName":"Mangeur d&#39;hommes","language":"fr"},{"vernacularName":"Mangeur d'hommes","language":"fr"},{"vernacularName":"Requin","language":"fr"},{"vernacularName":"Requin mangeur d'homme","language":"fr"},{"vernacularName":"\u05e7\u05e8\u05d7\u05d4 \u05dc\u05d1\u05e0\u05d4","language":"he","eol_preferred":true},{"vernacularName":"Karish lava","language":"he"},{"vernacularName":"Pas ljudo\u009eder","language":"hr","eol_preferred":true},{"vernacularName":"Pas ljudo\u017eder","language":"hr"},{"vernacularName":"Nagy feh\u00e9rc\u00e1pa","language":"hu","eol_preferred":true},{"vernacularName":"Niuhi","language":"hw","eol_preferred":true},{"vernacularName":"Carcharodon carcharias","language":"it","eol_preferred":true},{"vernacularName":"Cagnia","language":"it"},{"vernacularName":"Can grossu","language":"it"},{"vernacularName":"Canesca","language":"it"},{"vernacularName":"Caniscu","language":"it"},{"vernacularName":"Canusu","language":"it"},{"vernacularName":"Damiano","language":"it"},{"vernacularName":"Lamia","language":"it"},{"vernacularName":"Mangia alici","language":"it"},{"vernacularName":"Manzo de mar","language":"it"},{"vernacularName":"Pesce cane","language":"it"},{"vernacularName":"Pesce hane","language":"it"},{"vernacularName":"Pescecane","language":"it"},{"vernacularName":"Pesci can","language":"it"},{"vernacularName":"Pesse can","language":"it"},{"vernacularName":"Pisci bistinu","language":"it"},{"vernacularName":"Pisci cani","language":"it"},{"vernacularName":"Squalo bianco","language":"it"},{"vernacularName":"Tunnu palamitu di funnu","language":"it"},{"vernacularName":"cagnesca grande","language":"it"},{"vernacularName":"carcarodonte","language":"it"},{"vernacularName":"carcarodonte di rondelet","language":"it"},{"vernacularName":"carcarodonte lamia","language":"it"},{"vernacularName":"imbestinu","language":"it"},{"vernacularName":"mangia alice","language":"it"},{"vernacularName":"mastinu feru","language":"it"},{"vernacularName":"pesca can","language":"it"},{"vernacularName":"pesce can grande","language":"it"},{"vernacularName":"pesciu can","language":"it"},{"vernacularName":"pici bistinu","language":"it"},{"vernacularName":"pisci mastinu","language":"it"},{"vernacularName":"\u30db\u30db\u30b8\u30ed\u30b6\u30e1","language":"ja","eol_preferred":true},{"vernacularName":"Hohojirozame","language":"ja"},{"vernacularName":"hitokiuzame","language":"ja"},{"vernacularName":"oshirozame","language":"ja"},{"vernacularName":"\ubc31\uc0c1\uc544\ub9ac","language":"ko","eol_preferred":true},{"vernacularName":"baltasis ryklys","language":"lt","eol_preferred":true},{"vernacularName":"Masiake","language":"mg","eol_preferred":true},{"vernacularName":"Farao","language":"mg"},{"vernacularName":"hare hongi","language":"mi","eol_preferred":true},{"vernacularName":"mango-tuatini","language":"mi"},{"vernacularName":"taniwha","language":"mi"},{"vernacularName":"Huta tax-Xmara","language":"mt","eol_preferred":true},{"vernacularName":"Kelb Abjad","language":"mt"},{"vernacularName":"Kelb il - bahar Abjad","language":"mt"},{"vernacularName":"Kelb il-bahar","language":"mt"},{"vernacularName":"Silfjun","language":"mt"},{"vernacularName":"gab doll","language":"mt"},{"vernacularName":"kelb-il-bahar abjad","language":"mt"},{"vernacularName":"Witte haai","language":"nl","eol_preferred":true},{"vernacularName":"Mensen haai","language":"nl"},{"vernacularName":"Mensenhaai","language":"nl"},{"vernacularName":"Wittehaai","language":"nl"},{"vernacularName":"Hvithai","language":"no","eol_preferred":true},{"vernacularName":"haa skieding","language":"no"},{"vernacularName":"\u017car\u0142acz bia\u0142y","language":"pl","eol_preferred":true},{"vernacularName":"Zarlacz ludojad","language":"pl"},{"vernacularName":"tubar\u00e2o branco","language":"pt","eol_preferred":true},{"vernacularName":"Alequim","language":"pt"},{"vernacularName":"Anequim","language":"pt"},{"vernacularName":"Anequin","language":"pt"},{"vernacularName":"Ca\u00e7\u00e3o-anequim","language":"pt"},{"vernacularName":"Ca\u00e7\u00e3o-anequin","language":"pt"},{"vernacularName":"Iperu","language":"pt"},{"vernacularName":"Tubar\u00e3o branco","language":"pt"},{"vernacularName":"Tubar\u00e3o de S\u00e3o Tome","language":"pt"},{"vernacularName":"Tubar\u00e3o de S\u00e3o Tom\u00e9","language":"pt"},{"vernacularName":"Tubar\u00e3o-anequim","language":"pt"},{"vernacularName":"Tubar\u00e3o-branco","language":"pt"},{"vernacularName":"Tubar\u00e3o-come-homens","language":"pt"},{"vernacularName":"Tubar\u00e3o-de-S\u00e3o-Tom\u00e9","language":"pt"},{"vernacularName":"tabarao","language":"pt"},{"vernacularName":"tubarao de sao tom\u00e9","language":"pt"},{"vernacularName":"tubar\u00e3o","language":"pt"},{"vernacularName":"Rechin alb","language":"ro","eol_preferred":true},{"vernacularName":"Rechin mancator de oameni","language":"ro"},{"vernacularName":"\u0411\u043e\u043b\u044c\u0448\u0430\u044f \u0431\u0435\u043b\u0430\u044f \u0430\u043a\u0443\u043b\u0430","language":"ru","eol_preferred":true},{"vernacularName":"Geldevaja akula","language":"ru"},{"vernacularName":"\u043a\u0430\u0440\u0445\u0430\u0440\u043e\u0434\u043e\u043d \u043c\u0435\u0433\u0430\u043b\u043e\u0434\u043e\u043d","language":"ru"},{"vernacularName":"\u043c\u0435\u0433\u0430\u043b\u043e\u0434\u043e\u043d","language":"ru"},{"vernacularName":"veliki beli morski pes","language":"sl","eol_preferred":true},{"vernacularName":"tanifa","language":"sm","eol_preferred":true},{"vernacularName":"peshkaqen njeringr\u00ebn\u00ebs","language":"sq","eol_preferred":true},{"vernacularName":"Peshkagen njeringrenes","language":"sq"},{"vernacularName":"Peshkaqen njeringrenes","language":"sq"},{"vernacularName":"velika bela ajkula","language":"sr","eol_preferred":true},{"vernacularName":"Pas liudo\u009eder","language":"sr"},{"vernacularName":"Pas liudo\u017eder","language":"sr"},{"vernacularName":"Pas modrulj","language":"sr"},{"vernacularName":"bela ajkula","language":"sr"},{"vernacularName":"Vithaj","language":"sv","eol_preferred":true},{"vernacularName":"Stor vit haj","language":"sv"},{"vernacularName":"Pating","language":"tl","eol_preferred":true},{"vernacularName":"b\u00fcy\u00fck beyaz k\u00f6pekbal\u0131\u011f\u0131","language":"tr","eol_preferred":true},{"vernacularName":"Buyuk beyaz kopekbaligi","language":"tr"},{"vernacularName":"Canavar baligi","language":"tr"},{"vernacularName":"Canavar bal\u0131\u011f\u0131","language":"tr"},{"vernacularName":"Harharias baligi","language":"tr"},{"vernacularName":"Harharias bal\u0131\u011f\u0131","language":"tr"},{"vernacularName":"Karkarias","language":"tr"},{"vernacularName":"Karkarias baligi","language":"tr"},{"vernacularName":"Karkarias bal\u0131\u011f\u0131","language":"tr"},{"vernacularName":"\u0410\u043a\u0443\u043b\u0430 \u0432\u0435\u043b\u0438\u043a\u0430 \u0431\u0456\u043b\u0430","language":"uk","eol_preferred":true},{"vernacularName":"\u0411\u0456\u043b\u0430 \u0430\u043a\u0443\u043b\u0430","language":"uk"},{"vernacularName":"\u0412\u0435\u043b\u0438\u043a\u0430 \u0431\u0456\u043b\u0430 \u0430\u043a\u0443\u043b\u0430","language":"uk"},{"vernacularName":"C\u00e1 M\u1eadp tr\u1eafng","language":"vi","eol_preferred":true},{"vernacularName":"C\u00e1 M?p tr?ng","language":"vi"}],"image":{"objectId":"b15ee93659294ab1ccd6afe13e40b859","identifier":"b15ee93659294ab1ccd6afe13e40b859","title":"File:Carcharodon carcharias.jpg","licence":"http:\/\/creativecommons.org\/licenses\/publicdomain\/","rights":null,"credits":"<a href='http:\/\/commons.wikimedia.org\/wiki\/User:Sharkdiver.com'>Sharkdiver.com<\/a>&copy; ","description":null,"mimeType":"jpg","fileName":"b15ee93659294ab1ccd6afe13e40b859.jpg","URL":"http:\/\/media.eol.org\/content\/2012\/06\/13\/06\/48845_orig.jpg"}},"48133363":{"collectionid":29642,"pageid":328582,"taxonConceptId":48133363,"taxonName":"Ursus americanus","textDesc":{"objectId":"42629f4d7d43e8a4485da497bd606cef","identifier":"42629f4d7d43e8a4485da497bd606cef","title":"Description","licence":"http:\/\/creativecommons.org\/licenses\/by\/3.0\/","rights":null,"credits":"&copy; Smithsonian Institution","description":"Most Black Bears hibernate for up to seven months, and do not eat, drink, urinate, or exercise the entire time. <br\/>In the South, where plant food is available all year, not all bears hibernate\u2014but pregnant females do. The female <br\/>gives birth to 1-6 cubs (usually 2 or 3) in January, while she is deep asleep in her den. The newborn cubs snuggle <br\/>next to her for warmth and nurse while she fasts. They grow from a birth weight of 200-450 g each (about 7-16 pounds) <br\/>to the 2-5 kg they will weigh when the family leaves the den in the spring. Black Bears eat a little meat, and some <br\/>insects, but they rely on fruit, nuts, and vegetation for the bulk of their nutritional needs. They are not all <br\/>black. Most are, with brown muzzles, but in some western forests they are brown, cinnamon, or blond, and a few, <br\/>in southern Alaska and British Columbia, are creamy white or bluish-gray.<br><br>Adaptation: In the Black <br\/>Bear, <I>Ursus americanus<\/I>, the evolution of typically carnivorous, sharp shearing molars into the flat <br\/>crushing teeth, typical of bears, is evident.<br><br>Links:<br><A href=\u0022http:\/\/www.bucknell.edu\/msw3\/\u0022 <br\/>target=\u0022_blank\u0022>Mammal Species of the World<\/A><br> "},"flathierarchy":[{"sourceIdentifier":"6850392","taxonID":48133363,"parentNameUsageID":48133344,"taxonConceptID":328582,"scientificName":"Ursus americanus Pallas, 1780","taxonRank":"Species","type":"leaf"}],"preferredCommonNames":{"vernacularName":"American black bear","language":"en","eol_preferred":true},"commonNames":[{"vernacularName":"American black bear","language":"en","eol_preferred":true},{"vernacularName":"black bear","language":"en"},{"vernacularName":"Oso negro americano","language":"es","eol_preferred":true},{"vernacularName":"Oso negro","language":"es"},{"vernacularName":"ours noir","language":"fr","eol_preferred":true},{"vernacularName":"Amerikaanse zwarte beer","language":"nl","eol_preferred":true}],"image":{"objectId":"0941bf0db157a1da6660c90398d68f30","identifier":"0941bf0db157a1da6660c90398d68f30","title":"Ursus americanus (American Black Bear)","licence":"http:\/\/creativecommons.org\/licenses\/by-nc-sa\/2.0\/","rights":null,"credits":"<a href='http:\/\/www.flickr.com\/photos\/32005048@N06'>Arthur Chapman<\/a>&copy; ","description":null,"mimeType":"jpg","fileName":"0941bf0db157a1da6660c90398d68f30.jpg","URL":"http:\/\/media.eol.org\/content\/2012\/05\/05\/01\/75157_orig.jpg"}}}